event_id,company,instrument,round_label,announced_on,amount,currency,amount_usd,qualifier,amount_kind,obligated_usd,disbursed_usd
aalo-seed-2023,aalo-atomics,equity,Seed,2023-04-11,6260000.0,USD,6260000.0,exact,new_money,,
aalo-series-a-2024,aalo-atomics,equity,Series A,2024-08-14,27000000.0,USD,27000000.0,exact,new_money,,
aalo-series-b-2025,aalo-atomics,equity,Series B,2025-08-19,100000000.0,USD,100000000.0,exact,new_money,,
aalo-cumulative-300m-2026,aalo-atomics,equity,cumulative venture capital raised,2026-10-05,300000000.0,USD,300000000.0,over,cumulative,,
advanced-conductor-technologies-desc0007660,advanced-conductor-technologies,grant,DESC0007660,2012-02-15,1149925.0,USD,1149925.0,exact,new_money,1149925.0,
advanced-conductor-technologies-desc0009545,advanced-conductor-technologies,grant,DESC0009545,2013-01-31,1147874.44,USD,1147874.44,exact,new_money,1147874.44,19999.0
advanced-conductor-technologies-desc0009485,advanced-conductor-technologies,grant,DESC0009485,2013-02-06,149279.0,USD,149279.0,exact,new_money,149279.0,
advanced-conductor-technologies-desc0013723,advanced-conductor-technologies,grant,DESC0013723,2015-05-21,2285098.0,USD,2285098.0,exact,new_money,2285098.0,1160098.0
advanced-conductor-technologies-desc0015775,advanced-conductor-technologies,grant,DESC0015775,2016-06-08,1149998.0,USD,1149998.0,exact,new_money,1149998.0,199998.0
advanced-conductor-technologies-desc0018125,advanced-conductor-technologies,grant,DESC0018125,2017-09-05,1149999.0,USD,1149999.0,exact,new_money,1149999.0,660000.0
advanced-conductor-technologies-desc0018127,advanced-conductor-technologies,grant,DESC0018127,2017-09-06,1150000.0,USD,1150000.0,exact,new_money,1150000.0,575000.0
advanced-conductor-technologies-desc0018706,advanced-conductor-technologies,grant,DESC0018706,2018-06-15,149088.34,USD,149088.34,exact,new_money,149088.34,15000.0
advanced-conductor-technologies-desc0018710,advanced-conductor-technologies,grant,DESC0018710,2018-06-26,149822.3,USD,149822.3,exact,new_money,149822.3,
advanced-conductor-technologies-desc0019934,advanced-conductor-technologies,grant,DESC0019934,2019-07-02,2500000.0,USD,2500000.0,exact,new_money,2500000.0,2475000.0
advanced-conductor-technologies-desc0020710,advanced-conductor-technologies,grant,DESC0020710,2020-06-24,200000.0,USD,200000.0,exact,new_money,200000.0,200000.0
advanced-conductor-technologies-desc0021687,advanced-conductor-technologies,grant,DESC0021687,2021-06-08,200000.0,USD,200000.0,exact,new_money,200000.0,200000.0
advanced-conductor-technologies-dear0001459,advanced-conductor-technologies,grant,DEAR0001459,2021-08-18,1499526.0,USD,1499526.0,exact,new_money,1499526.0,1499526.0
advanced-conductor-technologies-desc0024288,advanced-conductor-technologies,grant,DESC0024288,2023-09-26,200000.0,USD,200000.0,exact,new_money,200000.0,200000.0
advanced-conductor-technologies-desc0024159,advanced-conductor-technologies,grant,DESC0024159,2023-09-29,200000.0,USD,200000.0,exact,new_money,200000.0,200000.0
advanced-conductor-technologies-desc0024760,advanced-conductor-technologies,grant,DESC0024760,2024-03-08,1300000.0,USD,1300000.0,exact,new_money,1300000.0,800000.0
advanced-conductor-technologies-desc0025836,advanced-conductor-technologies,grant,DESC0025836,2025-05-09,200000.0,USD,200000.0,exact,new_money,200000.0,200000.0
advanced-conductor-technologies-desc0026890,advanced-conductor-technologies,grant,DESC0026890,2026-09-25,1400000.0,USD,1400000.0,exact,new_money,1400000.0,
alpha-tech-research-desc0022922,alpha-tech-research,grant,DESC0022922,2022-07-28,198753.0,USD,198753.0,exact,new_money,198753.0,198753.0
antares-seed-2023,antares-nuclear,equity,Seed,2023-10-31,8000000.0,USD,8000000.0,exact,new_money,,
antares-series-a-2024,antares-nuclear,equity,Series A,2024-10-30,30000000.0,USD,30000000.0,exact,new_money,,
antares-series-b-equity-2025,antares-nuclear,equity,Series B,2025-12-02,71000000.0,USD,71000000.0,exact,new_money,,
antares-series-b-debt-2025,antares-nuclear,debt,Series B (debt component),2025-12-02,25000000.0,USD,25000000.0,exact,new_money,,
antares-series-c-equity-2026,antares-nuclear,equity,Series C,2026-07-27,370000000.0,USD,370000000.0,exact,new_money,,
antares-series-c-debt-2026,antares-nuclear,debt,Series C (debt component),2026-07-27,100000000.0,USD,100000000.0,exact,new_money,,
antares-usaf-sbir-2024,antares-nuclear,grant,3 Phase 2 SBIR awards (US Air Force),2024-09-17,3750000.0,USD,3750000.0,exact,new_money,,
antares-doe-gain-voucher-2024,antares-nuclear,voucher,DOE GAIN voucher (ORNL core design audit),2024-09-25,,,,,new_money,,
antares-space-force-strategic-breakthrough-2026,antares-nuclear,other,"Strategic Breakthrough award (Dept of the Air Force, Space)",2026-09-11,161000000.0,USD,161000000.0,up_to,ceiling,,
arc-series-b-2025,arc-clean-technology,equity,Series B,2025-12-16,,,,,new_money,,
astral-2026-series-a,astral-systems,equity,Series A,2026-06-23,23000000.0,GBP,30396800.0,exact,new_money,,
atomic-canyon-seed-2025,atomic-canyon,equity,Seed,2025-05-28,7000000.0,USD,7000000.0,exact,new_money,,
avalanche-seed-2021,avalanche-energy,equity,Seed,2021-06-01,5130000.0,USD,5130000.0,exact,new_money,,
avalanche-nsf-grant-2023,avalanche-energy,grant,NSF,2023-06-01,275000.0,USD,275000.0,exact,new_money,,
avalanche-series-a-2023,avalanche-energy,equity,Series A,2023-04-01,40000000.0,USD,40000000.0,exact,new_money,,
avalanche-wa-green-jobs-2025,avalanche-energy,grant,Green Jobs Grant,2025-07-23,10000000.0,USD,10000000.0,exact,new_money,,
avalanche-2026-raise,avalanche-energy,equity,,2026-02-03,29000000.0,USD,29000000.0,exact,new_money,,
blue-energy-series-a-2024,blue-energy,equity,Series A,2024-10-08,45000000.0,USD,45000000.0,exact,new_money,,
blue-energy-380m-2026,blue-energy,other,"$380M financing (equity and debt, split not disclosed)",2026-04-21,380000000.0,USD,380000000.0,exact,new_money,,
blue-energy-constellation-2026,blue-energy,equity,Strategic investment (amount undisclosed),2026-07-16,,,,,new_money,,
blf-2026-09-merger-pipe,blue-laser-fusion,equity,"Reverse merger private placement (PIPE), Initial Closing",2026-09-04,25032287.5,USD,25032287.5,exact,new_money,,
canyon-magnet-energy-desc0025965,canyon-magnet-energy,grant,DESC0025965,2025-08-18,195629.0,USD,195629.0,exact,new_money,195629.0,72670.0
centrus-follow-on-2020-08,centrus-energy,follow_on,Underwritten public offering (Roth),2020-08-21,23500000.0,USD,23500000.0,exact,new_money,,
centrus-atm-2020-b-riley,centrus-energy,follow_on,"ATM programme (B. Riley, Lake Street)",2020-12-31,50000000.0,USD,50000000.0,up_to,ceiling,,
centrus-atm-2024-b-riley-lake-street-roth,centrus-energy,follow_on,"ATM programme (B. Riley, Lake Street, Roth), upsized May 2025",2024-02-09,200000000.0,USD,200000000.0,up_to,ceiling,,
centrus-convertible-2-25pct-2030,centrus-energy,debt,2.25% Convertible Senior Notes due 2030 (Rule 144A),2024-11-05,402500000.0,USD,402500000.0,exact,new_money,,
centrus-convertible-0pct-2032,centrus-energy,debt,0% Convertible Senior Notes due 2032 (Rule 144A),2025-08-12,805000000.0,USD,805000000.0,exact,new_money,,
centrus-atm-2025-11-sales-agreement,centrus-energy,follow_on,"ATM programme (Barclays, Citigroup, UBS and others)",2025-11-06,1000000000.0,USD,1000000000.0,up_to,ceiling,,
centrus-follow-on-2026-09,centrus-energy,follow_on,"Underwritten public offering of shares, pre-funded warrants and common warrants (Guggenheim)",2026-09-09,500000064.02,USD,500000064.02,exact,new_money,,
centrus-atm-sales-2021-2022,centrus-energy,follow_on,"ATM sales under the Dec 2020 sales agreement (prospectus supplement of 2020-12-31), cumulative to 2022-12-05",2022-12-05,48000000.0,USD,48000000.0,approx,new_money,,
centrus-atm-sales-2023,centrus-energy,follow_on,"ATM sales in calendar 2023 (722,568 shares; Dec 2020 sales agreement, Dec 2022 supplement)",2026-02-11,24400000.0,USD,24400000.0,approx,new_money,,
centrus-atm-sales-2024,centrus-energy,follow_on,"ATM sales in calendar 2024 (933,987 shares; Feb 2024 sales agreement)",2026-02-11,56700000.0,USD,56700000.0,approx,new_money,,
centrus-atm-sales-2025,centrus-energy,follow_on,"ATM sales in calendar 2025 (2,866,261 shares; Feb 2024 agreement until its Nov 2025 termination, then Nov 2025 agreement)",2026-02-11,533600000.0,USD,533600000.0,approx,new_money,,
centrus-atm-sales-2026-h1,centrus-energy,follow_on,"ATM sales in Q2 2026 (278,114 shares; Nov 2025 sales agreement)",2026-08-06,55000000.0,USD,55000000.0,approx,new_money,,
centrus-doe-haleu-demonstration-2019,centrus-energy,cost_share,HALEU Demonstration Contract (DOE),2019-10-31,115000000.0,USD,115000000.0,up_to,new_money,172974295.69,107363124.41
centrus-doe-haleu-operation-2022,centrus-energy,cost_share,"HALEU Operation Contract (DOE), base value",2022-11-10,150000000.0,USD,150000000.0,approx,new_money,,
centrus-doe-haleu-operation-phase2-increment-2024,centrus-energy,other,HALEU Operation Contract Phase 2 incremental funding,2024-11-05,24000000.0,USD,24000000.0,approx,new_money,,
centrus-doe-haleu-operation-option1a-2025,centrus-energy,other,HALEU Operation Contract Option 1a funded value,2025-06-17,108200000.0,USD,108200000.0,exact,new_money,,
centrus-doe-haleu-task-order-2026,centrus-energy,other,"DOE HALEU enrichment task order, firm fixed price milestone payments",2026-01-05,900000000.0,USD,900000000.0,up_to,new_money,900000000.0,
centrus-usaspending-aco-doe-cumulative-b121,centrus-energy,other,USAspending cumulative DOE transactions to American Centrifuge Operating (recipient search ACO),2026-10-05,1376015708.17,USD,1376015708.17,exact,cumulative,1376015708.17,
centrus-usaspending-aco-doe-cumulative-c235,centrus-energy,other,USAspending cumulative DOE transactions to American Centrifuge Operating (recipient search CENTRUS ENERGY CORP.),2026-10-05,197353192.66,USD,197353192.66,exact,duplicate,197353192.66,
centrus-energy-dene0000530,centrus-energy,cost_share,DOE American Centrifuge Cascade Demonstration Test Program cooperative agreement DE-NE0000530,2012-11-30,147951761.0,USD,147951761.0,exact,new_money,147951761.0,
cfs-2018-03-eni-series-a-first-close,commonwealth-fusion-systems,equity,"Series A (first announced investment, Eni)",2018-03-09,50000000.0,USD,50000000.0,exact,duplicate,,
cfs-2019-06-series-a-115m,commonwealth-fusion-systems,equity,Series A,2019-06-28,114999971.0,USD,114999971.0,exact,new_money,,
cfs-2020-05-form-d-round,commonwealth-fusion-systems,equity,Unlabelled 2020 equity offering (SEC Form D),2020-05-26,80600007.0,USD,80600007.0,exact,new_money,,
cfs-2021-11-series-b-1-8b,commonwealth-fusion-systems,equity,Series B,2021-12-02,1816074299.0,USD,1816074299.0,exact,new_money,,
cfs-2025-08-series-b2-863m,commonwealth-fusion-systems,equity,Series B2,2025-08-28,863000000.0,USD,863000000.0,exact,new_money,,
cfs-2026-06-plynth-energy-stake,commonwealth-fusion-systems,equity,Strategic minority stake (Plynth Energy),2026-06-11,,,,,new_money,,
cfs-2026-07-additional-equity-1b,commonwealth-fusion-systems,equity,Additional equity financing (unlabelled),2026-07-30,1000000000.0,USD,1000000000.0,exact,new_money,,
cfs-2026-07-cumulative-4b,commonwealth-fusion-systems,equity,"Total capital raised since 2018 (statement, not a round)",2026-07-30,4000000000.0,USD,4000000000.0,exact,cumulative,,
cfs-2019-11-arpa-e-bethe,commonwealth-fusion-systems,grant,ARPA-E BETHE,2020-09-28,1288316.58,USD,1288316.58,exact,new_money,1288316.58,1199161.48
cfs-2021-09-doe-sc-desc0021623,commonwealth-fusion-systems,grant,DOE Office of Science project grant DESC0021623,2021-09-24,1537791.0,USD,1537791.0,exact,new_money,1537791.0,1537791.0
cfs-2023-05-doe-milestone-program,commonwealth-fusion-systems,grant,Milestone-Based Fusion Development Program (initial awards),2023-05-31,,,,,new_money,,
cfs-2026-02-ma-business-builds-grant,commonwealth-fusion-systems,grant,Massachusetts Business Builds Capital Grant,2026-02-11,2500000.0,USD,2500000.0,exact,new_money,,
cfs-infuse-2025-mechanical-characterization-of-neutron-irradiated-tungsten,commonwealth-fusion-systems,voucher,INFUSE 2025,2025-09-10,,,,,new_money,,
cfs-infuse-2024-solps-derived-separatrix-operating-space-scalings-for-inform,commonwealth-fusion-systems,voucher,INFUSE 2024,2024-08-08,,,,,new_money,,
cfs-infuse-2023-deuterium-retention-in-boron-dust,commonwealth-fusion-systems,voucher,INFUSE 2023,2023-07-25,,,,,new_money,,
cfs-infuse-2023-informing-arc-divertor-design-and-plasma-facing-material-sel,commonwealth-fusion-systems,voucher,INFUSE 2023,2023-07-25,,,,,new_money,,
cfs-infuse-2023-electrochemical-evaluation-of-hydrogen-concentration-and-dif,commonwealth-fusion-systems,voucher,INFUSE 2023,2023-07-25,,,,,new_money,,
cfs-infuse-2022a-characterization-of-turbulent-transport-and-confinement-in-a,commonwealth-fusion-systems,voucher,INFUSE 2022A,2023-06-15,,,,,new_money,,
cfs-infuse-2022b-a-modern-neutronics-modeling-uncertainty-methodology-towards,commonwealth-fusion-systems,voucher,INFUSE 2022B,2023-01-17,,,,,new_money,,
cfs-infuse-2022b-oxide-dispersion-strengthened-ferritic-steel-wire-feedstock,commonwealth-fusion-systems,voucher,INFUSE 2022B,2023-01-17,,,,,new_money,,
cfs-infuse-2022a-machine-learning-assisted-prediction-of-tungsten-heavy-alloy,commonwealth-fusion-systems,voucher,INFUSE 2022A,2022-06-15,,,,,new_money,,
cfs-infuse-2022a-agile-design-workflow-for-plasma-facing-fusion-components-wi,commonwealth-fusion-systems,voucher,INFUSE 2022A,2022-06-15,,,,,new_money,,
cfs-infuse-2022a-assessing-elm-mitigation-by-pellet-triggering-in-sparc-low-c,commonwealth-fusion-systems,voucher,INFUSE 2022A,2022-06-15,,,,,new_money,,
cfs-infuse-2021b-magnetic-pumps-for-molten-salt-fusion-devices,commonwealth-fusion-systems,voucher,INFUSE 2021B,2021-11-22,,,,,new_money,,
cfs-infuse-2021b-neutron-ion-handshake-for-fusion-materials,commonwealth-fusion-systems,voucher,INFUSE 2021B,2021-11-22,,,,,new_money,,
copenhagen-atomics-2025-eic-grant,copenhagen-atomics,grant,"EIC Accelerator, grant component (Th-MSR 101248098)",2025-07-02,2500000.0,EUR,2938750.0,exact,new_money,,
copenhagen-atomics-2025-eic-fund-equity-option,copenhagen-atomics,equity,"EIC Fund equity component (access, not a closed investment)",2025-07-02,15000000.0,EUR,17632500.0,up_to,ceiling,,
ctfusion-desc0018844,ctfusion,grant,DESC0018844,2018-08-07,148483.0,USD,148483.0,exact,new_money,148483.0,
ctfusion-dear0001098,ctfusion,grant,DEAR0001098,2019-07-01,3415525.01,USD,3415525.01,exact,new_money,3415525.01,2504721.46
curio-arpa-e-nucycle-2022,curio,grant,"ARPA-E CURIE award, Closing the Cycle with NuCycle (selection amount; obligation recorded separately)",2022-03-15,5000000.0,USD,5000000.0,exact,ceiling,,
curio-dear0001695,curio,grant,"ARPA-E CURIE cooperative agreement DE-AR0001695 (NuCycle), obligated to date",2023-03-07,100107.0,USD,100107.0,exact,new_money,100107.0,30007.0
deep-fission-safe-2023,deep-fission,other,SAFE notes (2023),2023-12-31,1500000.0,USD,1500000.0,approx,new_money,,
deep-fission-safe-2024,deep-fission,other,SAFE notes (2024),2024-12-31,8200000.0,USD,8200000.0,approx,new_money,,
deep-fission-safe-2025h1,deep-fission,other,SAFE notes (H1 2025),2025-06-30,1600000.0,USD,1600000.0,approx,new_money,,
deep-fission-pipe-2025,deep-fission,equity,Private placement at reverse merger (PIPE),2025-09-11,30000000.0,USD,30000000.0,approx,new_money,,
deep-fission-private-placement-2026,deep-fission,equity,Private placement (2026),2026-02-10,80000000.0,USD,80000000.0,exact,new_money,,
deep-fission-ipo-2026,deep-fission,ipo,"IPO (Nasdaq: FISN), 2,500,000 shares at $16.00",2026-06-22,40000000.0,USD,40000000.0,exact,new_money,,
deep-fission-gain-voucher-inl,deep-fission,voucher,DOE GAIN voucher (INL thermal-hydraulics modelling),2025-09-11,,,,,new_money,,
deep-isolation-dear0001621,deep-isolation,grant,DEAR0001621,2022-07-14,3590410.0,USD,3590410.0,exact,new_money,3590410.0,3492213.17
deep-isolation-dear0001797,deep-isolation,grant,DEAR0001797,2023-09-22,441674.0,USD,441674.0,exact,new_money,441674.0,441674.0
deep-isolation-desc0025094,deep-isolation,grant,DESC0025094,2024-08-23,199892.0,USD,199892.0,exact,new_money,199892.0,199892.0
deep-isolation-private-placement-2025,deep-isolation,equity,Private placement (concurrent with reverse merger),2025-07-24,33000000.0,USD,33000000.0,exact,new_money,,
deep-isolation-arpae-scaleup-ready-2026,deep-isolation,grant,ARPA-E SCALEUP Ready (selection),2026-04-07,,,,,ceiling,,
deep-isolation-doe-genesis-2026,deep-isolation,grant,"DOE Project GENESIS (three awards, partner on LBNL- and USC-led projects)",2026-07-23,,,,,new_money,,
elementl-form-d-2023,elementl-power,equity,Form D offering (unlabelled),2023-12-13,5000015.0,USD,5000015.0,exact,new_money,,
elementl-google-development-capital-2025,elementl-power,other,Google early-stage development capital for three nuclear sites,2025-05-07,,,,,new_money,,
ex-fusion-infuse-2025-1,ex-fusion,voucher,INFUSE 2025,2025-09-10,,,,,new_money,,
exofusion-dear0001995,exofusion,grant,DEAR0001995,2025-01-14,499946.0,USD,499946.0,exact,new_money,499946.0,223937.58
exofusion-infuse-2024-1,exofusion,voucher,INFUSE 2024,2024-08-08,,,,,new_money,,
first-light-fusion-seed-2011,first-light-fusion,equity,Seed,2011-07-01,,,,,new_money,,
first-light-fusion-beis-eef-2018,first-light-fusion,grant,BEIS Energy Entrepreneurs Fund grant (amount not stated),2018-12-06,,,,,new_money,,
first-light-fusion-oci-2020,first-light-fusion,equity,,2020-12-22,25000000.0,USD,25000000.0,exact,new_money,,
first-light-fusion-ukaea-fip-diagnostics-2025,first-light-fusion,grant,"UKAEA Fusion Industry Programme, sensing and diagnostics feasibility study (amount not stated)",2025-11-11,,,,,new_money,,
first-light-fusion-ukaea-fip-lithium-2026,first-light-fusion,grant,"UKAEA Fusion Industry Programme, Natural Lithium Shielding (amount not stated; programme total GBP 8.1M across 14 organisations)",2026-02-03,,,,,new_money,,
first-light-fusion-ukaea-simulation-2025,first-light-fusion,grant,UKAEA Industry Simulation Software for Fusion contract (amount not stated),2025-12-09,,,,,new_money,,
first-light-fusion-first-close-2026,first-light-fusion,equity,First close of new funding round,2026-04-21,25000000.0,GBP,33800000.0,exact,new_money,,
flibe-energy-dene0008845,flibe-energy,grant,DENE0008845,2019-03-29,852481.36,USD,852481.36,exact,new_money,852481.36,540234.79
focused-energy-series-a-2026,focused-energy,equity,Series A,2026-05-27,240000000.0,USD,240000000.0,exact,new_money,,
focused-energy-cumulative-private-2026,focused-energy,equity,Cumulative private capital (statement),2026-06-02,300000000.0,USD,300000000.0,exact,cumulative,,
focused-energy-doe-milestone-desc0024883,focused-energy,grant,DOE Milestone-Based Fusion Development Program,2024-06-03,7500000.0,USD,7500000.0,exact,new_money,7500000.0,2150000.0
focused-energy-eic-europa-101257418,focused-energy,grant,"EIC Pathfinder (EUROPA, grant agreement 101257418)",2025-12-18,125000.0,EUR,146487.5,exact,new_money,,
focused-energy-horizon-infra-4u-pi-101290656,focused-energy,grant,"Horizon Europe Research Infrastructures (4U-PI, grant agreement 101290656)",2026-05-07,252117.5,EUR,296742.3,exact,new_money,,
focused-energy-bmftr-laser-fusion-hub-2026,focused-energy,grant,BMFTR national Laser Fusion Hub (Fusion 2040),2026-07-29,,,,,new_money,,
fuse-2024-09-round-32m,fuse-energy-technologies,equity,Undisclosed round (Sep 2024),2024-09-16,32000000.0,USD,32000000.0,exact,new_money,,
fuse-2024-07-cumulative-20m,fuse-energy-technologies,equity,"Cumulative raised (Forbes, Jul 2024)",2024-07-03,20000000.0,USD,20000000.0,exact,cumulative,,
fuse-2025-04-cumulative-52m,fuse-energy-technologies,equity,"Cumulative raised (EO video, Apr 2025)",2025-04-23,52000000.0,USD,52000000.0,exact,cumulative,,
fuse-2024-02-afwerx-sbir,fuse-energy-technologies,grant,AFWERX SBIR contract,2024-02-27,,,,,new_money,,
gauss-fusion-founders-pre-seed-2023-02,gauss-fusion,equity,Founders' pre-seed,2023-02-28,8000000.0,EUR,8495200.0,exact,new_money,,
gauss-fusion-bmftr-fusion-hub-stride-2026-07,gauss-fusion,grant,BMFTR Fusion Hub STRIDE (stellarator),2026-07-29,,,,,new_money,,
general-fusion-series-d-2019,general-fusion,equity,"2019 financing round (reported; ""Series D"" label not evidenced)",2019-12-16,65000000.0,USD,65000000.0,approx,new_money,,
general-fusion-sif-2019,general-fusion,cost_share,SIF Stream 1 R&D contribution agreement (initial),2019-05-29,49275000.0,CAD,36489123.0,exact,new_money,,
general-fusion-nrc-iap-2020,general-fusion,grant,NRC Innovation Assistance Program,2020-04-01,680988.0,CAD,477358.97,exact,new_money,,
general-fusion-series-e-2021,general-fusion,equity,Series E,2021-11-30,130000000.0,USD,130000000.0,exact,new_money,,
general-fusion-series-f-2023,general-fusion,equity,Series F (first close; Class F Series 1),2023-08-09,20900000.0,USD,20900000.0,exact,new_money,,
general-fusion-bc-grant-2023,general-fusion,grant,Government of British Columbia grant,2023-08-09,5000000.0,CAD,3720500.0,exact,new_money,,
general-fusion-sif-2023-amendment,general-fusion,cost_share,"SIF contribution agreement, increase",2023-12-04,5000000.0,CAD,3692600.0,exact,new_money,,
general-fusion-sif-2025-amendment,general-fusion,cost_share,"SIF contribution agreement, third amendment",2025-01-22,15000000.0,CAD,10462500.0,exact,new_money,,
general-fusion-sif-2026-amendment,general-fusion,cost_share,SIF (now Strategic Response Fund) amended and restated contribution agreement,2026-03-26,5000000.0,CAD,3614050.0,exact,new_money,,
general-fusion-sif-cumulative-2026,general-fusion,cost_share,SIF agreement total value after amendment 4 (cumulative),2026-03-26,74275000.0,CAD,53686712.75,exact,cumulative,,
general-fusion-convertible-notes-2024,general-fusion,debt,Secured convertible promissory notes,2024-07-16,15800000.0,USD,15800000.0,exact,new_money,,
general-fusion-cnl-bdc-2024,general-fusion,equity,LM26 financing (CNL and BDC Capital; funded via the July 2024 secured convertible notes),2024-08-08,20000000.0,CAD,14553000.0,exact,duplicate,,
general-fusion-nserc-alliance-2024,general-fusion,grant,NSERC Alliance (with Simon Fraser University),2024-11-13,,,,,new_money,,
general-fusion-rights-offering-2025,general-fusion,equity,Rights Offering (US$22M headline financing),2025-08-21,18400000.0,USD,18400000.0,exact,new_money,,
general-fusion-safe-2025,general-fusion,equity,SAFE financing,2025-11-01,44500000.0,USD,44500000.0,exact,new_money,,
spring-valley-iii-ipo-2025,general-fusion,ipo,Spring Valley Acquisition Corp. III IPO (SPAC trust before redemptions; not General Fusion money),2025-09-03,230000000.0,USD,230000000.0,exact,ceiling,,
general-fusion-pipe-2026,general-fusion,equity,PIPE (convertible preferred shares and warrants),2026-01-22,105000000.0,USD,105000000.0,approx,new_money,,
general-fusion-spac-listing-2026,general-fusion,spac,Business combination with Spring Valley Acquisition Corp. III; Nasdaq listing as GFUZ,2026-01-22,,,,,new_money,,
general-fusion-infuse-srnl,general-fusion,voucher,DOE INFUSE (Savannah River National Laboratory fuel-cycle study),2026-05-04,,,,,new_money,,
gle-doe-innovative-technology-award-2026,global-laser-enrichment,grant,DOE Innovative Technology award,2026-01-05,28000000.0,USD,28000000.0,exact,new_money,28443912.0,3006774.61
gle-kentucky-incentives-2026,global-laser-enrichment,other,Commonwealth of Kentucky and McCracken County incentive package (preliminary approval),2026-03-26,98900000.0,USD,98900000.0,up_to,ceiling,,
hadron-spac-gigcapital7-2026,hadron-energy,spac,Business combination with GigCapital7 Corp.,2025-09-27,22944000.0,USD,22944000.0,approx,new_money,,
hadron-form-d-2024,hadron-energy,equity,"Form D offering (Rule 506(c), pre-SPAC private placement)",2024-07-29,9935500.0,USD,9935500.0,exact,new_money,,
hb11-energy-infuse-2023-1,hb11-energy,voucher,INFUSE 2023,2023-07-25,,,,,new_money,,
helical-series-a-2025-07,helical-fusion,equity,Series A,2025-07-11,2300000000.0,JPY,15640000.0,exact,new_money,,
helical-series-a-extension-2025-12,helical-fusion,equity,Series A Extension,2025-12-05,870000000.0,JPY,5602800.0,approx,new_money,,
helical-tokyo-zero-emission-2026,helical-fusion,grant,Tokyo Metropolitan Govt Innovation Promotion Program for Realizing Zero Emission Tokyo (FY2026),2026-04-06,1000000000.0,JPY,6270000.0,up_to,ceiling,,
helical-aichi-deeptech-launchpad-2025,helical-fusion,grant,Aichi Deeptech Launchpad 2025,2025-07-15,40000000.0,JPY,270400.0,approx,new_money,,
helicity-space-infuse-2025-1,helicity-space,voucher,INFUSE 2025,2025-09-10,,,,,new_money,,
helicity-space-infuse-022a-2,helicity-space,voucher,INFUSE 2022A,2022-06-15,,,,,new_money,,
helion-seed-2014-08,helion-energy,equity,Seed,2014-08-14,1499986.0,USD,1499986.0,exact,new_money,,
helion-form-d-2015-06,helion-energy,equity,,2015-07-06,10614202.0,USD,10614202.0,exact,new_money,,
helion-series-d-2020-09,helion-energy,equity,Series D,2020-09-23,40000000.0,USD,40000000.0,exact,new_money,,
helion-series-e-2021-11,helion-energy,equity,Series E,2021-11-05,500000000.0,USD,500000000.0,exact,new_money,,
helion-nucor-investment-2023-09,helion-energy,equity,Strategic investment,2023-09-27,,,,,new_money,,
helion-series-f-2025-01,helion-energy,equity,Series F,2025-01-28,425000000.0,USD,425000000.0,exact,new_money,,
helion-series-g-2026-06-initial,helion-energy,equity,Series G,2026-06-04,465000000.0,USD,465000000.0,exact,new_money,,
helion-series-g-2026-09-final,helion-energy,equity,Series G (final close),2026-09-15,500000000.0,USD,500000000.0,exact,new_money,,
helion-arpa-e-alpha-2014,helion-energy,grant,Compression of FRC Targets for Fusion,2015-09-29,3971263.0,USD,3971263.0,exact,new_money,3971263.0,
helion-cumulative-2020-09,helion-energy,equity,Cumulative to date,2020-09-23,77800000.0,USD,77800000.0,exact,cumulative,,
helion-cumulative-2021-11-gov-grants,helion-energy,grant,Cumulative government grants to date,2021-11-05,5000000.0,USD,5000000.0,exact,cumulative,,
helion-cumulative-2025-01,helion-energy,equity,Cumulative to date,2025-01-28,1000000000.0,USD,1000000000.0,over,cumulative,,
helion-cumulative-2026-06,helion-energy,equity,Cumulative to date,2026-06-04,1500000000.0,USD,1500000000.0,exact,cumulative,,
hexium-seed-form-d-2024,hexium,equity,Form D,2024-07-24,7999991.0,USD,7999991.0,exact,duplicate,,
hexium-seed-2025,hexium,equity,Seed,2025-04-15,9500000.0,USD,9500000.0,exact,new_money,,
hexium-credit-facility-2025,hexium,debt,credit facility,2025-04-15,2500000.0,USD,2500000.0,exact,ceiling,,
high-temperature-superconductors-inc-dear0001815,high-temperature-superconductors-inc,grant,DEAR0001815,2024-04-15,6000000.0,USD,6000000.0,exact,new_money,6000000.0,3966980.84
holosgen-dear0000984,holosgen,grant,DEAR0000984,2018-09-20,1948613.17,USD,1948613.17,exact,new_money,1948613.17,1030287.49
holtec-2024-doe-palisades-loan,holtec-international,debt,"DOE loan guarantee facility (FFB loan), Palisades restart (borrower Holtec Palisades LLC)",2024-07-31,1520000000.0,USD,1520000000.0,up_to,ceiling,,
holtec-doe-palisades-loan-advances-to-2026h1,holtec-international,debt,"FFB advances drawn under the DOE-guaranteed Palisades facility, 2025-01-17 to 2026-06-30",2026-09-08,1000000000.0,USD,1000000000.0,approx,new_money,,
holtec-2026-ipo-withdrawn,holtec-international,ipo,WITHDRAWN IPO of Holtec Nuclear Corporation (Nasdaq HNUC); no securities sold,2026-07-10,,,,,new_money,,
holtec-international-dene0008833,holtec-international,grant,DOE-NE U.S. Industry Opportunities cooperative agreement DE-NE0008833 (recipient Holtec Government Services LLC),2020-03-26,5006612.0,USD,5006612.0,exact,new_money,5006612.0,3390132.09
holtec-international-dene0008843,holtec-international,grant,"DOE-NE U.S. Industry Opportunities cooperative agreement DE-NE0008843, SMR-160 passive safety test programme (recipient Holtec Government Services LLC)",2020-09-08,182211.2,USD,182211.2,exact,new_money,182211.2,94102.55
holtec-international-dene0009055,holtec-international,grant,"DOE ARDP risk-reduction cooperative agreement DE-NE0009055, SMR-160 (recipient Holtec Government Services LLC)",2021-11-01,104148813.0,USD,104148813.0,exact,new_money,104148813.0,104140465.13
holtec-international-dene0009336,holtec-international,grant,DOE consent-based siting grant DE-NE0009336 (recipient Holtec Government Services LLC),2023-09-25,1986226.0,USD,1986226.0,exact,new_money,1986226.0,1142699.34
hyperjet-fusion-desc0018765,hyperjet-fusion,grant,DESC0018765,2018-07-06,150000.0,USD,150000.0,exact,new_money,150000.0,
hyperjet-fusion-dear0001236,hyperjet-fusion,grant,DEAR0001236,2020-03-27,500000.0,USD,500000.0,exact,new_money,500000.0,150000.0
hyperjet-fusion-dear0001268,hyperjet-fusion,grant,DEAR0001268,2020-06-29,2838034.0,USD,2838034.0,exact,new_money,2838034.0,2066080.46
inertia-series-a-2026,inertia-enterprises,equity,Series A,2026-02-11,450000000.0,USD,450000000.0,up_to,new_money,,
jimmy-2026-france-2030-phase-two,jimmy-energy,grant,"France 2030 innovative nuclear reactors, Phase Two",2026-03-10,40000000.0,EUR,46564000.0,exact,new_money,,
jimmy-2026-equity-round,jimmy-energy,equity,2026 fundraising round (private half of EUR80M),2026-03-10,40000000.0,EUR,46564000.0,exact,new_money,,
jupiter-volta-dear0002055,jupiter-volta,grant,DEAR0002055,2026-03-26,3650757.0,USD,3650757.0,exact,new_money,3650757.0,38465.24
ardp-doe-announced-2020,kairos-power,cost_share,ARDP Risk Reduction for Future Demonstration (Hermes),2020-12-16,303000000.0,USD,303000000.0,exact,duplicate,,
ardp-doe-tia-2024,kairos-power,cost_share,ARDP risk reduction Technology Investment Agreement (fixed-price milestones),2024-02-21,303000000.0,USD,303000000.0,up_to,ceiling,,
ardp-usaspending-obligated,kairos-power,cost_share,ARDP risk reduction award DENE0009325 as recorded in USAspending,2024-02-12,135000000.0,USD,135000000.0,exact,new_money,135000000.0,126858000.0
doe-industry-opportunities-2020,kairos-power,grant,U.S. Industry Opportunities for Advanced Nuclear Technology Development (DE-FOA-0001817),2020-03-26,500000.0,USD,500000.0,exact,new_money,500000.0,
samsung-ct-strategic-investment-2026,kairos-power,equity,Strategic investment (binding term sheet),2026-09-21,100000000.0,USD,100000000.0,up_to,ceiling,,
kf-series-d-first-close-equity-2026-08,kyoto-fusioneering,equity,Series D (first close),2026-08-24,16720000000.0,JPY,105001600.0,exact,new_money,,
kf-series-d-credit-facilities-2026-08,kyoto-fusioneering,debt,Series D package: credit and loan facilities,2026-08-24,9000000000.0,JPY,56520000.0,up_to,ceiling,,
kf-series-c-ext-final-close-equity-2025-09,kyoto-fusioneering,equity,"Series C Extension (final close, new equity)",2025-09-09,1450000000.0,JPY,9874500.0,exact,new_money,,
kf-series-c-ext-debt-2025-09,kyoto-fusioneering,debt,Series C Extension package: debt financing and credit facilities,2025-09-09,5300000000.0,JPY,36093000.0,up_to,ceiling,,
kf-series-c-ext-2nd-close-2024-07,kyoto-fusioneering,equity,Series C Extension (2nd close),2024-07-23,1070000000.0,JPY,6848000.0,exact,new_money,,
kf-nedo-gx-deeptech-sts-2024,kyoto-fusioneering,grant,"NEDO Deep-Tech Startups Support Program (GX), STS phase",2024-09-12,499000000.0,JPY,3502980.0,exact,new_money,,
kf-bmbf-syrvbrett-2024-12,kyoto-fusioneering,grant,BMBF Fusion 2040: SyrVBreTT (Kyoto Fusioneering Europe GmbH),2024-12-18,2500000.0,EUR,2624000.0,over,new_money,,
kf-bmbf-kalias-2024-12,kyoto-fusioneering,grant,BMBF Fusion 2040: KaLiAS (Kyoto Fusioneering Europe GmbH),2024-12-04,,,,,new_money,,
last-energy-series-b-2024,last-energy,equity,Series B,2024-08-29,40000000.0,USD,40000000.0,exact,new_money,,
last-energy-cumulative-64m-2024,last-energy,equity,cumulative capital raised to Aug 2024,2024-08-29,64000000.0,USD,64000000.0,exact,cumulative,,
last-energy-series-c-2025,last-energy,equity,Series C,2025-12-16,100000000.0,USD,100000000.0,over,new_money,,
last-energy-doe-ott-voucher-2024,last-energy,voucher,DOE Clean Technology Accelerator (in-kind voucher),2024-10-29,,,,,new_money,,
lightbridge-stifel-atm-2019,lightbridge,follow_on,ATM programme (Stifel),2019-05-28,,,,,ceiling,,
lightbridge-jefferies-atm-2025,lightbridge,follow_on,ATM programme (Jefferies),2025-06-05,75000000.0,USD,75000000.0,up_to,ceiling,,
lightbridge-stifel-atm-sales-2024,lightbridge,follow_on,"ATM sales under Stifel agreement, FY2024 (net proceeds)",2026-02-26,21400000.0,USD,21400000.0,exact,new_money,,
lightbridge-stifel-atm-sales-2025,lightbridge,follow_on,"ATM sales under Stifel agreement, 2025 (net proceeds)",2026-02-26,36400000.0,USD,36400000.0,exact,new_money,,
lightbridge-jefferies-atm-sales-2025,lightbridge,follow_on,"ATM sales under Jefferies agreement, 2025 (net proceeds)",2026-02-26,139600000.0,USD,139600000.0,exact,new_money,,
lightbridge-jefferies-atm-sales-2026q1,lightbridge,follow_on,"ATM sales under Jefferies agreement, Jan 1 to Feb 26 2026 (net proceeds)",2026-02-26,10900000.0,USD,10900000.0,approx,new_money,,
lis-technologies-round-2026-01,lis-technologies,equity,Fourth oversubscribed funding round,2026-01-13,17000000.0,USD,17000000.0,exact,new_money,,
lis-technologies-cumulative-2026-01,lis-technologies,equity,Cumulative funding to date,2026-01-13,64000000.0,USD,64000000.0,exact,cumulative,,
lis-form-d-2023-03-15,lis-technologies,equity,Form D offering (unlabelled; first sale 2023-03-15),2023-08-22,107406.0,USD,107406.0,exact,new_money,,
lis-form-d-2023-08-02,lis-technologies,equity,Form D offering (unlabelled; first sale 2023-08-02),2023-08-22,334023.0,USD,334023.0,exact,new_money,,
lis-form-d-2024-03-15,lis-technologies,equity,Form D offering (unlabelled; first sale 2024-03-15),2024-03-22,1304551.0,USD,1304551.0,exact,new_money,,
lis-form-d-2024-08-16,lis-technologies,equity,Form D offering (unlabelled; first sale 2024-08-16),2024-08-19,8589536.0,USD,8589536.0,exact,new_money,,
lis-form-d-2024-12-04,lis-technologies,equity,Form D offering (unlabelled; first sale 2024-12-04),2024-12-04,21536136.0,USD,21536136.0,exact,new_money,,
lis-form-d-2025-05-16,lis-technologies,equity,Form D offering (unlabelled; first sale 2025-05-16),2025-05-16,9645774.0,USD,9645774.0,exact,new_money,,
lis-form-d-2026-03-18,lis-technologies,equity,Form D offering (unlabelled; first sale 2026-03-18),2026-03-24,7017780.0,USD,7017780.0,exact,new_money,,
magneto-inertial-fusion-technologies-infuse-022a-1,magneto-inertial-fusion-technologies,voucher,INFUSE 2022A,2022-06-15,,,,,new_money,,
magneto-inertial-fusion-technologies-infuse-022a-2,magneto-inertial-fusion-technologies,voucher,INFUSE 2022A,2022-06-15,,,,,new_money,,
magneto-inertial-fusion-technologies-infuse-021b-3,magneto-inertial-fusion-technologies,voucher,INFUSE 2021B,2021-11-22,,,,,new_money,,
marathon-arpae-create-2023,marathon-fusion,grant,ARPA-E CREATE,2023-08-03,450000.0,USD,450000.0,exact,new_money,449065.26,449064.89
marathon-seed-form-d-2024,marathon-fusion,equity,SAFE (Form D),2024-02-05,5049793.0,USD,5049793.0,exact,duplicate,,
marathon-seed-2024,marathon-fusion,equity,Seed,2024-07-18,5900000.0,USD,5900000.0,exact,new_money,,
marathon-cumulative-2024-07,marathon-fusion,other,cumulative funding statement,2024-07-18,6900000.0,USD,6900000.0,exact,cumulative,,
marathon-infuse-2024,marathon-fusion,voucher,INFUSE,2024-08-08,,,,,new_money,,
marathon-fusion-dear0002075,marathon-fusion,grant,ARPA-E OPEN 2024 cooperative agreement DE-AR0002075 (partial ionization centrifuge),2026-03-06,3630998.0,USD,3630998.0,exact,new_money,3630998.0,242506.9
marvel-fusion-series-b-2024,marvel-fusion,equity,Series B,2024-09-26,62800000.0,EUR,70053400.0,exact,new_money,,
marvel-fusion-series-b-extension-2025,marvel-fusion,equity,Series B extension,2025-03-27,50000000.0,EUR,53925000.0,exact,new_money,,
marvel-fusion-cumulative-2025-03,marvel-fusion,other,Cumulative funding statement,2025-03-27,385000000.0,EUR,415222500.0,exact,cumulative,,
marvel-fusion-eic-accelerator-grant-2024,marvel-fusion,grant,"EIC Accelerator (CFE-NANO, grant 101189082)",2024-11-30,2489221.49,EUR,2629115.74,exact,new_money,,
marvel-fusion-doe-infuse-2025,marvel-fusion,grant,DOE INFUSE award,2025-09-22,,,,,new_money,,
marvel-fusion-fusiotile-bmftr-2025,marvel-fusion,grant,FusioTile (BMFTR consortium project),2025-11-20,,,,,new_money,,
marvel-fusion-bmftr-laser-fusion-hub-2026,marvel-fusion,grant,BMFTR Laser Fusion Hub (Hubs for Fusion),2026-07-29,,,,,new_money,,
metox-fg02-07er84691,metox,grant,FG02-07ER84691,2007-06-14,841835.0,USD,841835.0,exact,new_money,841835.0,
metox-defg0207er84691,metox,grant,DEFG0207ER84691,2009-07-29,371179.0,USD,371179.0,exact,duplicate,371179.0,
metox-desc0001005,metox,grant,DESC0001005,2009-08-19,98509.0,USD,98509.0,exact,new_money,98509.0,
metox-desc0004707,metox,grant,DESC0004707,2010-08-06,199047.0,USD,199047.0,exact,new_money,199047.0,
metox-dear0001816,metox,grant,DEAR0001816,2024-04-29,3000000.0,USD,3000000.0,exact,new_money,3000000.0,2438507.36
metox-dems0000131,metox,grant,DEMS0000131,2024-12-20,80001256.0,USD,80001256.0,exact,new_money,80001256.0,
molten-salt-solutions-infuse-2025-1,molten-salt-solutions,voucher,INFUSE 2025,2025-09-10,,,,,new_money,,
moltex-2020-canada-sif,moltex-energy,debt,"ISED Strategic Innovation Fund, Stream 1 R&D (repayable contribution)",2020-09-30,47500000.0,CAD,35476325.0,up_to,new_money,,
moltex-2021-acoa-regi-1,moltex-energy,grant,ACOA REGI Business Scale-up and Productivity (first contribution),2021-02-12,3000000.0,CAD,2355960.0,up_to,new_money,,
moltex-2024-acoa-regi-2,moltex-energy,grant,ACOA REGI Business Scale-up and Productivity (second contribution),2024-01-30,2666667.0,CAD,1985893.58,up_to,new_money,,
moltex-cumulative-funding,moltex-energy,other,"Cumulative private and public funding (company statement, not a round)",2026-08-13,96000000.0,CAD,68821440.0,over,cumulative,,
moltex-energy-dear0000989,moltex-energy,grant,ARPA-E MEITNER cooperative agreement DE-AR0000989 (recipient Moltex Energy USA LLC),2019-04-09,239160.55,USD,239160.55,exact,new_money,239160.55,239160.55
moltex-energy-dear0001296,moltex-energy,grant,ARPA-E GEMINA cooperative agreement DE-AR0001296 (recipient Moltex Energy USA LLC),2020-09-23,19702.02,USD,19702.02,exact,new_money,19702.02,7513.7
naarea-cumulative-raised,naarea,other,"Cumulative successive fundraisings (press statement, not a round)",2026-01-15,90000000.0,EUR,104616000.0,approx,cumulative,,
naarea-france-2030-grant,naarea,grant,France 2030 public money (award date not stated; announced_on = article date),2026-01-15,10000000.0,EUR,11624000.0,approx,new_money,,
nano-seed-2022,nano-nuclear-energy,equity,Seed,2022-03-01,375000.0,USD,375000.0,exact,new_money,,
nano-angel-2022,nano-nuclear-energy,equity,Angel Round,2022-04-01,4146869.0,USD,4146869.0,exact,new_money,,
nano-series-a-2023,nano-nuclear-energy,equity,Series A,2023-04-01,1945000.0,USD,1945000.0,exact,new_money,,
nano-series-b-2024,nano-nuclear-energy,equity,Series B,2023-12-01,2466437.0,USD,2466437.0,exact,new_money,,
nano-ipo-2024,nano-nuclear-energy,ipo,"Initial public offering (Nasdaq: NNE, $4.00/share, Benchmark Company sole book-runner)",2024-05-07,10250000.0,USD,10250000.0,approx,new_money,,
nano-follow-on-2024-07,nano-nuclear-energy,follow_on,"July 2024 firm-commitment follow-on (units, $20.00)",2024-07-11,18000000.0,USD,18000000.0,approx,new_money,,
nano-follow-on-2024-10,nano-nuclear-energy,follow_on,"October 2024 firm-commitment follow-on (units, $17.00)",2024-10-23,36000000.0,USD,36000000.0,approx,new_money,,
nano-pipe-2024-11,nano-nuclear-energy,equity,November 2024 private placement (shares + warrants),2024-11-24,60000048.0,USD,60000048.0,exact,new_money,,
nano-pipe-2025-05,nano-nuclear-energy,equity,May 2025 private placement ($27.00/share),2025-05-26,105000003.0,USD,105000003.0,exact,new_money,,
nano-atm-2025-07,nano-nuclear-energy,follow_on,"ATM programme (sales agreement 2025-07-25 with TD Cowen, UBS, Piper Sandler; $400M)",2025-07-25,400000000.0,USD,400000000.0,up_to,ceiling,,
nano-atm-sales-2026-06,nano-nuclear-energy,follow_on,"ATM programme sales, June 2026 (1,000,000 shares at $26.75; first sales under the 2025 ATM)",2026-08-12,26750000.0,USD,26750000.0,exact,new_money,,
nano-pipe-2025-10,nano-nuclear-energy,equity,October 2025 private placement ($47.11/share),2025-10-07,400000000.0,USD,400000000.0,approx,new_money,,
nano-gain-voucher-2026,nano-nuclear-energy,voucher,DOE GAIN voucher NE-26-38854 (ORNL SCALE/TSUNAMI uncertainty quantification support for KRONOS MMR),2026-04-09,,,,,new_money,,
natura-private-funding-cumulative,natura-resources,equity,cumulative private funding (no round breakdown disclosed),2026-07-21,120000000.0,USD,120000000.0,over,cumulative,,
natura-texas-120m-commitment,natura-resources,grant,State of Texas commitment (MSR-1 demonstration reactor and desalination),2026-02-03,120000000.0,USD,120000000.0,exact,ceiling,,
newcleo-2021-seed,newcleo,equity,Seed / first round,2021-09-01,100000000.0,EUR,118170000.0,exact,new_money,,
newcleo-2022-equity,newcleo,equity,2022 equity round,2022-06-20,300000000.0,EUR,315510000.0,exact,new_money,,
newcleo-2024-tranche1,newcleo,equity,First tranche of EUR1bn round opened 2023,2024-05-17,87000000.0,EUR,94342800.0,exact,new_money,,
newcleo-2025-october-capital-raise,newcleo,equity,October Capital Raise (planned SA redeemable bonds replaced by newcleo Ordinary Shares; no bonds issued),2025-10-01,57400000.0,EUR,67295760.0,exact,new_money,,
newcleo-2026-pre-pipe,newcleo,equity,Pre-PIPE Financing,2026-04-01,26300000.0,EUR,30521150.0,exact,new_money,,
newcleo-2026-spac-pipe,newcleo,spac,"NewHold Investment Corp III business combination, PIPE",2026-05-26,220000000.0,USD,220000000.0,exact,new_money,,
newcleo-2024-lesto-grant,newcleo,grant,Horizon Europe / Euratom LESTO (101166337),2024-06-28,99975.0,EUR,107023.24,exact,new_money,,
novatron-2023-seed,novatron-fusion-group,equity,Seed,2023-08-29,5000000.0,EUR,5401500.0,exact,new_money,,
novatron-2024-eic-pathfinder-taueb,novatron-fusion-group,grant,,2024-12-09,1499000.0,EUR,1584143.2,exact,new_money,,
novatron-2025-series-a1,novatron-fusion-group,equity,Series A1,2025-03-19,10000000.0,EUR,10897000.0,exact,new_money,,
nuclearn-seed-2023,nuclearn,equity,Series Seed Preferred,2023-07-14,2500000.0,USD,2500000.0,exact,new_money,,
nuclearn-round-2025,nuclearn,equity,"Form D offering (unlabelled), open",2025-07-23,10649997.0,USD,10649997.0,exact,new_money,,
nucube-energy-gain-voucher-2024-12,nucube-energy,voucher,GAIN voucher (December 2024 round),2024-12-19,,,,,new_money,,
nuscale-fluor-convertible-notes-2011,nuscale-power,debt,Fluor convertible notes (converted into NuScale common units at the 2022 closing),2011-09-30,10281427.0,USD,10281427.0,approx,new_money,,
nuscale-spring-valley-ipo-2020-11,nuscale-power,ipo,"Spring Valley Acquisition Corp. SPAC IPO (pre-merger shell, 23,000,000 units at $10.00)",2020-11-27,230000000.0,USD,230000000.0,exact,duplicate,,
nuscale-pipe-2022-05,nuscale-power,equity,PIPE concurrent with Spring Valley business combination,2021-12-13,235000000.0,USD,235000000.0,exact,duplicate,,
nuscale-spac-closing-2022-05,nuscale-power,spac,Spring Valley Acquisition Corp. business combination closing (NuScale listed as SMR),2022-05-02,145497965.0,USD,145497965.0,exact,new_money,,
nuscale-atm-2023-08,nuscale-power,follow_on,"ATM programme Aug 2023 (Cowen, B. Riley, Canaccord)",2023-08-09,150000000.0,USD,150000000.0,up_to,ceiling,,
nuscale-atm-2024-11,nuscale-power,follow_on,"ATM programme Nov 2024 (TD Cowen, UBS, B. Riley, Canaccord)",2024-11-08,200000000.0,USD,200000000.0,up_to,ceiling,,
nuscale-atm-2025-08,nuscale-power,follow_on,ATM programme Aug 2025,2025-08-11,500000000.0,USD,500000000.0,up_to,ceiling,,
nuscale-atm-2025-11,nuscale-power,follow_on,ATM programme Nov 2025,2025-11-07,750000000.0,USD,750000000.0,up_to,ceiling,,
nuscale-atm-2026-02,nuscale-power,follow_on,ATM programme Feb 2026,2026-02-26,1000000000.0,USD,1000000000.0,up_to,ceiling,,
nuscale-atm-2026-08,nuscale-power,follow_on,ATM programme Aug 2026,2026-08-11,750000000.0,USD,750000000.0,up_to,ceiling,,
nuscale-atm-sales-fy2025,nuscale-power,follow_on,"ATM sales in FY2025 (2024, Q3 2025 and Q4 2025 programmes; gross proceeds)",2026-02-26,1327600000.0,USD,1327600000.0,exact,new_money,,
nuscale-atm-sales-2026-02-programme,nuscale-power,follow_on,ATM sales under the Feb 2026 programme (fully sold per Aug 2026 424B5),2026-08-11,1000000000.0,USD,1000000000.0,approx,new_money,,
nuscale-doe-de-ne0008928-usaspending,nuscale-power,cost_share,"DOE-NE cooperative agreement DE-NE0008928 (USAspending, recipient NUSCALE POWER LLC)",2020-02-04,262655693.0,USD,262655693.0,exact,new_money,262655693.0,207665406.92
nuscale-doe-de-ne0008820-usaspending,nuscale-power,cost_share,"DOE-NE cooperative agreement DE-NE0008820 (USAspending, recipient NUSCALE POWER LLC)",2018-09-26,43200000.0,USD,43200000.0,exact,new_money,43200000.0,11499700.61
nuscale-doe-de-ne0008742-usaspending,nuscale-power,cost_share,"DOE-NE cooperative agreement DE-NE0008742 (USAspending, recipient NUSCALE POWER LLC)",2018-08-30,48000000.0,USD,48000000.0,exact,new_money,48000000.0,
nuscale-doe-de-ne0008369-usaspending,nuscale-power,cost_share,"DOE-NE cooperative agreement DE-NE0008369 (USAspending, recipient NUSCALE POWER LLC)",2015-08-11,7521554.69,USD,7521554.69,exact,new_money,7521554.69,1324817.88
nuscale-doe-de-ne0000633-usaspending,nuscale-power,cost_share,"DOE-NE cooperative agreement DE-NE0000633 (USAspending, recipient NUSCALE POWER LLC)",2014-05-27,224479988.42,USD,224479988.42,exact,new_money,224479988.42,
nuscale-doe-cumulative-10k-2026,nuscale-power,cost_share,"DOE cost-share programmes, cumulative since 2007 (company statement in FY2025 10-K)",2026-02-26,578300000.0,USD,578300000.0,over,cumulative,,
nuscale-total-invested-10k-2026,nuscale-power,other,"Total investment in NuScale technology since 2007 (company statement in FY2025 10-K, all sources)",2026-02-26,1800000000.0,USD,1800000000.0,over,cumulative,,
nuscale-atm-sales-fy2023,nuscale-power,follow_on,ATM sales in calendar 2023 (Aug 2023 programme; gross proceeds),2024-03-15,10400000.0,USD,10400000.0,approx,new_money,,
nuscale-atm-sales-fy2024-prior-programme,nuscale-power,follow_on,ATM sales in calendar 2024 completing the Aug 2023 $150M programme (gross proceeds),2025-03-03,139000000.0,USD,139000000.0,approx,new_money,,
nuscale-atm-sales-fy2024-nov2024-programme,nuscale-power,follow_on,ATM sales in calendar 2024 under the Nov 2024 $200M programme (gross proceeds),2025-03-03,71200000.0,USD,71200000.0,approx,new_money,,
altc-ipo-2021,oklo,spac,AltC Acquisition Corp IPO (SPAC),2021-07-07,500000000.0,USD,500000000.0,exact,duplicate,,
oklo-spac-merger-2024,oklo,spac,Business combination with AltC Acquisition Corp.,2023-07-11,305100000.0,USD,305100000.0,approx,new_money,,
safe-dcvc-2022-07,oklo,equity,SAFE (private financing round),2022-07-01,2000000.0,USD,2000000.0,exact,new_money,,
safe-liberty-2023-07,oklo,equity,SAFE (private financing round),2023-07-01,10000000.0,USD,10000000.0,exact,new_money,,
safe-2024-q1,oklo,equity,"SAFE Notes (Jan-Mar 2024, pre-closing)",2024-01-01,10232000.0,USD,10232000.0,exact,new_money,,
follow-on-2025-06,oklo,follow_on,"Underwritten public offering (7,666,667 shares at $60.00 incl. 1,000,000 over-allotment shares)",2025-06-12,460000000.0,USD,460000000.0,exact,new_money,,
atm-2025-06,oklo,follow_on,"ATM programme (Equity Distribution Agreement dated 2025-06-02; $400M, upsized to $539.999M on 2025-09-03)",2025-06-02,540000000.0,USD,540000000.0,approx,new_money,,
atm-2025-12,oklo,follow_on,"ATM programme (Equity Distribution Agreement dated 2025-12-04, $1.5B ceiling)",2025-12-04,1499867429.0,USD,1499867429.0,approx,new_money,,
atm-2026-05,oklo,follow_on,"ATM programme (Equity Distribution Agreement dated 2026-05-13, $1.0B ceiling)",2026-05-13,1000000000.0,USD,1000000000.0,approx,new_money,,
atm-2026-09,oklo,follow_on,"ATM programme (prospectus supplement 2026-09-11, $1.0B ceiling)",2026-09-11,1000000000.0,USD,1000000000.0,up_to,ceiling,,
doe-dear0001696-curie,oklo,grant,ARPA-E CURIE (with Argonne National Laboratory),2023-02-16,1900000.0,USD,1900000.0,exact,new_money,1900000.0,
doe-dear0001619-onwards,oklo,grant,ARPA-E ONWARDS 2021 cooperative agreement,2022-07-15,660000.0,USD,660000.0,exact,new_money,660000.0,
doe-dear0001606-open,oklo,grant,ARPA-E OPEN 2021 fully funded cooperative agreement,2022-06-22,140000.0,USD,140000.0,exact,new_money,140000.0,
one-nuclear-spac-hvii-2026,one-nuclear-energy,spac,Business combination with Hennessy Capital Investment Corp. VII,2025-10-22,,,,,new_money,,
one-nuclear-hvii-bridge-note-2025,one-nuclear-energy,debt,Promissory note from HVII,2025-12-19,300000.0,USD,300000.0,up_to,ceiling,,
openstar-2026-02-rif-loan,openstar-technologies,debt,Regional Infrastructure Fund loan,2026-02-04,35000000.0,NZD,21105000.0,up_to,ceiling,,
openstar-2025-10-seed-soul-capital,openstar-technologies,equity,Seed,2025-10-01,,,,,new_money,,
pf-series-a-2024,pacific-fusion,equity,Series A (milestone-tranched commitment; amount received undisclosed),2024-10-25,900000000.0,USD,900000000.0,over,ceiling,,
pf-series-a-cumulative-2026,pacific-fusion,equity,"Series A (cumulative, later statements)",2026-06-02,1000000000.0,USD,1000000000.0,approx,cumulative,,
pf-albuquerque-incentive-2025,pacific-fusion,grant,"Mesa del Sol campus incentive package (milestone-gated reimbursement, clawback; disbursement not evidenced)",2025-09-26,10000000.0,USD,10000000.0,up_to,ceiling,,
princeton-fusion-systems-infuse-022a-1,princeton-fusion-systems,voucher,INFUSE 2022A,2022-06-15,,,,,new_money,,
princeton-fusion-systems-infuse-022a-2,princeton-fusion-systems,voucher,INFUSE 2022A,2022-06-15,,,,,new_money,,
princeton-fusion-systems-infuse-022a-3,princeton-fusion-systems,voucher,INFUSE 2022A,2022-06-15,,,,,new_money,,
proxima-pre-seed-2023,proxima-fusion,equity,Pre-Seed,2023-05-19,7000000.0,EUR,7565600.0,exact,new_money,,
proxima-pre-seed-extension-2023,proxima-fusion,equity,Pre-Seed extension,2023-11-16,,,,,new_money,,
proxima-seed-2024,proxima-fusion,equity,Seed,2024-04-10,20000000.0,EUR,21720000.0,exact,new_money,,
proxima-eic-accelerator-grant-2024,proxima-fusion,grant,EIC Accelerator (grant component),2024-07-15,2500000.0,EUR,2726750.0,approx,new_money,,
proxima-bmbf-ai-grant-2024,proxima-fusion,grant,BMBF AI for Fusion Engineering,2024-12-10,6500000.0,EUR,6842550.0,exact,new_money,,
proxima-series-a-2025,proxima-fusion,equity,Series A,2025-06-11,130000000.0,EUR,148629000.0,exact,new_money,,
proxima-series-a-extension-2025,proxima-fusion,equity,Series A extension,2025-09-09,15000000.0,EUR,17616000.0,exact,new_money,,
proxima-financing-2026,proxima-fusion,equity,Financing round (EUR 411M),2026-07-07,411000000.0,EUR,469896300.0,exact,new_money,,
proxima-cumulative-650m-2026,proxima-fusion,other,Cumulative funding to date (not a round),2026-07-07,650000000.0,EUR,743145000.0,over,cumulative,,
radiant-series-a-2022,radiant-nuclear,equity,Series A,2022-03-09,12619987.0,USD,12619987.0,exact,new_money,,
radiant-series-b-2023,radiant-nuclear,equity,Series B,2023-04-18,40714963.0,USD,40714963.0,exact,new_money,,
radiant-series-c-2024,radiant-nuclear,equity,Series C,2024-11-14,100000000.0,USD,100000000.0,exact,new_money,,
radiant-series-c-extension-2025,radiant-nuclear,equity,,2025-06-10,66049991.0,USD,66049991.0,exact,new_money,,
radiant-series-d-2025,radiant-nuclear,equity,Series D,2025-12-17,300000000.0,USD,300000000.0,over,new_money,,
radiant-doe-sttr-trisofuel,radiant-nuclear,grant,,2022-07-18,1348048.0,USD,1348048.0,exact,new_money,1348048.0,1348048.0
radiant-usaf-fa864923p0464,radiant-nuclear,grant,,2023-02-08,1249967.0,USD,1249967.0,exact,new_money,1249967.0,
radiant-usaf-fa864921p1143,radiant-nuclear,grant,,2021-04-16,45299.0,USD,45299.0,exact,new_money,45299.0,
radiant-series-d-upsize-2026,radiant-nuclear,equity,Series D (upsized),2026-01-07,350000000.0,USD,350000000.0,exact,duplicate,,
realta-seed-2023,realta-fusion,equity,Seed,2023-05-31,9000000.0,USD,9000000.0,exact,new_money,,
realta-doe-fusion-award-2023,realta-fusion,grant,,2023-05-31,3000000.0,USD,3000000.0,exact,duplicate,,
realta-series-a-2025,realta-fusion,equity,Series A,2025-05-13,36000000.0,USD,36000000.0,exact,new_money,,
realta-svb-facility-2026,realta-fusion,debt,Growth capital facility,2026-02-17,9500000.0,USD,9500000.0,exact,ceiling,,
realta-doe-milestone-desc0024887,realta-fusion,grant,,2024-06-03,12467500.0,USD,12467500.0,exact,new_money,12467500.0,3140000.0
realta-doe-sc-desc0026626,realta-fusion,grant,,2026-08-31,350000.0,USD,350000.0,exact,new_money,350000.0,
renaissance-fusion-2023-seed,renaissance-fusion,equity,Early 2023 round (label not stated),2023-01-01,15000000.0,EUR,15999000.0,exact,new_money,,
renaissance-fusion-2024-france2030-grant,renaissance-fusion,grant,,2024-01-12,10000000.0,EUR,10942000.0,exact,new_money,,
renaissance-fusion-2025-series-a1,renaissance-fusion,equity,"Series A (A1, inferred; article only says a Series A2 may follow)",2025-03-07,32000000.0,EUR,34742400.0,exact,new_money,,
rr-smr-2021-equity,rolls-royce-smr,equity,"Launch investment, Rolls-Royce SMR business",2021-11-09,195000000.0,GBP,264400500.0,exact,new_money,,
rr-smr-2021-ukri-grant,rolls-royce-smr,grant,UKRI / UK government grant for SMR design,2021-11-09,210000000.0,GBP,284739000.0,exact,new_money,,
rr-smr-2024-cez-stake,rolls-royce-smr,equity,CEZ 20% stake,2024-10-29,,,,,new_money,,
rr-smr-2026-nwf-loan,rolls-royce-smr,debt,National Wealth Fund loan facility for generic design work,2026-04-13,599000000.0,GBP,803917900.0,up_to,ceiling,,
shine-technologies-dena0002598,shine-technologies,grant,DENA0002598,2014-09-18,14313535.68,USD,14313535.68,exact,new_money,14313535.68,
shine-technologies-dena0003923,shine-technologies,grant,DENA0003923,2019-07-22,15000000.0,USD,15000000.0,exact,new_money,15000000.0,8294431.11
shine-technologies-dena0004010,shine-technologies,grant,DENA0004010,2021-10-18,87274431.5,USD,87274431.5,exact,new_money,87274431.5,79294317.65
shine-technologies-desc0024023,shine-technologies,grant,DESC0024023,2023-09-15,1129412.0,USD,1129412.0,exact,new_money,1129412.0,866484.94
shine-technologies-dear0002077,shine-technologies,grant,DEAR0002077,2025-09-15,3780306.0,USD,3780306.0,exact,new_money,3780306.0,
shine-technologies-delp0000207,shine-technologies,debt,"DELP0000207 (conditional commitment, not a closed loan)",2026-04-03,262881867.11,USD,262881867.11,exact,ceiling,,
shine-technologies-70m-2023,shine-technologies,equity,,2023-10-12,70000000.0,USD,70000000.0,exact,new_money,,
standard-nuclear-safe-2024,standard-nuclear,other,SAFE notes (2024),2024-12-31,33500000.0,USD,33500000.0,exact,new_money,,
standard-nuclear-seed-2025,standard-nuclear,equity,Series Seed,2025-02-13,10000000.0,USD,10000000.0,approx,new_money,,
standard-nuclear-series-a-2025,standard-nuclear,equity,"Series A (first closing, per S-1)",2025-08-14,70000000.0,USD,70000000.0,approx,new_money,,
standard-nuclear-series-a2-2026,standard-nuclear,equity,Series A-2,2026-01-23,70000000.0,USD,70000000.0,approx,new_money,,
standard-nuclear-series-a-announced-140m-2026,standard-nuclear,equity,Series A as announced (combines the A and A-2 closings; not additive),2026-01-26,140000000.0,USD,140000000.0,exact,cumulative,,
standard-nuclear-stealth-42m-2025,standard-nuclear,equity,"Funding disclosed at emergence from stealth (SAFE and Seed combined, not additive)",2025-06-11,42000000.0,USD,42000000.0,exact,cumulative,,
standard-nuclear-ipo-2026,standard-nuclear,ipo,"IPO (NYSE: STDN), 10,000,000 Class A shares at $15.00",2026-07-15,150000000.0,USD,150000000.0,exact,new_money,,
startorus-series-a-plus-plus-2026-08,startorus-fusion,equity,A++,2026-08-08,880000000.0,CNY,130416000.0,exact,new_money,,
steady-2025-series-b-first-close,steady-energy,equity,"B-round, interim milestone",2025-03-10,22000000.0,EUR,23859000.0,exact,duplicate,,
steady-2025-series-b-close,steady-energy,equity,"B-round, closed at target",2025-07-01,32000000.0,EUR,37792000.0,exact,new_money,,
steady-2026-business-finland-loan,steady-energy,debt,Business Finland R&D loan for pilot plant,2026-06-18,10500000.0,EUR,12034050.0,exact,new_money,,
steady-2026-eib-convertible,steady-energy,debt,EIB senior unsecured convertible loan,2026-09-15,40000000.0,EUR,46156000.0,up_to,ceiling,,
steady-2026-private-placement,steady-energy,equity,3North Partners private placement (series A shares) in connection with the combination,2026-09-15,69800000.0,EUR,80542220.0,approx,new_money,,
steady-2026-first-north-ipo,steady-energy,ipo,3North Partners IPO on Nasdaq First North Growth Market Finland,2026-09-15,5000000.0,EUR,5769500.0,up_to,ceiling,,
steady-2024-seed,steady-energy,equity,Seed,2024-08-22,2000000.0,EUR,2227000.0,exact,new_money,,
stellarex-infuse-2023-1,stellarex,voucher,INFUSE 2023,2023-07-25,,,,,new_money,,
stellaria-2025-round,stellaria,equity,2025 round (second round),2025-07-17,23000000.0,EUR,26631700.0,exact,new_money,,
stellaria-france-2030-grant,stellaria,grant,"France 2030 ""Reacteurs innovants"" laureate (award date not stated; announced_on = date of release mentioning it)",2025-07-17,10000000.0,EUR,11579000.0,exact,new_money,,
tae-2007-vc-round,tae-technologies,equity,venture round (2007),2007-05-21,40000000.0,USD,40000000.0,exact,new_money,,
tae-rusnano-2012,tae-technologies,equity,,2012-10-01,,,,,new_money,,
tae-cumulative-2018-03,tae-technologies,equity,cumulative statement,2018-03-12,500000000.0,USD,500000000.0,over,cumulative,,
tae-life-sciences-2018-03,tae-technologies,equity,TAE Life Sciences (subsidiary) venture round,2018-03-12,40000000.0,USD,40000000.0,exact,new_money,,
tae-2021-04-raise-280m,tae-technologies,equity,"2021 financing round (label not evidenced; Series G likely, see notes)",2021-04-08,280000000.0,USD,280000000.0,exact,new_money,,
tae-cumulative-2021-04,tae-technologies,equity,cumulative statement,2021-04-08,880000000.0,USD,880000000.0,exact,cumulative,,
tae-2022-07-series-g2,tae-technologies,equity,Series G-2,2022-07-19,250000000.0,USD,250000000.0,exact,new_money,,
tae-cumulative-2022-07,tae-technologies,equity,cumulative statement,2022-07-19,1200000000.0,USD,1200000000.0,exact,cumulative,,
tae-2023-04-power-solutions-series-a,tae-technologies,equity,"TAE Power Solutions, LLC Series A Preferred Units",2023-04-07,,,,,new_money,,
tae-2023-2024-safe,tae-technologies,other,SAFEs with call options (converted into Series 12),2023-09-05,97577980.0,USD,97577980.0,exact,duplicate,,
tae-series-12-fy2025,tae-technologies,equity,Series 12 preferred (proceeds in fiscal year ended 2025-03-31),2024-08-27,146600000.0,USD,146600000.0,exact,new_money,,
tae-series-12-fy2026,tae-technologies,equity,Series 12 preferred (proceeds in fiscal year ended 2026-03-31),2025-04-01,56800000.0,USD,56800000.0,exact,new_money,,
tae-2025-06-funding-round,tae-technologies,equity,"latest funding round (part of Series 12, inferred)",2025-06-02,150000000.0,USD,150000000.0,over,duplicate,,
tae-cumulative-2025-06,tae-technologies,equity,cumulative statement,2025-06-02,1300000000.0,USD,1300000000.0,over,cumulative,,
tae-tmtg-convertible-note-tranche1,tae-technologies,debt,"TMTG unsecured convertible promissory note, first tranche",2025-12-18,200000000.0,USD,200000000.0,exact,new_money,,
tae-tmtg-convertible-note-tranche2,tae-technologies,debt,"TMTG convertible note, second tranche (optional draw, undrawn as of 2026-09-30)",2025-12-18,100000000.0,USD,100000000.0,up_to,ceiling,,
tae-tmtg-merger,tae-technologies,other,all-stock merger into Trump Media & Technology Group (not closed),2025-12-18,6000000000.0,USD,6000000000.0,over,valuation_only,,
tae-cumulative-2026-09,tae-technologies,equity,cumulative statement,2026-09-30,1600000000.0,USD,1600000000.0,over,cumulative,,
terra-bridge-loans-2025,terra-innovatum,debt,Convertible bridge loans,2025-05-01,5690000.0,USD,5690000.0,approx,new_money,,
terra-spac-gsr3-2025,terra-innovatum,spac,Business combination with GSR III Acquisition Corp.,2025-04-21,69878000.0,USD,69878000.0,approx,new_money,,
terra-pipe-2025,terra-innovatum,equity,PIPE,2025-09-23,31800000.0,USD,31800000.0,approx,new_money,,
terra-pipe-additional-2025,terra-innovatum,equity,PIPE (additional subscriptions),2025-09-23,4990000.0,USD,4990000.0,approx,new_money,,
terrapower-2020-ardp-initial,terrapower,cost_share,ARDP initial award (DOE announcement),2020-10-13,80000000.0,USD,80000000.0,exact,duplicate,,
terrapower-ardp-natrium-usaspending,terrapower,cost_share,"ARDP Natrium demonstration, DENE0009054 (USAspending, recipient US SFR OWNER LLC)",2021-05-03,1696938130.8,USD,1696938130.8,exact,new_money,1696938130.8,972362176.09
terrapower-dene0008924-usaspending,terrapower,grant,"US Industry Opportunities for Advanced Nuclear Technology Development, DENE0008924",2020-01-16,492137.0,USD,492137.0,exact,new_money,492137.0,222444.12
terrapower-dear0001612-usaspending,terrapower,grant,"ARPA-E ONWARDS, chloride-based volatility for fuel waste reduction, DEAR0001612",2022-08-05,2472777.06,USD,2472777.06,exact,new_money,2472777.06,2472777.06
terrapower-2022-gain-voucher,terrapower,voucher,GAIN voucher (MCFR chlorine-isotope measurements); amount not stated,2022-06-22,,,,,new_money,,
terrapower-2022-08-equity,terrapower,equity,2022 equity raise (first phase),2022-08-15,750000000.0,USD,750000000.0,exact,new_money,,
terrapower-2022-11-equity-extension,terrapower,equity,"2022 equity raise (extension, $830M total)",2022-11-03,80000000.0,USD,80000000.0,exact,new_money,,
terrapower-2025-06-equity,terrapower,equity,2025 fundraise,2025-06-18,650000000.0,USD,650000000.0,exact,new_money,,
terrapower-2026-01-khnp-stake,terrapower,equity,KHNP joins investor base (through SK's $250M stake); amount undisclosed,2026-01-20,,,,,duplicate,,
terrapower-ardp-2b-authorization-ceiling,terrapower,cost_share,"ARDP Natrium authorisation ceiling (up to $2 billion, 50/50 cost share), per TerraPower",2020-10-13,2000000000.0,USD,2000000000.0,up_to,ceiling,,
terrestrial-2019-canada-sif,terrestrial-energy,debt,"ISED Strategic Innovation Fund, Stream 1 R&D, repayable contribution (latest amendment value)",2019-04-01,18923000.0,CAD,14168974.71,up_to,new_money,,
terrestrial-2025-series-a1-preferred,terrestrial-energy,equity,Series A-1 preferred private placement (pre-business combination),2025-07-01,25800000.0,USD,25800000.0,approx,new_money,,
terrestrial-2025-spac-hcm-ii,terrestrial-energy,spac,HCM II Acquisition Corp business combination (trust cash plus USD50M PIPE),2025-03-26,292000000.0,USD,292000000.0,over,new_money,,
terrestrial-energy-dene0008842,terrestrial-energy,grant,"DOE-NE cooperative agreement DE-NE0008842, IMSR pre-licensing (recipient Terrestrial Energy USA, Inc.)",2019-01-29,495108.28,USD,495108.28,exact,new_money,495108.28,227904.35
terrestrial-energy-dene0009228,terrestrial-energy,grant,"DOE-NE U.S. Industry Opportunities cooperative agreement DE-NE0009228 (recipient Terrestrial Energy USA, Inc.)",2022-06-29,299183.82,USD,299183.82,exact,new_money,299183.82,299183.82
terrestrial-energy-dene0009445,terrestrial-energy,grant,"DOE-NE grant DE-NE0009445, IMSR standard design approval pre-licensing (recipient Terrestrial Energy USA, Inc.)",2024-02-28,500000.0,USD,500000.0,exact,new_money,500000.0,361258.26
terrestrial-2025-pipe-closing,terrestrial-energy,spac,"PIPE financing (closing amount, part of the HCM II business combination)",2025-03-26,50000000.0,USD,50000000.0,exact,duplicate,,
thea-infuse-2023-02,thea-energy,voucher,"DOE INFUSE (Feb 2023 round, two PPPL collaborations)",2023-02-01,,,,,new_money,,
thea-milestone-2023-06,thea-energy,cost_share,DOE Milestone-Based Fusion Development Program (initial award),2023-06-01,13700000.0,USD,13700000.0,up_to,new_money,13700000.0,3000000.0
thea-infuse-2023-07,thea-energy,voucher,"DOE INFUSE (July 2023, UC San Diego collaboration)",2023-07-27,,,,,new_money,,
thea-series-a-2024,thea-energy,equity,Series A,2024-02-08,20000000.0,USD,20000000.0,exact,new_money,,
thea-infuse-2025-09,thea-energy,voucher,"DOE INFUSE (Sept 2025, three awards)",2025-09-11,,,,,new_money,,
thea-series-b-2026,thea-energy,equity,Series B,2026-05-27,100000000.0,USD,100000000.0,exact,new_money,,
thea-total-private-2026-05,thea-energy,equity,Cumulative private investment statement,2026-05-27,130000000.0,USD,130000000.0,exact,cumulative,,
thea-arpa-e-scaleup-2026,thea-energy,grant,ARPA-E SCALEUP,2026-07-27,20000000.0,USD,20000000.0,exact,new_money,,
thea-series-b-extension-2026,thea-energy,equity,Series B extension,2026-08-18,,,,,new_money,,
thorizon-2025-series-a-tranche1,thorizon,equity,"Series A, first tranche",2025-03-12,16000000.0,EUR,17417600.0,exact,new_money,,
thorizon-2025-noord-brabant-grant,thorizon,grant,Province of Noord-Brabant grant (consortium with VDL Groep and Demcon),2025-03-12,4000000.0,EUR,4354400.0,exact,new_money,,
thorizon-2024-france-2030-grant,thorizon,grant,France 2030 Innovative Reactor Programme grant,2025-03-12,10000000.0,EUR,10886000.0,exact,new_money,,
thorizon-2025-jtf-zilt-grant,thorizon,grant,"EU Just Transition Fund, Project ZILT (consortium led by Thorizon)",2025-08-28,10000000.0,EUR,11676000.0,up_to,ceiling,,
thorizon-2026-mooi-grant,thorizon,grant,"MOOI Kernenergie (consortium with VDL Groep, NRG PALLAS, TU Delft, TNO)",2026-07-16,4000000.0,EUR,4586800.0,up_to,ceiling,,
thorizon-2022-mimosa-grant,thorizon,grant,Horizon Europe / Euratom MIMOSA (101061142),2022-05-20,113653.75,EUR,120211.57,exact,new_money,,
tibbar-plasma-technologies-dear0000677,tibbar-plasma-technologies,grant,DEAR0000677,2016-04-28,2290105.63,USD,2290105.63,exact,new_money,2290105.63,
tibbar-plasma-technologies-desc0018278,tibbar-plasma-technologies,grant,DESC0018278,2017-09-26,90000.0,USD,90000.0,exact,new_money,90000.0,
tibbar-plasma-technologies-desc0019016,tibbar-plasma-technologies,grant,DESC0019016,2018-09-27,299975.0,USD,299975.0,exact,new_money,299975.0,201570.0
tok-innovateuk-2011-market,tokamak-energy,grant,Investigating the market for a small tokamak (GRD Proof of Market),2011-11-01,25000.0,GBP,39837.5,exact,new_money,,
tok-innovateuk-2011-neutron-source,tokamak-energy,grant,A Tokamak Neutron Source for Medical and other Applications (GRD Proof of Concept),2011-09-30,100000.0,GBP,155810.0,exact,new_money,,
tok-innovateuk-2012-small-tokamak,tokamak-energy,grant,Small tokamak with HTS magnets (GRD Development of Prototype),2012-07-31,250000.0,GBP,391725.0,exact,new_money,,
tok-innovateuk-2018-hts-magnets,tokamak-energy,grant,HTS Magnets for Compact Modular Fusion (Collaborative R&D),2018-09-30,987707.0,GBP,1288562.55,exact,new_money,,
tok-doe-milestone-2023,tokamak-energy,grant,DOE Milestone-Based Fusion Development Program,2023-05-31,7500000.0,USD,7500000.0,exact,new_money,7500000.0,3000000.0
tok-doe-leaps-2024,tokamak-energy,grant,"Lithium Evaporations to Advance PFCs in ST40 (LEAPS), DESC0025884",2024-12-05,7252989.51,USD,7252989.51,exact,new_money,,
tok-equity-2024-11,tokamak-energy,equity,,2024-11-20,125000000.0,USD,125000000.0,exact,new_money,,
tok-cumulative-2024-11,tokamak-energy,equity,cumulative total raised since 2009 (not a round),2024-11-20,335000000.0,USD,335000000.0,exact,cumulative,,
transmutex-dear0002079,transmutex,grant,DEAR0002079,2026-08-26,2805624.0,USD,2805624.0,exact,new_money,2805624.0,
type-one-seed-2023,type-one-energy,equity,Seed,2023-03-28,29000000.0,USD,29000000.0,exact,new_money,,
type-one-seed-extended-cumulative-2024,type-one-energy,equity,"Seed extension (extended Series A per FusionX), cumulative total",2026-01-14,82500000.0,USD,82500000.0,exact,cumulative,,
type-one-convertible-note-2026-01,type-one-energy,other,Convertible note (ahead of Series B),2026-01-14,87000000.0,USD,87000000.0,exact,new_money,,
type-one-series-b-2026,type-one-energy,equity,Series B (not yet closed),2026-06-16,,,,,new_money,,
type-one-cumulative-2026-08,type-one-energy,equity,Total raised to date (FusionX via TechCrunch),2026-08-15,174500000.0,USD,174500000.0,exact,cumulative,,
type-one-arpa-e-bethe-2019,type-one-energy,grant,ARPA-E BETHE,2019-11-07,1180000.0,USD,1180000.0,exact,new_money,1180000.0,
type-one-doe-milestone-2023,type-one-energy,cost_share,DOE Milestone-Based Fusion Development Program,2023-05-31,,,,,new_money,,
usnc-jmb-dip-2024,ultra-safe-nuclear,debt,Debtor-in-possession financing,2024-10-29,23000000.0,USD,23000000.0,up_to,ceiling,,
usnc-form-d-2020,ultra-safe-nuclear,equity,Form D offering (unlabelled),2020-02-07,17398650.0,USD,17398650.0,exact,new_money,,
ultra-safe-nuclear-desc0021948,ultra-safe-nuclear,grant,"DOE Office of Science grant DE-SC0021948, compact ceramic heat exchangers for MMR (recipient Ultra Safe Nuclear Corporation - Technologies)",2021-09-27,196201.53,USD,196201.53,exact,new_money,196201.53,196201.53
ultra-safe-nuclear-desc0022735,ultra-safe-nuclear,grant,"DOE Office of Science grant DE-SC0022735, ceramic components for CSP (recipient Ultra Safe Nuclear Corp)",2022-07-19,199353.0,USD,199353.0,exact,new_money,199353.0,199353.0
valar-seed-2025,valar-atomics,equity,Seed,2025-02-20,19000000.0,USD,19000000.0,exact,new_money,,
valar-series-a-2025,valar-atomics,equity,Series A,2025-11-10,130000000.0,USD,130000000.0,exact,new_money,,
valar-equity-debt-2026-03,valar-atomics,equity,Pre-Series B equity tranche (reported),2026-03-31,340000000.0,USD,340000000.0,approx,duplicate,,
valar-debt-2026-03,valar-atomics,debt,Debt tranche (reported),2026-03-31,110000000.0,USD,110000000.0,approx,duplicate,,
valar-series-b-2026,valar-atomics,equity,Series B,2026-08-03,1000000000.0,USD,1000000000.0,exact,new_money,,
valar-credit-facility-2026,valar-atomics,debt,Credit facility,2026-08-03,200000000.0,USD,200000000.0,exact,ceiling,,
ipo-2026,x-energy,ipo,Initial public offering (Nasdaq XE),2026-04-23,1017857157.0,USD,1017857157.0,exact,new_money,,
series-d-2025,x-energy,equity,Series D Preferred Units,2025-11-21,700000000.0,USD,700000000.0,approx,new_money,,
series-c1-extension-2025,x-energy,equity,Series C-1 Preferred Units (additional closing),2025-01-24,53400000.0,USD,53400000.0,approx,new_money,,
series-c1-2024,x-energy,equity,Series C-1 Preferred Units,2024-10-11,626500000.0,USD,626500000.0,approx,new_money,,
amazon-convertible-note-2024,x-energy,debt,2024 Convertible Note (converted into Series C-1 units on 2024-10-11),2024-09-26,20000000.0,USD,20000000.0,exact,new_money,,
triso-x-48c-2024,x-energy,other,IRA 48C advanced energy project investment tax credit (TRISO-X TX-1),2024-03-01,150000000.0,USD,150000000.0,approx,ceiling,,
ardp-xe100-doe-commitment-2021,x-energy,cost_share,"ARDP Advanced Reactor Demonstration (Xe-100), DOE reimbursement commitment",2021-02-02,1200000000.0,USD,1200000000.0,up_to,ceiling,,
ardp-xe100-usaspending-obligated,x-energy,cost_share,ARDP Xe-100 award DENE0009040 as recorded in USAspending (cumulative obligation),2021-02-02,921717024.0,USD,921717024.0,exact,new_money,921717024.0,581350171.29
doe-xe100-2016-cooperative-agreement,x-energy,grant,XE-100 Pebble Bed SMR cooperative agreement DENE0008472,2016-07-01,25499999.98,USD,25499999.98,exact,new_money,25499999.98,
doe-first-of-a-kind-2018,x-energy,cost_share,"First of a Kind US Industry FOA, X-energy LLC (DENE0008745)",2018-05-21,18617645.0,USD,18617645.0,exact,new_money,18617645.0,
x-energy-series-c-2023-12-completion,x-energy,equity,Series C completion (additional $80M; $235M total incl. note conversions),2023-12-05,80000000.0,USD,80000000.0,exact,new_money,,
x-energy-c2-convertible-notes-2022-23,x-energy,debt,"C-2 convertible notes (PIK 10%, issued 2022-2023; announced_on is a placeholder; converted into Series C Preferred Units 2024-10-11 and 2025-09-30)",2022-12-01,113000000.0,USD,113000000.0,exact,new_money,,
xcimer-series-a-2024,xcimer-energy,equity,Series A,2024-06-04,100000000.0,USD,100000000.0,exact,new_money,,
xcimer-rtx-2026,xcimer-energy,equity,Strategic minority investment,2026-09-10,,,,,new_money,,
xcimer-cumulative-2026-09,xcimer-energy,equity,,2026-09-10,200000000.0,USD,200000000.0,approx,cumulative,,
xcimer-doe-milestone-desc0024890,xcimer-energy,grant,,2024-06-04,39500000.0,USD,39500000.0,up_to,ceiling,13500000.0,8500000.0
xcimer-doe-milestone-desc0024890-obligated,xcimer-energy,grant,,2024-06-04,13500000.0,USD,13500000.0,exact,new_money,13500000.0,8500000.0
xcimer-arpae-dear0002030,xcimer-energy,cost_share,,2025-11-18,3571249.0,USD,3571249.0,exact,new_money,3571249.0,107261.14
xcimer-seed-2022-form-d,xcimer-energy,equity,Series Seed Preferred,2022-03-30,875000.0,USD,875000.0,over,new_money,,
xcimer-safe-2022-form-d,xcimer-energy,equity,SAFEs,2022-11-01,365000.0,USD,365000.0,over,new_money,,
zap-series-a-2020,zap-energy,equity,Series A,2020-08-12,6500000.0,USD,6500000.0,exact,new_money,,
zap-series-b-2021,zap-energy,equity,Series B,2021-05-18,27500000.0,USD,27500000.0,exact,new_money,,
zap-series-c-2022,zap-energy,equity,Series C,2022-06-22,160000000.0,USD,160000000.0,exact,new_money,,
zap-series-d-2024,zap-energy,equity,Series D,2024-10-09,130000000.0,USD,130000000.0,exact,new_money,,
zap-cumulative-2024-10,zap-energy,equity,cumulative funding statement,2024-10-09,330000000.0,USD,330000000.0,over,cumulative,,
zap-arpae-open2018,zap-energy,grant,Electrode Technology Development for the Sheared-Flow Z-Pinch Fusion Reactor,2017-12-13,6767334.0,USD,6767334.0,exact,new_money,6767334.0,4092066.87
zap-arpae-bethe,zap-energy,grant,Sheared Flow Stabilized Z-Pinch Performance Improvement,2019-11-07,1000000.0,USD,1000000.0,exact,new_money,999189.16,537961.64
zap-doe-milestone-2023,zap-energy,cost_share,Fusion pilot plant conceptual design,2023-05-31,5000000.0,USD,5000000.0,up_to,new_money,,
