event_id,company,org_id,org_name,role,amount_usd_disclosed
aalo-seed-2023,aalo-atomics,fifty-years,Fifty Years (50Y),lead,
aalo-seed-2023,aalo-atomics,valor-equity-partners,Valor Equity Partners,participant,
aalo-series-b-2025,aalo-atomics,valor-equity-partners,Valor Equity Partners,lead,
aalo-series-b-2025,aalo-atomics,fifty-years,Fifty Years (50Y),participant,
aalo-series-b-2025,aalo-atomics,alumni-ventures,Alumni Ventures,participant,
aalo-series-b-2025,aalo-atomics,crescent-enterprises,Crescent Enterprises,participant,
aalo-series-b-2025,aalo-atomics,crosscut-ventures,Crosscut Ventures,participant,
aalo-series-b-2025,aalo-atomics,fine-structure-ventures,Fine Structure Ventures,participant,
aalo-series-b-2025,aalo-atomics,gaingels,Gaingels,participant,
aalo-series-b-2025,aalo-atomics,harpoon-ventures,Harpoon Ventures,participant,
aalo-series-b-2025,aalo-atomics,hitachi-ventures,Hitachi Ventures,participant,
aalo-series-b-2025,aalo-atomics,kindred-ventures,Kindred Ventures,participant,
aalo-series-b-2025,aalo-atomics,mcj,MCJ,participant,
aalo-series-b-2025,aalo-atomics,nrg,NRG Energy,participant,
aalo-series-b-2025,aalo-atomics,nucleation-capital,Nucleation Capital,participant,
aalo-series-b-2025,aalo-atomics,perpetual-vc,Perpetual VC,participant,
aalo-series-b-2025,aalo-atomics,tishman-speyer,Tishman Speyer,participant,
aalo-series-b-2025,aalo-atomics,vamosventures,VamosVentures,participant,
advanced-conductor-technologies-desc0007660,advanced-conductor-technologies,doe-office-of-science,DOE Office of Science,grantor,
advanced-conductor-technologies-desc0009545,advanced-conductor-technologies,doe-office-of-science,DOE Office of Science,grantor,
advanced-conductor-technologies-desc0009485,advanced-conductor-technologies,doe-office-of-science,DOE Office of Science,grantor,
advanced-conductor-technologies-desc0013723,advanced-conductor-technologies,doe-office-of-science,DOE Office of Science,grantor,
advanced-conductor-technologies-desc0015775,advanced-conductor-technologies,doe-office-of-science,DOE Office of Science,grantor,
advanced-conductor-technologies-desc0018125,advanced-conductor-technologies,doe-office-of-science,DOE Office of Science,grantor,
advanced-conductor-technologies-desc0018127,advanced-conductor-technologies,doe-office-of-science,DOE Office of Science,grantor,
advanced-conductor-technologies-desc0018706,advanced-conductor-technologies,doe-office-of-science,DOE Office of Science,grantor,
advanced-conductor-technologies-desc0018710,advanced-conductor-technologies,doe-office-of-science,DOE Office of Science,grantor,
advanced-conductor-technologies-desc0019934,advanced-conductor-technologies,doe-office-of-science,DOE Office of Science,grantor,
advanced-conductor-technologies-desc0020710,advanced-conductor-technologies,doe-office-of-science,DOE Office of Science,grantor,
advanced-conductor-technologies-desc0021687,advanced-conductor-technologies,doe-office-of-science,DOE Office of Science,grantor,
advanced-conductor-technologies-dear0001459,advanced-conductor-technologies,arpa-e,ARPA-E (Advanced Research Projects Agency-Energy),grantor,
advanced-conductor-technologies-desc0024288,advanced-conductor-technologies,doe-office-of-science,DOE Office of Science,grantor,
advanced-conductor-technologies-desc0024159,advanced-conductor-technologies,doe-office-of-science,DOE Office of Science,grantor,
advanced-conductor-technologies-desc0024760,advanced-conductor-technologies,doe-office-of-science,DOE Office of Science,grantor,
advanced-conductor-technologies-desc0025836,advanced-conductor-technologies,doe-office-of-science,DOE Office of Science,grantor,
advanced-conductor-technologies-desc0026890,advanced-conductor-technologies,doe-office-of-science,DOE Office of Science,grantor,
alpha-tech-research-desc0022922,alpha-tech-research,doe-office-of-science,DOE Office of Science,grantor,
antares-seed-2023,antares-nuclear,caffeinated-capital,Caffeinated Capital,lead,
antares-seed-2023,antares-nuclear,humba-ventures,Humba Ventures,participant,
antares-seed-2023,antares-nuclear,pathbreaker,Pathbreaker,participant,
antares-seed-2023,antares-nuclear,rogue,Rogue,participant,
antares-seed-2023,antares-nuclear,shrug,Shrug,participant,
antares-seed-2023,antares-nuclear,uncommon-capital,Uncommon Capital,participant,
antares-series-a-2024,antares-nuclear,alt-capital,Alt Capital,lead,
antares-series-a-2024,antares-nuclear,caffeinated-capital,Caffeinated Capital,lead,
antares-series-a-2024,antares-nuclear,rogue,Rogue,participant,
antares-series-a-2024,antares-nuclear,uncommon-capital,Uncommon Capital,participant,
antares-series-a-2024,antares-nuclear,shrug,Shrug,participant,
antares-series-a-2024,antares-nuclear,banter-capital,Banter Capital,participant,
antares-series-a-2024,antares-nuclear,boxgroup,BoxGroup,participant,
antares-series-a-2024,antares-nuclear,shine-capital,Shine Capital,participant,
antares-series-b-equity-2025,antares-nuclear,shine-capital,Shine Capital,lead,
antares-series-b-equity-2025,antares-nuclear,alt-capital,Alt Capital,participant,
antares-series-b-equity-2025,antares-nuclear,caffeinated-capital,Caffeinated Capital,participant,
antares-series-b-equity-2025,antares-nuclear,fiftythree-stations,FiftyThree Stations,participant,
antares-series-b-equity-2025,antares-nuclear,industrious-ventures,Industrious Ventures,participant,
antares-series-c-equity-2026,antares-nuclear,paradigm,Paradigm,lead,
antares-series-c-equity-2026,antares-nuclear,caffeinated-capital,Caffeinated Capital,lead,
antares-series-c-equity-2026,antares-nuclear,point72-ventures,Point72 / Point72 Ventures,participant,
antares-series-c-equity-2026,antares-nuclear,shine-capital,Shine Capital,participant,
antares-series-c-equity-2026,antares-nuclear,industrious-ventures,Industrious Ventures,participant,
antares-usaf-sbir-2024,antares-nuclear,dod-afrl,"US Air Force (AFRL, Eielson microreactor, SBIR)",grantor,
antares-doe-gain-voucher-2024,antares-nuclear,doe-gain-infuse,DOE NRIC / GAIN / INFUSE (lab-access vouchers),grantor,
antares-space-force-strategic-breakthrough-2026,antares-nuclear,dod-afrl,"US Air Force (AFRL, Eielson microreactor, SBIR)",grantor,
arc-series-b-2025,arc-clean-technology,xplor-ventures,Xplor Ventures,participant,
arc-series-b-2025,arc-clean-technology,hennessy-capital-group,Hennessy Capital Group,participant,
arc-series-b-2025,arc-clean-technology,cleantech-ventures,Cleantech Ventures,participant,
arc-series-b-2025,arc-clean-technology,core-synergy,Core Synergy,participant,
arc-series-b-2025,arc-clean-technology,banpu-ventures,Banpu Ventures,participant,
astral-2026-series-a,astral-systems,mercia-ventures,Mercia Ventures,lead,
astral-2026-series-a,astral-systems,daphni,Daphni,participant,
atomic-canyon-seed-2025,atomic-canyon,energy-impact-partners,Energy Impact Partners,lead,
atomic-canyon-seed-2025,atomic-canyon,commonweal-ventures,Commonweal Ventures,participant,
atomic-canyon-seed-2025,atomic-canyon,plug-and-play-ventures,Plug and Play Ventures,participant,
atomic-canyon-seed-2025,atomic-canyon,wischoff-ventures,Wischoff Ventures,participant,
atomic-canyon-seed-2025,atomic-canyon,tower-research-ventures,Tower Research Ventures,participant,
avalanche-seed-2021,avalanche-energy,prime-impact-fund,Prime Impact Fund,lead,
avalanche-seed-2021,avalanche-energy,azolla-ventures,Azolla Ventures,lead,
avalanche-seed-2021,avalanche-energy,congruent-ventures,Congruent Ventures,participant,
avalanche-seed-2021,avalanche-energy,lowercarbon-capital,Lowercarbon Capital,participant,
avalanche-nsf-grant-2023,avalanche-energy,nsf,NSF,grantor,
avalanche-series-a-2023,avalanche-energy,lowercarbon-capital,Lowercarbon Capital,lead,
avalanche-series-a-2023,avalanche-energy,toyota-ventures,Toyota Ventures,participant,
avalanche-wa-green-jobs-2025,avalanche-energy,washington-state-department-of-commerce,Washington State Department of Commerce,grantor,
avalanche-2026-raise,avalanche-energy,ra-capital-management,RA Capital Management,lead,
avalanche-2026-raise,avalanche-energy,8090-industries,8090 Industries,participant,
avalanche-2026-raise,avalanche-energy,overlay-capital,Overlay Capital,participant,
avalanche-2026-raise,avalanche-energy,congruent-ventures,Congruent Ventures,participant,
avalanche-2026-raise,avalanche-energy,founders-fund,Founders Fund,participant,
avalanche-2026-raise,avalanche-energy,lowercarbon-capital,Lowercarbon Capital,participant,
avalanche-2026-raise,avalanche-energy,toyota-ventures,Toyota Ventures,participant,
blue-energy-series-a-2024,blue-energy,the-engine,"Engine Ventures (formerly The Engine, MIT)",lead,
blue-energy-series-a-2024,blue-energy,at-one-ventures,At One Ventures,lead,
blue-energy-series-a-2024,blue-energy,angular-ventures,Angular Ventures,participant,
blue-energy-series-a-2024,blue-energy,tamarack-global,Tamarack Global,participant,
blue-energy-series-a-2024,blue-energy,propeller-ventures,Propeller Ventures,participant,
blue-energy-series-a-2024,blue-energy,starlight-ventures,Starlight Ventures,participant,
blue-energy-series-a-2024,blue-energy,nucleation-capital,Nucleation Capital,participant,
blue-energy-380m-2026,blue-energy,vxi-capital,VXI Capital,lead,
blue-energy-380m-2026,blue-energy,the-engine,"Engine Ventures (formerly The Engine, MIT)",participant,
blue-energy-380m-2026,blue-energy,at-one-ventures,At One Ventures,participant,
blue-energy-380m-2026,blue-energy,tamarack-global,Tamarack Global,participant,
blue-energy-constellation-2026,blue-energy,constellation,Constellation Technology Ventures (Constellation),participant,
canyon-magnet-energy-desc0025965,canyon-magnet-energy,doe-office-of-science,DOE Office of Science,grantor,
centrus-doe-haleu-demonstration-2019,centrus-energy,doe-ne,US Department of Energy,grantor,
centrus-doe-haleu-operation-2022,centrus-energy,doe-ne,US Department of Energy,grantor,
centrus-doe-haleu-task-order-2026,centrus-energy,doe-ne,US Department of Energy,grantor,
centrus-energy-dene0000530,centrus-energy,doe-ne,US Department of Energy,grantor,
cfs-2018-03-eni-series-a-first-close,commonwealth-fusion-systems,eni,Eni / Eni Next,participant,50000000.0
cfs-2019-06-series-a-115m,commonwealth-fusion-systems,future-ventures,Future Ventures,participant,
cfs-2019-06-series-a-115m,commonwealth-fusion-systems,khosla-ventures,Khosla Ventures,participant,
cfs-2019-06-series-a-115m,commonwealth-fusion-systems,lowercarbon-capital,Lowercarbon Capital,participant,
cfs-2019-06-series-a-115m,commonwealth-fusion-systems,moore-strategic-ventures,Moore Strategic Ventures,participant,
cfs-2019-06-series-a-115m,commonwealth-fusion-systems,safar-partners,Safar Partners,participant,
cfs-2019-06-series-a-115m,commonwealth-fusion-systems,schooner-capital,Schooner Capital,participant,
cfs-2019-06-series-a-115m,commonwealth-fusion-systems,starlight-ventures,Starlight Ventures,participant,
cfs-2019-06-series-a-115m,commonwealth-fusion-systems,breakthrough-energy-ventures,Breakthrough Energy Ventures,participant,
cfs-2019-06-series-a-115m,commonwealth-fusion-systems,eni,Eni / Eni Next,participant,
cfs-2019-06-series-a-115m,commonwealth-fusion-systems,the-engine,"Engine Ventures (formerly The Engine, MIT)",participant,
cfs-2025-08-series-b2-863m,commonwealth-fusion-systems,brevan-howard,Brevan Howard Macro Venture Fund,participant,
cfs-2025-08-series-b2-863m,commonwealth-fusion-systems,counterpoint-global,Counterpoint Global (Morgan Stanley),participant,
cfs-2025-08-series-b2-863m,commonwealth-fusion-systems,stanley-druckenmiller,Stanley Druckenmiller,participant,
cfs-2025-08-series-b2-863m,commonwealth-fusion-systems,ffa-private-bank,FFA Private Bank (Dubai),participant,
cfs-2025-08-series-b2-863m,commonwealth-fusion-systems,galaxy-interactive,Galaxy Digital (Galaxy Interactive / Galaxy Fund),participant,
cfs-2025-08-series-b2-863m,commonwealth-fusion-systems,gigascale-capital,Gigascale Capital,participant,
cfs-2025-08-series-b2-863m,commonwealth-fusion-systems,hof-capital,HOF Capital,participant,
cfs-2025-08-series-b2-863m,commonwealth-fusion-systems,neva-sgr,Neva SGR (Intesa Sanpaolo),participant,
cfs-2025-08-series-b2-863m,commonwealth-fusion-systems,nventures,NVentures (NVIDIA),participant,
cfs-2025-08-series-b2-863m,commonwealth-fusion-systems,planet-first-partners,Planet First Partners,participant,
cfs-2025-08-series-b2-863m,commonwealth-fusion-systems,woori-technology,Woori Technology,participant,
cfs-2025-08-series-b2-863m,commonwealth-fusion-systems,mitsui-mitsubishi-consortium,"Japanese consortium (Mitsui & Co., Mitsubishi Corp. et al.)",participant,
cfs-2025-08-series-b2-863m,commonwealth-fusion-systems,breakthrough-energy-ventures,Breakthrough Energy Ventures,participant,
cfs-2025-08-series-b2-863m,commonwealth-fusion-systems,emerson-collective,Emerson Collective,participant,
cfs-2025-08-series-b2-863m,commonwealth-fusion-systems,eni,Eni / Eni Next,participant,
cfs-2025-08-series-b2-863m,commonwealth-fusion-systems,future-ventures,Future Ventures,participant,
cfs-2025-08-series-b2-863m,commonwealth-fusion-systems,bill-gates,Bill Gates / Gates Frontier,participant,
cfs-2025-08-series-b2-863m,commonwealth-fusion-systems,alphabet,Google,participant,
cfs-2025-08-series-b2-863m,commonwealth-fusion-systems,hostplus,Hostplus,participant,
cfs-2025-08-series-b2-863m,commonwealth-fusion-systems,khosla-ventures,Khosla Ventures,participant,
cfs-2025-08-series-b2-863m,commonwealth-fusion-systems,lowercarbon-capital,Lowercarbon Capital,participant,
cfs-2025-08-series-b2-863m,commonwealth-fusion-systems,safar-partners,Safar Partners,participant,
cfs-2025-08-series-b2-863m,commonwealth-fusion-systems,eric-schmidt,Eric Schmidt,participant,
cfs-2025-08-series-b2-863m,commonwealth-fusion-systems,starlight-ventures,Starlight Ventures,participant,
cfs-2025-08-series-b2-863m,commonwealth-fusion-systems,tiger-global,Tiger Global Management,participant,
cfs-2026-06-plynth-energy-stake,commonwealth-fusion-systems,plynth-energy,Plynth Energy,participant,
cfs-2026-07-additional-equity-1b,commonwealth-fusion-systems,hd-hyundai,HD Hyundai / Hyundai Motor Group / KSOE,participant,
cfs-2019-11-arpa-e-bethe,commonwealth-fusion-systems,arpa-e,ARPA-E (Advanced Research Projects Agency-Energy),grantor,
cfs-2021-09-doe-sc-desc0021623,commonwealth-fusion-systems,doe-fes,"DOE Office of Science, Fusion Energy Sciences (FES)",grantor,
cfs-2023-05-doe-milestone-program,commonwealth-fusion-systems,doe-fes,"DOE Office of Science, Fusion Energy Sciences (FES)",grantor,
cfs-2026-02-ma-business-builds-grant,commonwealth-fusion-systems,ma-business-builds,Healey-Driscoll administration (Massachusetts Business Builds Capital Grant Program),grantor,
cfs-infuse-2025-mechanical-characterization-of-neutron-irradiated-tungsten,commonwealth-fusion-systems,doe-gain-infuse,DOE NRIC / GAIN / INFUSE (lab-access vouchers),grantor,
cfs-infuse-2024-solps-derived-separatrix-operating-space-scalings-for-inform,commonwealth-fusion-systems,doe-gain-infuse,DOE NRIC / GAIN / INFUSE (lab-access vouchers),grantor,
cfs-infuse-2023-deuterium-retention-in-boron-dust,commonwealth-fusion-systems,doe-gain-infuse,DOE NRIC / GAIN / INFUSE (lab-access vouchers),grantor,
cfs-infuse-2023-informing-arc-divertor-design-and-plasma-facing-material-sel,commonwealth-fusion-systems,doe-gain-infuse,DOE NRIC / GAIN / INFUSE (lab-access vouchers),grantor,
cfs-infuse-2023-electrochemical-evaluation-of-hydrogen-concentration-and-dif,commonwealth-fusion-systems,doe-gain-infuse,DOE NRIC / GAIN / INFUSE (lab-access vouchers),grantor,
cfs-infuse-2022a-characterization-of-turbulent-transport-and-confinement-in-a,commonwealth-fusion-systems,doe-gain-infuse,DOE NRIC / GAIN / INFUSE (lab-access vouchers),grantor,
cfs-infuse-2022b-a-modern-neutronics-modeling-uncertainty-methodology-towards,commonwealth-fusion-systems,doe-gain-infuse,DOE NRIC / GAIN / INFUSE (lab-access vouchers),grantor,
cfs-infuse-2022b-oxide-dispersion-strengthened-ferritic-steel-wire-feedstock,commonwealth-fusion-systems,doe-gain-infuse,DOE NRIC / GAIN / INFUSE (lab-access vouchers),grantor,
cfs-infuse-2022a-machine-learning-assisted-prediction-of-tungsten-heavy-alloy,commonwealth-fusion-systems,doe-gain-infuse,DOE NRIC / GAIN / INFUSE (lab-access vouchers),grantor,
cfs-infuse-2022a-agile-design-workflow-for-plasma-facing-fusion-components-wi,commonwealth-fusion-systems,doe-gain-infuse,DOE NRIC / GAIN / INFUSE (lab-access vouchers),grantor,
cfs-infuse-2022a-assessing-elm-mitigation-by-pellet-triggering-in-sparc-low-c,commonwealth-fusion-systems,doe-gain-infuse,DOE NRIC / GAIN / INFUSE (lab-access vouchers),grantor,
cfs-infuse-2021b-magnetic-pumps-for-molten-salt-fusion-devices,commonwealth-fusion-systems,doe-gain-infuse,DOE NRIC / GAIN / INFUSE (lab-access vouchers),grantor,
cfs-infuse-2021b-neutron-ion-handshake-for-fusion-materials,commonwealth-fusion-systems,doe-gain-infuse,DOE NRIC / GAIN / INFUSE (lab-access vouchers),grantor,
copenhagen-atomics-2025-eic-grant,copenhagen-atomics,eic,"European Innovation Council (EIC Accelerator, EIC Fund)",grantor,
copenhagen-atomics-2025-eic-fund-equity-option,copenhagen-atomics,eic,"European Innovation Council (EIC Accelerator, EIC Fund)",participant,
ctfusion-desc0018844,ctfusion,doe-office-of-science,DOE Office of Science,grantor,
ctfusion-dear0001098,ctfusion,arpa-e,ARPA-E (Advanced Research Projects Agency-Energy),grantor,
curio-arpa-e-nucycle-2022,curio,arpa-e,ARPA-E (Advanced Research Projects Agency-Energy),grantor,
curio-dear0001695,curio,arpa-e,ARPA-E (Advanced Research Projects Agency-Energy),grantor,
deep-fission-safe-2024,deep-fission,eight-vc,8VC,participant,
deep-fission-private-placement-2026,deep-fission,blue-owl,Blue Owl Capital,participant,20000000.0
deep-fission-gain-voucher-inl,deep-fission,doe-gain-infuse,DOE NRIC / GAIN / INFUSE (lab-access vouchers),grantor,
deep-isolation-dear0001621,deep-isolation,arpa-e,ARPA-E (Advanced Research Projects Agency-Energy),grantor,
deep-isolation-dear0001797,deep-isolation,arpa-e,ARPA-E (Advanced Research Projects Agency-Energy),grantor,
deep-isolation-desc0025094,deep-isolation,doe-office-of-science,DOE Office of Science,grantor,
elementl-google-development-capital-2025,elementl-power,alphabet,Google,participant,
ex-fusion-infuse-2025-1,ex-fusion,doe-gain-infuse,DOE NRIC / GAIN / INFUSE (lab-access vouchers),grantor,
exofusion-dear0001995,exofusion,arpa-e,ARPA-E (Advanced Research Projects Agency-Energy),grantor,
exofusion-infuse-2024-1,exofusion,doe-gain-infuse,DOE NRIC / GAIN / INFUSE (lab-access vouchers),grantor,
first-light-fusion-seed-2011,first-light-fusion,ip-group,IP Group plc,participant,
first-light-fusion-seed-2011,first-light-fusion,parkwalk-advisors,Parkwalk Advisors Ltd,participant,
first-light-fusion-beis-eef-2018,first-light-fusion,uk-beis,"Department for Business, Energy & Industrial Strategy (BEIS)",grantor,
first-light-fusion-oci-2020,first-light-fusion,oxford-sciences-innovation,Oxford Sciences Innovation (OSI),lead,
first-light-fusion-oci-2020,first-light-fusion,ip-group,IP Group plc,participant,
first-light-fusion-oci-2020,first-light-fusion,hostplus,Hostplus,participant,
first-light-fusion-ukaea-fip-diagnostics-2025,first-light-fusion,ukaea,UK Atomic Energy Authority,grantor,
first-light-fusion-ukaea-fip-lithium-2026,first-light-fusion,ukaea,UK Atomic Energy Authority,grantor,
first-light-fusion-ukaea-simulation-2025,first-light-fusion,ukaea,UK Atomic Energy Authority,grantor,
first-light-fusion-first-close-2026,first-light-fusion,east-x-ventures,East X Ventures,lead,
first-light-fusion-first-close-2026,first-light-fusion,ukaea,UK Atomic Energy Authority,participant,
first-light-fusion-first-close-2026,first-light-fusion,ip-group,IP Group plc,participant,
first-light-fusion-first-close-2026,first-light-fusion,hostplus,Hostplus,participant,
flibe-energy-dene0008845,flibe-energy,doe-ne,US Department of Energy,grantor,
focused-energy-series-a-2026,focused-energy,rwe,RWE,participant,
focused-energy-series-a-2026,focused-energy,sprind,SPRIND (Federal Agency for Disruptive Innovation),participant,
focused-energy-series-a-2026,focused-energy,eic,"European Innovation Council (EIC Accelerator, EIC Fund)",participant,
focused-energy-series-a-2026,focused-energy,beteiligungs-managementgesellschaft-hessen,Beteiligungs-Managementgesellschaft Hessen,participant,
focused-energy-series-a-2026,focused-energy,futury-capital,Futury Capital,participant,
focused-energy-series-a-2026,focused-energy,prime-movers-lab,Prime Movers Lab,participant,
focused-energy-series-a-2026,focused-energy,lowercarbon-capital,Lowercarbon Capital,participant,
focused-energy-series-a-2026,focused-energy,east-x-ventures,East X Ventures,participant,
focused-energy-doe-milestone-desc0024883,focused-energy,doe-fes,"DOE Office of Science, Fusion Energy Sciences (FES)",grantor,
focused-energy-eic-europa-101257418,focused-energy,eic,"European Innovation Council (EIC Accelerator, EIC Fund)",grantor,
focused-energy-horizon-infra-4u-pi-101290656,focused-energy,european-commission-horizon,European Commission (Horizon Europe),grantor,
focused-energy-bmftr-laser-fusion-hub-2026,focused-energy,bmftr,"German Federal Ministry of Research, Technology and Space (BMFTR)",grantor,
fuse-2024-02-afwerx-sbir,fuse-energy-technologies,us-air-force-afwerx,Department of the Air Force (AFWERX / Air Force Research Laboratory),grantor,
gauss-fusion-founders-pre-seed-2023-02,gauss-fusion,alcen,Alcen,participant,
gauss-fusion-founders-pre-seed-2023-02,gauss-fusion,asg-superconductors,ASG Superconductors,participant,
gauss-fusion-founders-pre-seed-2023-02,gauss-fusion,bruker,Bruker EAS,participant,
gauss-fusion-founders-pre-seed-2023-02,gauss-fusion,idom,IDOM,participant,
gauss-fusion-founders-pre-seed-2023-02,gauss-fusion,ri-research-instruments,RI Research Instruments,participant,
gauss-fusion-bmftr-fusion-hub-stride-2026-07,gauss-fusion,bmftr,"German Federal Ministry of Research, Technology and Space (BMFTR)",grantor,
general-fusion-sif-2019,general-fusion,isde-sif,"Innovation, Science and Economic Development Canada (Strategic Innovation Fund)",grantor,
general-fusion-nrc-iap-2020,general-fusion,nrc-ca,Natural Resources Canada / NRC IRAP,grantor,
general-fusion-series-e-2021,general-fusion,temasek,Temasek,lead,
general-fusion-series-e-2021,general-fusion,gic,GIC,participant,
general-fusion-series-e-2021,general-fusion,jimco,JIMCO (Jameel Investment Management Co.),participant,
general-fusion-series-e-2021,general-fusion,bdc-capital,BDC Capital,participant,
general-fusion-series-e-2021,general-fusion,segra-capital,Segra Capital Management,participant,
general-fusion-series-f-2023,general-fusion,bdc-capital,BDC Capital,participant,
general-fusion-series-f-2023,general-fusion,gic,GIC,participant,
general-fusion-bc-grant-2023,general-fusion,british-columbia-government,Government of British Columbia,grantor,
general-fusion-sif-2023-amendment,general-fusion,isde-sif,"Innovation, Science and Economic Development Canada (Strategic Innovation Fund)",grantor,
general-fusion-sif-2025-amendment,general-fusion,isde-sif,"Innovation, Science and Economic Development Canada (Strategic Innovation Fund)",grantor,
general-fusion-sif-2026-amendment,general-fusion,isde-sif,"Innovation, Science and Economic Development Canada (Strategic Innovation Fund)",grantor,
general-fusion-cnl-bdc-2024,general-fusion,canadian-nuclear-laboratories,Canadian Nuclear Laboratories,lead,7276500.0
general-fusion-cnl-bdc-2024,general-fusion,bdc-capital,BDC Capital,lead,7276500.0
general-fusion-rights-offering-2025,general-fusion,segra-capital,Segra Capital Management,participant,
general-fusion-rights-offering-2025,general-fusion,pender,Pender (PenderFund),participant,
general-fusion-rights-offering-2025,general-fusion,chrysalix,Chrysalix Venture Capital,participant,
general-fusion-rights-offering-2025,general-fusion,milfam,MILFAM,participant,
general-fusion-rights-offering-2025,general-fusion,jimco,JIMCO (Jameel Investment Management Co.),participant,
general-fusion-rights-offering-2025,general-fusion,gaingels,Gaingels,participant,
general-fusion-rights-offering-2025,general-fusion,thistledown,Thistledown Capital,participant,
general-fusion-rights-offering-2025,general-fusion,presight-capital,Presight Capital,participant,
general-fusion-rights-offering-2025,general-fusion,hatch,Hatch Ltd.,participant,
general-fusion-pipe-2026,general-fusion,alyeska,Alyeska Investment Group,participant,
general-fusion-infuse-srnl,general-fusion,doe-gain-infuse,DOE NRIC / GAIN / INFUSE (lab-access vouchers),grantor,
gle-doe-innovative-technology-award-2026,global-laser-enrichment,doe-ne,US Department of Energy,grantor,
gle-kentucky-incentives-2026,global-laser-enrichment,commonwealth-of-kentucky,Commonwealth of Kentucky,grantor,
gle-kentucky-incentives-2026,global-laser-enrichment,mccracken-county-ky,McCracken County,grantor,
hb11-energy-infuse-2023-1,hb11-energy,doe-gain-infuse,DOE NRIC / GAIN / INFUSE (lab-access vouchers),grantor,
helical-series-a-2025-07,helical-fusion,sbi-investment,SBI Investment,participant,
helical-series-a-2025-07,helical-fusion,keio-innovation-initiative,Keio Innovation Initiative (KII),participant,
helical-series-a-extension-2025-12,helical-fusion,ecrowd-next,Ecrowd NEXT,participant,
helical-tokyo-zero-emission-2026,helical-fusion,tokyo-metropolitan-government,Tokyo Metropolitan Government,grantor,
helical-aichi-deeptech-launchpad-2025,helical-fusion,aichi-prefecture,Aichi Prefecture,grantor,
helicity-space-infuse-2025-1,helicity-space,doe-gain-infuse,DOE NRIC / GAIN / INFUSE (lab-access vouchers),grantor,
helicity-space-infuse-022a-2,helicity-space,doe-gain-infuse,DOE NRIC / GAIN / INFUSE (lab-access vouchers),grantor,
helion-seed-2014-08,helion-energy,mithril-capital,Mithril Capital,lead,
helion-seed-2014-08,helion-energy,y-combinator,Y Combinator,participant,
helion-series-d-2020-09,helion-energy,dustin-moskovitz,Dustin Moskovitz / Good Ventures,lead,
helion-series-e-2021-11,helion-energy,sam-altman,Sam Altman (incl. Hydrazine Capital),lead,375000000.0
helion-series-e-2021-11,helion-energy,dustin-moskovitz,Dustin Moskovitz / Good Ventures,participant,
helion-series-e-2021-11,helion-energy,mithril-capital,Mithril Capital,participant,
helion-series-e-2021-11,helion-energy,capricorn-investment-group,Capricorn Investment Group,participant,
helion-nucor-investment-2023-09,helion-energy,nucor,Nucor,participant,
helion-series-f-2025-01,helion-energy,lightspeed,Lightspeed Venture Partners,participant,
helion-series-f-2025-01,helion-energy,softbank-vision-fund-2,SoftBank Vision Fund 2,participant,
helion-series-f-2025-01,helion-energy,sam-altman,Sam Altman (incl. Hydrazine Capital),participant,
helion-series-f-2025-01,helion-energy,mithril-capital,Mithril Capital,participant,
helion-series-f-2025-01,helion-energy,capricorn-investment-group,Capricorn Investment Group,participant,
helion-series-f-2025-01,helion-energy,dustin-moskovitz,Dustin Moskovitz / Good Ventures,participant,
helion-series-f-2025-01,helion-energy,nucor,Nucor,participant,
helion-series-g-2026-06-initial,helion-energy,thrive-capital,Thrive Capital,lead,
helion-series-g-2026-06-initial,helion-energy,alta-park-capital,Alta Park Capital,participant,
helion-series-g-2026-06-initial,helion-energy,anti-fund,Anti Fund,participant,
helion-series-g-2026-06-initial,helion-energy,boxgroup,BoxGroup,participant,
helion-series-g-2026-06-initial,helion-energy,lux-capital,Lux Capital,participant,
helion-series-g-2026-06-initial,helion-energy,peak-xv,Peak XV Partners,participant,
helion-series-g-2026-06-initial,helion-energy,bill-ford,Bill Ford,participant,
helion-series-g-2026-06-initial,helion-energy,capricorn-investment-group,Capricorn Investment Group,participant,
helion-series-g-2026-06-initial,helion-energy,lightspeed,Lightspeed Venture Partners,participant,
helion-series-g-2026-06-initial,helion-energy,mithril-capital,Mithril Capital,participant,
helion-series-g-2026-06-initial,helion-energy,dustin-moskovitz,Dustin Moskovitz / Good Ventures,participant,
helion-series-g-2026-06-initial,helion-energy,softbank-vision-fund-2,SoftBank Vision Fund 2,participant,
helion-arpa-e-alpha-2014,helion-energy,arpa-e,ARPA-E (Advanced Research Projects Agency-Energy),grantor,
hexium-seed-2025,hexium,mac-venture-capital,MaC Venture Capital,lead,
hexium-seed-2025,hexium,refactor-capital,Refactor,lead,
hexium-seed-2025,hexium,humba-ventures,Humba Ventures,participant,
hexium-seed-2025,hexium,julian-capital,Julian Capital,participant,
hexium-seed-2025,hexium,overture-vc,Overture VC,participant,
hexium-seed-2025,hexium,r7-partners,R7 Partners,participant,
high-temperature-superconductors-inc-dear0001815,high-temperature-superconductors-inc,arpa-e,ARPA-E (Advanced Research Projects Agency-Energy),grantor,
holosgen-dear0000984,holosgen,arpa-e,ARPA-E (Advanced Research Projects Agency-Energy),grantor,
holtec-2024-doe-palisades-loan,holtec-international,doe-edf,DOE Office of Energy Dominance Financing (formerly Loan Programs Office),lender,
holtec-2024-doe-palisades-loan,holtec-international,federal-financing-bank,Federal Financing Bank,lender,
holtec-doe-palisades-loan-advances-to-2026h1,holtec-international,federal-financing-bank,Federal Financing Bank,lender,
holtec-international-dene0008833,holtec-international,doe-ne,US Department of Energy,grantor,
holtec-international-dene0008843,holtec-international,doe-ne,US Department of Energy,grantor,
holtec-international-dene0009055,holtec-international,doe-ne,US Department of Energy,grantor,
holtec-international-dene0009336,holtec-international,doe-ne,US Department of Energy,grantor,
hyperjet-fusion-desc0018765,hyperjet-fusion,doe-office-of-science,DOE Office of Science,grantor,
hyperjet-fusion-dear0001236,hyperjet-fusion,arpa-e,ARPA-E (Advanced Research Projects Agency-Energy),grantor,
hyperjet-fusion-dear0001268,hyperjet-fusion,arpa-e,ARPA-E (Advanced Research Projects Agency-Energy),grantor,
inertia-series-a-2026,inertia-enterprises,bessemer-venture-partners,Bessemer Venture Partners,lead,
inertia-series-a-2026,inertia-enterprises,gv,GV (Google Ventures),participant,
inertia-series-a-2026,inertia-enterprises,modern-capital,Modern Capital,participant,
inertia-series-a-2026,inertia-enterprises,threshold-ventures,Threshold Ventures,participant,
jimmy-2026-france-2030-phase-two,jimmy-energy,france-2030,"France 2030 (SGPI, DGE, operator Bpifrance)",grantor,
jimmy-2026-equity-round,jimmy-energy,credit-mutuel-alliance-federale,Credit Mutuel Alliance Federale,lead,
jupiter-volta-dear0002055,jupiter-volta,arpa-e,ARPA-E (Advanced Research Projects Agency-Energy),grantor,
ardp-doe-announced-2020,kairos-power,doe-ne,US Department of Energy,grantor,
ardp-doe-tia-2024,kairos-power,doe-ne,US Department of Energy,grantor,
ardp-usaspending-obligated,kairos-power,doe-ne,US Department of Energy,grantor,
doe-industry-opportunities-2020,kairos-power,doe-ne,US Department of Energy,grantor,
samsung-ct-strategic-investment-2026,kairos-power,samsung-ct,Samsung C&T,participant,
kf-series-d-first-close-equity-2026-08,kyoto-fusioneering,imm-investment-japan,IMM Japan Korea-Japan Fusion Fund Investment Limited Partnership,participant,
kf-series-d-first-close-equity-2026-08,kyoto-fusioneering,siteground,SiteGround,participant,
kf-series-d-first-close-equity-2026-08,kyoto-fusioneering,gx-acceleration-agency,GX Acceleration Agency (Organization for the Promotion of Transition to a Decarbonized Growth-Oriented Economic Structure),participant,
kf-series-d-first-close-equity-2026-08,kyoto-fusioneering,development-bank-of-japan,Development Bank of Japan Inc.,participant,
kf-series-d-first-close-equity-2026-08,kyoto-fusioneering,jr-east,East Japan Railway Company (JR East),participant,
kf-series-d-first-close-equity-2026-08,kyoto-fusioneering,minerva-growth-partners,"Minerva Growth Partners, Inc.",participant,
kf-series-d-first-close-equity-2026-08,kyoto-fusioneering,smbc-venture-capital,"SMBC Venture Capital Co., Ltd.",participant,
kf-series-d-first-close-equity-2026-08,kyoto-fusioneering,kyoto-capital-partners,"Kyoto Capital Partners Co., Ltd.",participant,
kf-series-d-first-close-equity-2026-08,kyoto-fusioneering,jic,Japan Investment Corporation (JIC),participant,
kf-series-d-first-close-equity-2026-08,kyoto-fusioneering,daiwa-corporate-investment,"Daiwa Corporate Investment Co., Ltd.",participant,
kf-series-d-first-close-equity-2026-08,kyoto-fusioneering,dbj-capital,"DBJ Capital Co., Ltd.",participant,
kf-series-d-first-close-equity-2026-08,kyoto-fusioneering,mufg-bank,"MUFG Bank, Ltd.",participant,
kf-series-d-credit-facilities-2026-08,kyoto-fusioneering,sumitomo-mitsui-banking-corporation,Sumitomo Mitsui Banking Corporation,lender,
kf-series-d-credit-facilities-2026-08,kyoto-fusioneering,bank-of-kyoto,"The Kyoto Bank, Ltd.",lender,
kf-series-d-credit-facilities-2026-08,kyoto-fusioneering,sumitomo-mitsui-trust-bank,"Sumitomo Mitsui Trust Bank, Limited",lender,
kf-series-d-credit-facilities-2026-08,kyoto-fusioneering,mizuho,Mizuho Financial Group,lender,
kf-series-c-ext-final-close-equity-2025-09,kyoto-fusioneering,31ventures,31VENTURES - Global Brain - Growth I GK (Mitsui Fudosan / Global Brain),lead,
kf-series-c-ext-final-close-equity-2025-09,kyoto-fusioneering,kyocera-venture-innovation-fund,"Kyocera Venture Innovation Fund-I (KVIF-I Limited Partnership, GP: Global Brain Corporation)",participant,
kf-series-c-ext-final-close-equity-2025-09,kyoto-fusioneering,jera,"JERA Co, Inc",participant,
kf-series-c-ext-final-close-equity-2025-09,kyoto-fusioneering,sumitomo-mitsui-trust-bank,"Sumitomo Mitsui Trust Bank, Limited",participant,
kf-series-c-ext-debt-2025-09,kyoto-fusioneering,japan-finance-corporation,Japan Finance Corporation,lender,
kf-series-c-ext-debt-2025-09,kyoto-fusioneering,jbic,JBIC,lender,
kf-series-c-ext-debt-2025-09,kyoto-fusioneering,mufg-bank,"MUFG Bank, Ltd.",lender,
kf-series-c-ext-debt-2025-09,kyoto-fusioneering,sumitomo-mitsui-banking-corporation,Sumitomo Mitsui Banking Corporation,lender,
kf-series-c-ext-debt-2025-09,kyoto-fusioneering,bank-of-kyoto,"The Kyoto Bank, Ltd.",lender,
kf-series-c-ext-2nd-close-2024-07,kyoto-fusioneering,in-q-tel,In-Q-Tel,lead,
kf-series-c-ext-2nd-close-2024-07,kyoto-fusioneering,marubeni,Marubeni Corporation,lead,
kf-series-c-ext-2nd-close-2024-07,kyoto-fusioneering,nichicon,NICHICON CORPORATION,lead,
kf-nedo-gx-deeptech-sts-2024,kyoto-fusioneering,nedo,NEDO,grantor,
kf-bmbf-syrvbrett-2024-12,kyoto-fusioneering,bmbf,German Federal Ministry of Education and Research (BMBF),grantor,
kf-bmbf-kalias-2024-12,kyoto-fusioneering,bmbf,German Federal Ministry of Education and Research (BMBF),grantor,
last-energy-series-b-2024,last-energy,gigascale-capital,Gigascale Capital,lead,
last-energy-series-b-2024,last-energy,autodesk-foundation,Autodesk Foundation,participant,
last-energy-series-c-2025,last-energy,astera-institute,Astera Institute,lead,
last-energy-series-c-2025,last-energy,jam-fund,JAM Fund,participant,
last-energy-series-c-2025,last-energy,gigascale-capital,Gigascale Capital,participant,
last-energy-series-c-2025,last-energy,the-haskell-company,The Haskell Company,participant,
last-energy-series-c-2025,last-energy,ae-ventures,AE Ventures,participant,
last-energy-series-c-2025,last-energy,ultranative,Ultranative,participant,
last-energy-series-c-2025,last-energy,galaxy-interactive,Galaxy Digital (Galaxy Interactive / Galaxy Fund),participant,
last-energy-series-c-2025,last-energy,woori-technology,Woori Technology,participant,
last-energy-doe-ott-voucher-2024,last-energy,doe-ott,"US Department of Energy, Office of Technology Transitions",grantor,
magneto-inertial-fusion-technologies-infuse-022a-1,magneto-inertial-fusion-technologies,doe-gain-infuse,DOE NRIC / GAIN / INFUSE (lab-access vouchers),grantor,
magneto-inertial-fusion-technologies-infuse-022a-2,magneto-inertial-fusion-technologies,doe-gain-infuse,DOE NRIC / GAIN / INFUSE (lab-access vouchers),grantor,
magneto-inertial-fusion-technologies-infuse-021b-3,magneto-inertial-fusion-technologies,doe-gain-infuse,DOE NRIC / GAIN / INFUSE (lab-access vouchers),grantor,
marathon-arpae-create-2023,marathon-fusion,arpa-e,ARPA-E (Advanced Research Projects Agency-Energy),grantor,
marathon-seed-2024,marathon-fusion,1517-fund,1517 Fund,lead,
marathon-seed-2024,marathon-fusion,anglo-american,Anglo American,lead,
marathon-seed-2024,marathon-fusion,ubermorgen-ventures,Übermorgen Ventures,participant,
marathon-seed-2024,marathon-fusion,shared-future-fund,Shared Future Fund,participant,
marathon-seed-2024,marathon-fusion,malcolm-handley,Malcolm Handley,participant,
marathon-infuse-2024,marathon-fusion,doe-gain-infuse,DOE NRIC / GAIN / INFUSE (lab-access vouchers),grantor,
marathon-fusion-dear0002075,marathon-fusion,arpa-e,ARPA-E (Advanced Research Projects Agency-Energy),grantor,
marvel-fusion-series-b-2024,marvel-fusion,hv-capital,HV Capital,lead,
marvel-fusion-series-b-2024,marvel-fusion,b2venture,b2venture,participant,
marvel-fusion-series-b-2024,marvel-fusion,earlybird,Earlybird,participant,
marvel-fusion-series-b-2024,marvel-fusion,athos-venture,Athos Venture,participant,
marvel-fusion-series-b-2024,marvel-fusion,primepulse,Primepulse,participant,
marvel-fusion-series-b-2024,marvel-fusion,plural,Plural,participant,
marvel-fusion-series-b-2024,marvel-fusion,deutsche-telekom,Deutsche Telekom (T.Capital),participant,
marvel-fusion-series-b-2024,marvel-fusion,bayern-kapital,Bayern Kapital,participant,
marvel-fusion-series-b-2024,marvel-fusion,sprind,SPRIND (Federal Agency for Disruptive Innovation),participant,
marvel-fusion-series-b-2024,marvel-fusion,tengelmann-ventures,Tengelmann Ventures,participant,
marvel-fusion-series-b-extension-2025,marvel-fusion,eqt-ventures,EQT Ventures,participant,
marvel-fusion-series-b-extension-2025,marvel-fusion,siemens-energy,Siemens Energy,participant,
marvel-fusion-series-b-extension-2025,marvel-fusion,eic,"European Innovation Council (EIC Accelerator, EIC Fund)",participant,
marvel-fusion-series-b-extension-2025,marvel-fusion,tengelmann-ventures,Tengelmann Ventures,participant,
marvel-fusion-series-b-extension-2025,marvel-fusion,bayern-kapital,Bayern Kapital,participant,
marvel-fusion-eic-accelerator-grant-2024,marvel-fusion,eic,"European Innovation Council (EIC Accelerator, EIC Fund)",grantor,
marvel-fusion-doe-infuse-2025,marvel-fusion,doe-gain-infuse,DOE NRIC / GAIN / INFUSE (lab-access vouchers),grantor,
marvel-fusion-fusiotile-bmftr-2025,marvel-fusion,bmftr,"German Federal Ministry of Research, Technology and Space (BMFTR)",grantor,
marvel-fusion-bmftr-laser-fusion-hub-2026,marvel-fusion,bmftr,"German Federal Ministry of Research, Technology and Space (BMFTR)",grantor,
metox-fg02-07er84691,metox,doe-office-of-science,DOE Office of Science,grantor,
metox-defg0207er84691,metox,doe-office-of-science,DOE Office of Science,grantor,
metox-desc0001005,metox,doe-office-of-science,DOE Office of Science,grantor,
metox-desc0004707,metox,doe-office-of-science,DOE Office of Science,grantor,
metox-dear0001816,metox,arpa-e,ARPA-E (Advanced Research Projects Agency-Energy),grantor,
metox-dems0000131,metox,doe-mesc,DOE Office of Manufacturing and Energy Supply Chains,grantor,
molten-salt-solutions-infuse-2025-1,molten-salt-solutions,doe-gain-infuse,DOE NRIC / GAIN / INFUSE (lab-access vouchers),grantor,
moltex-2020-canada-sif,moltex-energy,isde-sif,"Innovation, Science and Economic Development Canada (Strategic Innovation Fund)",lender,
moltex-2021-acoa-regi-1,moltex-energy,acoa,Atlantic Canada Opportunities Agency,grantor,
moltex-2024-acoa-regi-2,moltex-energy,acoa,Atlantic Canada Opportunities Agency,grantor,
moltex-energy-dear0000989,moltex-energy,arpa-e,ARPA-E (Advanced Research Projects Agency-Energy),grantor,
moltex-energy-dear0001296,moltex-energy,arpa-e,ARPA-E (Advanced Research Projects Agency-Energy),grantor,
naarea-france-2030-grant,naarea,france-2030,"France 2030 (SGPI, DGE, operator Bpifrance)",grantor,
nano-gain-voucher-2026,nano-nuclear-energy,doe-gain-infuse,DOE NRIC / GAIN / INFUSE (lab-access vouchers),grantor,
natura-texas-120m-commitment,natura-resources,state-of-texas,State of Texas,grantor,
newcleo-2021-seed,newcleo,club-degli-investitori,Club degli Investitori,participant,2717910.0
newcleo-2021-seed,newcleo,liftt,LIFTT,participant,
newcleo-2021-seed,newcleo,exor,Exor (Exor Seeds),participant,
newcleo-2024-tranche1,newcleo,viaro-energy,Viaro Energy,participant,
newcleo-2024-tranche1,newcleo,tosto-group,Tosto Group (Walter Tosto),participant,
newcleo-2024-lesto-grant,newcleo,european-commission-horizon,European Commission (Horizon Europe),grantor,
novatron-2023-seed,novatron-fusion-group,climentum-capital,Climentum Capital,lead,
novatron-2023-seed,novatron-fusion-group,industrifonden,Industrifonden,participant,
novatron-2023-seed,novatron-fusion-group,santander-innoenergy-climate-fund,Santander InnoEnergy Climate Fund,participant,
novatron-2023-seed,novatron-fusion-group,kth-holding,KTH Holding,participant,
novatron-2023-seed,novatron-fusion-group,eit-innoenergy,EIT InnoEnergy,participant,
novatron-2024-eic-pathfinder-taueb,novatron-fusion-group,eic,"European Innovation Council (EIC Accelerator, EIC Fund)",grantor,
novatron-2025-series-a1,novatron-fusion-group,st1,St1,lead,
novatron-2025-series-a1,novatron-fusion-group,tomenterprise,TomEnterprise,participant,
novatron-2025-series-a1,novatron-fusion-group,unit-e,Unit E Limited,participant,
novatron-2025-series-a1,novatron-fusion-group,axon-partners-group,Axon Partners Group,participant,
novatron-2025-series-a1,novatron-fusion-group,climentum-capital,Climentum Capital,participant,
novatron-2025-series-a1,novatron-fusion-group,santander-innoenergy-climate-fund,Santander InnoEnergy Climate Fund,participant,
novatron-2025-series-a1,novatron-fusion-group,granitor,Granitor,participant,
novatron-2025-series-a1,novatron-fusion-group,industrifonden,Industrifonden,participant,
nucube-energy-gain-voucher-2024-12,nucube-energy,doe-gain-infuse,DOE NRIC / GAIN / INFUSE (lab-access vouchers),grantor,
nuscale-fluor-convertible-notes-2011,nuscale-power,fluor-enterprises,"Fluor Enterprises, Inc.",lender,
nuscale-pipe-2022-05,nuscale-power,ds-private-equity,"DS Private Equity Co., Ltd.",participant,
nuscale-pipe-2022-05,nuscale-power,green-energy-new-technology-investment-fund,Green Energy New Technology Investment Fund,participant,
nuscale-pipe-2022-05,nuscale-power,samsung-ct,Samsung C&T,participant,
nuscale-doe-de-ne0008928-usaspending,nuscale-power,doe-ne,US Department of Energy,grantor,
nuscale-doe-de-ne0008820-usaspending,nuscale-power,doe-ne,US Department of Energy,grantor,
nuscale-doe-de-ne0008742-usaspending,nuscale-power,doe-ne,US Department of Energy,grantor,
nuscale-doe-de-ne0008369-usaspending,nuscale-power,doe-ne,US Department of Energy,grantor,
nuscale-doe-de-ne0000633-usaspending,nuscale-power,doe-ne,US Department of Energy,grantor,
nuscale-doe-cumulative-10k-2026,nuscale-power,doe-ne,US Department of Energy,grantor,
safe-dcvc-2022-07,oklo,dcvc,DCVC (Data Collective),participant,2000000.0
safe-liberty-2023-07,oklo,liberty-energy,Liberty Oilfield Services LLC (subsidiary of Liberty Energy Inc.),participant,10000000.0
doe-dear0001696-curie,oklo,arpa-e,ARPA-E (Advanced Research Projects Agency-Energy),grantor,
doe-dear0001619-onwards,oklo,arpa-e,ARPA-E (Advanced Research Projects Agency-Energy),grantor,
doe-dear0001606-open,oklo,arpa-e,ARPA-E (Advanced Research Projects Agency-Energy),grantor,
one-nuclear-hvii-bridge-note-2025,one-nuclear-energy,hennessy-capital-investment-corp-vii,Hennessy Capital Investment Corp. VII,lender,
openstar-2026-02-rif-loan,openstar-technologies,nz-regional-infrastructure-fund,Regional Infrastructure Fund (New Zealand Government),lender,
openstar-2025-10-seed-soul-capital,openstar-technologies,soul-capital,Soul Capital (Fund: Te Pae ki te Rangi),participant,
pf-series-a-2024,pacific-fusion,general-catalyst,General Catalyst,lead,
pf-series-a-2024,pacific-fusion,andrew-forrest,Andrew Forrest,participant,
pf-series-a-2024,pacific-fusion,breakthrough-energy-ventures,Breakthrough Energy Ventures,participant,
pf-series-a-2024,pacific-fusion,elad-gil,Elad Gil,participant,
pf-series-a-2024,pacific-fusion,eric-schmidt,Eric Schmidt,participant,
pf-series-a-2024,pacific-fusion,john-doerr,John Doerr,participant,
pf-series-a-2024,pacific-fusion,citadel-ken-griffin,Ken Griffin / Citadel,participant,
pf-series-a-2024,pacific-fusion,lachy-groom,Lachy Groom,participant,
pf-series-a-2024,pacific-fusion,leitmotif,Leitmotif,participant,
pf-series-a-2024,pacific-fusion,lightspeed,Lightspeed Venture Partners,participant,
pf-series-a-2024,pacific-fusion,lowercarbon-capital,Lowercarbon Capital,participant,
pf-series-a-2024,pacific-fusion,mustafa-suleyman,Mustafa Suleyman,participant,
pf-series-a-2024,pacific-fusion,patrick-collison,Patrick Collison,participant,
pf-series-a-2024,pacific-fusion,richard-merkin,Richard Merkin,participant,
pf-series-a-2024,pacific-fusion,trousdale-ventures,Trousdale Ventures,participant,
pf-series-a-2024,pacific-fusion,reid-hoffman,Reid Hoffman,participant,
pf-albuquerque-incentive-2025,pacific-fusion,city-of-albuquerque,City of Albuquerque,grantor,1000000.0
pf-albuquerque-incentive-2025,pacific-fusion,state-of-new-mexico,State of New Mexico (Local Economic Development Act),grantor,9000000.0
princeton-fusion-systems-infuse-022a-1,princeton-fusion-systems,doe-gain-infuse,DOE NRIC / GAIN / INFUSE (lab-access vouchers),grantor,
princeton-fusion-systems-infuse-022a-2,princeton-fusion-systems,doe-gain-infuse,DOE NRIC / GAIN / INFUSE (lab-access vouchers),grantor,
princeton-fusion-systems-infuse-022a-3,princeton-fusion-systems,doe-gain-infuse,DOE NRIC / GAIN / INFUSE (lab-access vouchers),grantor,
proxima-pre-seed-2023,proxima-fusion,plural,Plural,lead,
proxima-pre-seed-2023,proxima-fusion,uvc-partners,UVC Partners,lead,
proxima-pre-seed-2023,proxima-fusion,htgf,High-Tech Gruenderfonds (HTGF),participant,
proxima-pre-seed-2023,proxima-fusion,wilbe,Wilbe,participant,
proxima-pre-seed-extension-2023,proxima-fusion,visionaries-club,Visionaries Club,participant,
proxima-pre-seed-extension-2023,proxima-fusion,hummingbird-collective,Hummingbird Collective,participant,
proxima-pre-seed-extension-2023,proxima-fusion,achleitner-ventures,Achleitner Ventures,participant,
proxima-seed-2024,proxima-fusion,redalpine,redalpine,lead,
proxima-seed-2024,proxima-fusion,bayern-kapital,Bayern Kapital,participant,
proxima-seed-2024,proxima-fusion,dtcf,DeepTech & Climate Fonds (DTCF),participant,
proxima-seed-2024,proxima-fusion,max-planck-foundation,Max Planck Foundation,participant,
proxima-seed-2024,proxima-fusion,plural,Plural,participant,
proxima-seed-2024,proxima-fusion,uvc-partners,UVC Partners,participant,
proxima-seed-2024,proxima-fusion,htgf,High-Tech Gruenderfonds (HTGF),participant,
proxima-seed-2024,proxima-fusion,wilbe,Wilbe,participant,
proxima-seed-2024,proxima-fusion,visionaries-club,Visionaries Club,participant,
proxima-eic-accelerator-grant-2024,proxima-fusion,eic,"European Innovation Council (EIC Accelerator, EIC Fund)",grantor,
proxima-bmbf-ai-grant-2024,proxima-fusion,bmftr,"German Federal Ministry of Research, Technology and Space (BMFTR)",grantor,
proxima-series-a-2025,proxima-fusion,cherry-ventures,Cherry Ventures,lead,
proxima-series-a-2025,proxima-fusion,balderton,Balderton Capital,lead,
proxima-series-a-2025,proxima-fusion,uvc-partners,UVC Partners,participant,
proxima-series-a-2025,proxima-fusion,dtcf,DeepTech & Climate Fonds (DTCF),participant,
proxima-series-a-2025,proxima-fusion,plural,Plural,participant,
proxima-series-a-2025,proxima-fusion,leitmotif,Leitmotif,participant,
proxima-series-a-2025,proxima-fusion,lightspeed,Lightspeed Venture Partners,participant,
proxima-series-a-2025,proxima-fusion,bayern-kapital,Bayern Kapital,participant,
proxima-series-a-2025,proxima-fusion,htgf,High-Tech Gruenderfonds (HTGF),participant,
proxima-series-a-2025,proxima-fusion,club-degli-investitori,Club degli Investitori,participant,
proxima-series-a-2025,proxima-fusion,omnes-capital,OMNES Capital,participant,
proxima-series-a-2025,proxima-fusion,elaia,Elaia,participant,
proxima-series-a-2025,proxima-fusion,visionaries-club,Visionaries Club,participant,
proxima-series-a-2025,proxima-fusion,wilbe,Wilbe,participant,
proxima-series-a-2025,proxima-fusion,redalpine,redalpine,participant,
proxima-series-a-extension-2025,proxima-fusion,cdp-venture,CDP Venture Capital,participant,
proxima-series-a-extension-2025,proxima-fusion,eic,"European Innovation Council (EIC Accelerator, EIC Fund)",participant,
proxima-series-a-extension-2025,proxima-fusion,brevan-howard,Brevan Howard Macro Venture Fund,participant,
proxima-financing-2026,proxima-fusion,xtx-ventures,XTX Ventures,lead,
proxima-financing-2026,proxima-fusion,east-x-ventures,East X Ventures,lead,
proxima-financing-2026,proxima-fusion,rwe,RWE,participant,
proxima-financing-2026,proxima-fusion,alphabet,Google,participant,
proxima-financing-2026,proxima-fusion,kfw-capital,KfW Capital,participant,
proxima-financing-2026,proxima-fusion,sprind,SPRIND (Federal Agency for Disruptive Innovation),participant,
proxima-financing-2026,proxima-fusion,burda-principal,Burda Principal Investments,participant,
proxima-financing-2026,proxima-fusion,plural,Plural,participant,
proxima-financing-2026,proxima-fusion,uvc-partners,UVC Partners,participant,
proxima-financing-2026,proxima-fusion,balderton,Balderton Capital,participant,
proxima-financing-2026,proxima-fusion,cherry-ventures,Cherry Ventures,participant,
proxima-financing-2026,proxima-fusion,dst-global,DST Global,participant,
proxima-financing-2026,proxima-fusion,brevan-howard,Brevan Howard Macro Venture Fund,participant,
proxima-financing-2026,proxima-fusion,lightspeed,Lightspeed Venture Partners,participant,
proxima-financing-2026,proxima-fusion,dtcf,DeepTech & Climate Fonds (DTCF),participant,
proxima-financing-2026,proxima-fusion,redalpine,redalpine,participant,
proxima-financing-2026,proxima-fusion,leitmotif,Leitmotif,participant,
proxima-financing-2026,proxima-fusion,elaia,Elaia,participant,
proxima-financing-2026,proxima-fusion,cdp-venture,CDP Venture Capital,participant,
proxima-financing-2026,proxima-fusion,bayern-kapital,Bayern Kapital,participant,
proxima-financing-2026,proxima-fusion,eic,"European Innovation Council (EIC Accelerator, EIC Fund)",participant,
radiant-series-a-2022,radiant-nuclear,union-square-ventures,Union Square Ventures,lead,
radiant-series-c-2024,radiant-nuclear,dcvc,DCVC (Data Collective),lead,
radiant-series-d-2025,radiant-nuclear,draper-associates,Draper Associates,lead,
radiant-series-d-2025,radiant-nuclear,boost-vc,Boost VC,lead,
radiant-doe-sttr-trisofuel,radiant-nuclear,doe-office-of-science,DOE Office of Science,grantor,
radiant-usaf-fa864923p0464,radiant-nuclear,dod-afrl,"US Air Force (AFRL, Eielson microreactor, SBIR)",grantor,
radiant-usaf-fa864921p1143,radiant-nuclear,dod-afrl,"US Air Force (AFRL, Eielson microreactor, SBIR)",grantor,
realta-seed-2023,realta-fusion,khosla-ventures,Khosla Ventures,lead,
realta-seed-2023,realta-fusion,wisconsin-alumni-research-foundation,Wisconsin Alumni Research Foundation,participant,
realta-doe-fusion-award-2023,realta-fusion,doe-fes,"DOE Office of Science, Fusion Energy Sciences (FES)",grantor,
realta-series-a-2025,realta-fusion,future-ventures,Future Ventures,lead,
realta-series-a-2025,realta-fusion,mayfield,Mayfield,participant,
realta-series-a-2025,realta-fusion,gsbackers,GSBackers,participant,
realta-series-a-2025,realta-fusion,siteground,SiteGround,participant,
realta-series-a-2025,realta-fusion,avila-vc,Avila VC,participant,
realta-series-a-2025,realta-fusion,khosla-ventures,Khosla Ventures,participant,
realta-series-a-2025,realta-fusion,wisconsin-alumni-research-foundation,Wisconsin Alumni Research Foundation,participant,
realta-series-a-2025,realta-fusion,titletowntech,TitletownTech,participant,
realta-svb-facility-2026,realta-fusion,silicon-valley-bank,Silicon Valley Bank,lender,
realta-doe-milestone-desc0024887,realta-fusion,doe-fes,"DOE Office of Science, Fusion Energy Sciences (FES)",grantor,
realta-doe-sc-desc0026626,realta-fusion,doe-fes,"DOE Office of Science, Fusion Energy Sciences (FES)",grantor,
renaissance-fusion-2023-seed,renaissance-fusion,lowercarbon-capital,Lowercarbon Capital,participant,
renaissance-fusion-2024-france2030-grant,renaissance-fusion,bpifrance,Bpifrance,grantor,
renaissance-fusion-2025-series-a1,renaissance-fusion,credit-mutuel-alliance-federale,Credit Mutuel Alliance Federale,lead,
renaissance-fusion-2025-series-a1,renaissance-fusion,lowercarbon-capital,Lowercarbon Capital,participant,
rr-smr-2021-equity,rolls-royce-smr,rolls-royce-group,Rolls-Royce Group,participant,
rr-smr-2021-equity,rolls-royce-smr,bnf-resources,BNF Resources UK Limited,participant,
rr-smr-2021-equity,rolls-royce-smr,exelon,Exelon Generation Limited,participant,
rr-smr-2021-ukri-grant,rolls-royce-smr,innovate-uk,Innovate UK / UKRI,grantor,
rr-smr-2024-cez-stake,rolls-royce-smr,cez,ČEZ Group,participant,
rr-smr-2026-nwf-loan,rolls-royce-smr,nwf,National Wealth Fund,lender,
shine-technologies-dena0002598,shine-technologies,doe-nnsa,DOE National Nuclear Security Administration (NNSA),grantor,
shine-technologies-dena0003923,shine-technologies,doe-nnsa,DOE National Nuclear Security Administration (NNSA),grantor,
shine-technologies-dena0004010,shine-technologies,doe-nnsa,DOE National Nuclear Security Administration (NNSA),grantor,
shine-technologies-desc0024023,shine-technologies,doe-office-of-science,DOE Office of Science,grantor,
shine-technologies-dear0002077,shine-technologies,arpa-e,ARPA-E (Advanced Research Projects Agency-Energy),grantor,
shine-technologies-delp0000207,shine-technologies,doe-edf,DOE Office of Energy Dominance Financing (formerly Loan Programs Office),lender,
shine-technologies-70m-2023,shine-technologies,baillie-gifford,Baillie Gifford,lead,
shine-technologies-70m-2023,shine-technologies,fidelity,Fidelity Management & Research Company,lead,
standard-nuclear-series-a-announced-140m-2026,standard-nuclear,decisive-point,Decisive Point,lead,
standard-nuclear-series-a-announced-140m-2026,standard-nuclear,chevron-technology-ventures,Chevron Technology Ventures,participant,
standard-nuclear-series-a-announced-140m-2026,standard-nuclear,stepstone-group,StepStone Group,participant,
standard-nuclear-series-a-announced-140m-2026,standard-nuclear,andreessen-horowitz,Andreessen Horowitz (a16z),participant,
standard-nuclear-series-a-announced-140m-2026,standard-nuclear,xtx-ventures,XTX Ventures,participant,
standard-nuclear-series-a-announced-140m-2026,standard-nuclear,welara,Welara,participant,
standard-nuclear-series-a-announced-140m-2026,standard-nuclear,fundomo,Fundomo,participant,
standard-nuclear-series-a-announced-140m-2026,standard-nuclear,washington-harbour-partners,Washington Harbour Partners,participant,
standard-nuclear-series-a-announced-140m-2026,standard-nuclear,crucible-capital,Crucible Capital,participant,
startorus-series-a-plus-plus-2026-08,startorus-fusion,shenzhen-investment-holding-capital,Shenzhen Investment Holding Capital,participant,
startorus-series-a-plus-plus-2026-08,startorus-fusion,shenzhen-credit-guarantee-venture-capital,Shenzhen Credit Guarantee Venture Capital,participant,
startorus-series-a-plus-plus-2026-08,startorus-fusion,abc-capital,ABC Capital,participant,
startorus-series-a-plus-plus-2026-08,startorus-fusion,bocom-international-ventures,BOCOM International Ventures,participant,
startorus-series-a-plus-plus-2026-08,startorus-fusion,ggv-capital,GGV Capital,participant,
startorus-series-a-plus-plus-2026-08,startorus-fusion,yongxin-fangzhou-capital,Yongxin Fangzhou Capital,participant,
startorus-series-a-plus-plus-2026-08,startorus-fusion,cococapital,COCOCAPITAL Corporation,participant,
startorus-series-a-plus-plus-2026-08,startorus-fusion,preipo-capital,PreIPO Capital,participant,
startorus-series-a-plus-plus-2026-08,startorus-fusion,shanghai-st-venture-capital,"Shanghai S&T Venture Capital (Group) Co., Ltd. (intellectual property fund)",participant,
steady-2025-series-b-first-close,steady-energy,92-capital,92 Ventures (now 92 Capital),lead,
steady-2025-series-b-first-close,steady-energy,lifeline-ventures,Lifeline Ventures,participant,
steady-2025-series-b-close,steady-energy,92-capital,92 Ventures (now 92 Capital),lead,
steady-2025-series-b-close,steady-energy,localtapiola,LocalTapiola,participant,
steady-2025-series-b-close,steady-energy,tesi,Tesi (Finnish Industry Investment),participant,
steady-2025-series-b-close,steady-energy,move-energy,Move Energy,participant,
steady-2025-series-b-close,steady-energy,valo-ventures,Valo Ventures,participant,
steady-2026-business-finland-loan,steady-energy,business-finland,Business Finland,lender,
steady-2026-eib-convertible,steady-energy,eib,European Investment Bank,lender,
steady-2026-private-placement,steady-energy,elo-mutual-pension,Elo Mutual Pension Insurance Company,participant,
steady-2026-private-placement,steady-energy,fortum,Fortum Energy Holding B.V.,participant,
steady-2026-private-placement,steady-energy,ilmarinen,Ilmarinen Mutual Pension Insurance Company,participant,
steady-2026-private-placement,steady-energy,mininvest,Mininvest Oy,participant,
steady-2026-private-placement,steady-energy,move-energy,Move Energy,participant,
steady-2026-private-placement,steady-energy,orlen-vc,Orlen VC sp. z o.o.,participant,
steady-2026-private-placement,steady-energy,tesi,Tesi (Finnish Industry Investment),participant,
steady-2026-private-placement,steady-energy,varma,Varma Mutual Pension Insurance Company,participant,
steady-2026-private-placement,steady-energy,yes-vc-select,Yes VC Select LP,participant,
stellarex-infuse-2023-1,stellarex,doe-gain-infuse,DOE NRIC / GAIN / INFUSE (lab-access vouchers),grantor,
stellaria-2025-round,stellaria,at-one-ventures,At One Ventures,lead,
stellaria-2025-round,stellaria,supernova-invest,Supernova Invest,lead,
stellaria-2025-round,stellaria,cea-investissement,CEA Investissement,participant,
stellaria-2025-round,stellaria,schneider-electric,Schneider Electric,participant,
stellaria-2025-round,stellaria,exergon,Exergon (Isospin Exergon),participant,
stellaria-2025-round,stellaria,technip-energies,Technip Energies,participant,
stellaria-france-2030-grant,stellaria,france-2030,"France 2030 (SGPI, DGE, operator Bpifrance)",grantor,
tae-rusnano-2012,tae-technologies,rusnano,Rusnano,participant,
tae-cumulative-2018-03,tae-technologies,vulcan,Vulcan Capital,participant,
tae-cumulative-2018-03,tae-technologies,venrock,Venrock,participant,
tae-life-sciences-2018-03,tae-technologies,artis-ventures,Artis Ventures,lead,
tae-cumulative-2021-04,tae-technologies,nea,New Enterprise Associates (NEA),participant,
tae-cumulative-2021-04,tae-technologies,wellcome-trust,Wellcome Trust,participant,
tae-cumulative-2021-04,tae-technologies,alphabet,Google,participant,
tae-cumulative-2021-04,tae-technologies,kuwait-investment-authority,Kuwait Investment Authority,participant,
tae-cumulative-2021-04,tae-technologies,goldman-sachs,Goldman Sachs,participant,
tae-2022-07-series-g2,tae-technologies,chevron-technology-ventures,Chevron Technology Ventures,participant,
tae-2022-07-series-g2,tae-technologies,alphabet,Google,participant,
tae-2022-07-series-g2,tae-technologies,reimagined-ventures,Reimagined Ventures,participant,
tae-2022-07-series-g2,tae-technologies,sumitomo-corp-americas,Sumitomo Corporation of Americas,participant,
tae-2022-07-series-g2,tae-technologies,tiff-investment-management,TIFF Investment Management,participant,
tae-2023-04-power-solutions-series-a,tae-technologies,skywriter-llc,Skywriter LLC,participant,28000000.0
tae-2023-04-power-solutions-series-a,tae-technologies,acadia-woods-partners,"Acadia Woods Partners, LLC",participant,4000000.0
tae-2023-04-power-solutions-series-a,tae-technologies,buchanan-investments-alterenergy,"Buchanan Investments AlterEnergy, LLC",participant,4100000.0
tae-2023-04-power-solutions-series-a,tae-technologies,planet-heritage-foundation,"Planet Heritage Foundation, Inc.",participant,2000000.0
tae-2023-04-power-solutions-series-a,tae-technologies,hos-mbs-investments,"HOS MBS Investments, LP",participant,1500000.0
tae-2023-04-power-solutions-series-a,tae-technologies,ta-330-fund-i,"TA-330 Fund I, A Series of 3 Alpha Power Solutions 1, LP",participant,900000.0
tae-2023-2024-safe,tae-technologies,nea,New Enterprise Associates (NEA),participant,10500000.0
tae-2023-2024-safe,tae-technologies,skywriter-llc,Skywriter LLC,participant,6952720.55
tae-2023-2024-safe,tae-technologies,acadia-woods-partners,"Acadia Woods Partners, LLC",participant,14874297.18
tae-2023-2024-safe,tae-technologies,big-sky-venture-capital,"Big Sky Venture Capital III, LLC",participant,3029492.88
tae-2023-2024-safe,tae-technologies,hos-mbs-investments,"HOS MBS Investments, LP",participant,4514746.44
tae-2023-2024-safe,tae-technologies,planet-heritage-foundation,"Planet Heritage Foundation, Inc.",participant,1079231.88
tae-2023-2024-safe,tae-technologies,stark-investments,Stark Investments Ltd.,participant,1211471.04
tae-2023-2024-safe,tae-technologies,3-alpha-3-kh,3 Alpha 3 KH LLC,participant,2032150.0
tae-2025-06-funding-round,tae-technologies,chevron-technology-ventures,Chevron Technology Ventures,participant,
tae-2025-06-funding-round,tae-technologies,alphabet,Google,participant,
tae-2025-06-funding-round,tae-technologies,nea,New Enterprise Associates (NEA),participant,
tae-tmtg-convertible-note-tranche1,tae-technologies,tmtg,Trump Media & Technology Group,lender,200000000.0
tae-tmtg-convertible-note-tranche2,tae-technologies,tmtg,Trump Media & Technology Group,lender,
terrapower-2020-ardp-initial,terrapower,doe-ne,US Department of Energy,grantor,
terrapower-ardp-natrium-usaspending,terrapower,doe-ne,US Department of Energy,grantor,
terrapower-dene0008924-usaspending,terrapower,doe-ne,US Department of Energy,grantor,
terrapower-dear0001612-usaspending,terrapower,arpa-e,ARPA-E (Advanced Research Projects Agency-Energy),grantor,
terrapower-2022-gain-voucher,terrapower,doe-gain-infuse,DOE NRIC / GAIN / INFUSE (lab-access vouchers),grantor,
terrapower-2022-08-equity,terrapower,sk-group,SK Inc. / SK Innovation,lead,250000000.0
terrapower-2022-08-equity,terrapower,bill-gates,Bill Gates / Gates Frontier,lead,
terrapower-2022-11-equity-extension,terrapower,arcelormittal,ArcelorMittal (XCarb Innovation Fund),participant,
terrapower-2022-11-equity-extension,terrapower,hd-hyundai,HD Hyundai / Hyundai Motor Group / KSOE,participant,
terrapower-2025-06-equity,terrapower,nventures,NVentures (NVIDIA),participant,
terrapower-2025-06-equity,terrapower,bill-gates,Bill Gates / Gates Frontier,participant,
terrapower-2025-06-equity,terrapower,hd-hyundai,HD Hyundai / Hyundai Motor Group / KSOE,participant,
terrapower-2026-01-khnp-stake,terrapower,khnp,Korea Hydro & Nuclear Power,participant,
terrapower-ardp-2b-authorization-ceiling,terrapower,doe-ne,US Department of Energy,grantor,
terrestrial-2019-canada-sif,terrestrial-energy,isde-sif,"Innovation, Science and Economic Development Canada (Strategic Innovation Fund)",lender,
terrestrial-energy-dene0008842,terrestrial-energy,doe-ne,US Department of Energy,grantor,
terrestrial-energy-dene0009228,terrestrial-energy,doe-ne,US Department of Energy,grantor,
terrestrial-energy-dene0009445,terrestrial-energy,doe-ne,US Department of Energy,grantor,
thea-infuse-2023-02,thea-energy,doe-gain-infuse,DOE NRIC / GAIN / INFUSE (lab-access vouchers),grantor,
thea-milestone-2023-06,thea-energy,doe-fes,"DOE Office of Science, Fusion Energy Sciences (FES)",grantor,
thea-infuse-2023-07,thea-energy,doe-gain-infuse,DOE NRIC / GAIN / INFUSE (lab-access vouchers),grantor,
thea-series-a-2024,thea-energy,prelude-ventures,Prelude Ventures,lead,
thea-series-a-2024,thea-energy,11-2-capital,11.2 Capital,participant,
thea-series-a-2024,thea-energy,anglo-american,Anglo American,participant,
thea-series-a-2024,thea-energy,hitachi-ventures,Hitachi Ventures,participant,
thea-series-a-2024,thea-energy,lowercarbon-capital,Lowercarbon Capital,participant,
thea-series-a-2024,thea-energy,mercator-partners,Mercator Partners,participant,
thea-series-a-2024,thea-energy,orion-industrial-ventures,Orion Industrial Ventures (Orion Valves / Ecoline),participant,
thea-series-a-2024,thea-energy,starlight-ventures,Starlight Ventures,participant,
thea-infuse-2025-09,thea-energy,doe-gain-infuse,DOE NRIC / GAIN / INFUSE (lab-access vouchers),grantor,
thea-series-b-2026,thea-energy,us-innovative-technology-fund,U.S. Innovative Technology Fund (USIT),lead,
thea-series-b-2026,thea-energy,general-innovation-capital-partners,General Innovation Capital Partners,participant,
thea-series-b-2026,thea-energy,linse-capital,Linse Capital,participant,
thea-series-b-2026,thea-energy,calm-ventures,Calm Ventures,participant,
thea-series-b-2026,thea-energy,climate-capital,Climate Capital,participant,
thea-series-b-2026,thea-energy,divergent-capital,Divergent Capital,participant,
thea-series-b-2026,thea-energy,emerald-technology-ventures,Emerald Technology Ventures,participant,
thea-series-b-2026,thea-energy,gaingels,Gaingels,participant,
thea-series-b-2026,thea-energy,idemitsu,Idemitsu Kosan,participant,
thea-series-b-2026,thea-energy,overlay-capital,Overlay Capital,participant,
thea-series-b-2026,thea-energy,timescale-ventures,Timescale Ventures,participant,
thea-series-b-2026,thea-energy,what-if-ventures,What If Ventures,participant,
thea-series-b-2026,thea-energy,alumni-ventures,Alumni Ventures,participant,
thea-series-b-2026,thea-energy,hitachi-ventures,Hitachi Ventures,participant,
thea-series-b-2026,thea-energy,lowercarbon-capital,Lowercarbon Capital,participant,
thea-series-b-2026,thea-energy,mercator-partners,Mercator Partners,participant,
thea-series-b-2026,thea-energy,orion-industrial-ventures,Orion Industrial Ventures (Orion Valves / Ecoline),participant,
thea-series-b-2026,thea-energy,prelude-ventures,Prelude Ventures,participant,
thea-series-b-2026,thea-energy,starlight-ventures,Starlight Ventures,participant,
thea-arpa-e-scaleup-2026,thea-energy,arpa-e,ARPA-E (Advanced Research Projects Agency-Energy),grantor,
thea-series-b-extension-2026,thea-energy,brevan-howard,Brevan Howard Macro Venture Fund,participant,
thea-series-b-extension-2026,thea-energy,aloniq,Aloniq,participant,
thea-series-b-extension-2026,thea-energy,alj-investments,ALJ Investments,participant,
thea-series-b-extension-2026,thea-energy,beyond-earth-ventures,Beyond Earth Ventures,participant,
thorizon-2025-series-a-tranche1,thorizon,invest-nl,Invest-NL,lead,
thorizon-2025-series-a-tranche1,thorizon,positron-ventures,Positron Ventures,participant,
thorizon-2025-series-a-tranche1,thorizon,pdenh,PDENH,participant,
thorizon-2025-series-a-tranche1,thorizon,impuls-zeeland,Impuls Zeeland,participant,
thorizon-2025-noord-brabant-grant,thorizon,province-noord-brabant,Province of Noord-Brabant,grantor,
thorizon-2024-france-2030-grant,thorizon,france-2030,"France 2030 (SGPI, DGE, operator Bpifrance)",grantor,
thorizon-2025-jtf-zilt-grant,thorizon,ec-just-transition-fund,European Union (Just Transition Fund),grantor,
thorizon-2026-mooi-grant,thorizon,nl-mooi-kernenergie,Dutch government (MOOI Kernenergie),grantor,
thorizon-2022-mimosa-grant,thorizon,european-commission-horizon,European Commission (Horizon Europe),grantor,
tibbar-plasma-technologies-dear0000677,tibbar-plasma-technologies,arpa-e,ARPA-E (Advanced Research Projects Agency-Energy),grantor,
tibbar-plasma-technologies-desc0018278,tibbar-plasma-technologies,doe-office-of-science,DOE Office of Science,grantor,
tibbar-plasma-technologies-desc0019016,tibbar-plasma-technologies,doe-office-of-science,DOE Office of Science,grantor,
tok-innovateuk-2011-market,tokamak-energy,innovate-uk,Innovate UK / UKRI,grantor,
tok-innovateuk-2011-neutron-source,tokamak-energy,innovate-uk,Innovate UK / UKRI,grantor,
tok-innovateuk-2012-small-tokamak,tokamak-energy,innovate-uk,Innovate UK / UKRI,grantor,
tok-innovateuk-2018-hts-magnets,tokamak-energy,innovate-uk,Innovate UK / UKRI,grantor,
tok-doe-milestone-2023,tokamak-energy,doe-fes,"DOE Office of Science, Fusion Energy Sciences (FES)",grantor,
tok-doe-leaps-2024,tokamak-energy,doe-fes,"DOE Office of Science, Fusion Energy Sciences (FES)",grantor,
tok-equity-2024-11,tokamak-energy,east-x-ventures,East X Ventures,lead,
tok-equity-2024-11,tokamak-energy,lingotto,Lingotto Investment Management,lead,
tok-equity-2024-11,tokamak-energy,furukawa-electric,Furukawa Electric,participant,
tok-equity-2024-11,tokamak-energy,british-patient-capital,British Patient Capital,participant,
tok-equity-2024-11,tokamak-energy,bw-group,BW Group,participant,
tok-equity-2024-11,tokamak-energy,sabanci-climate,Sabanci Climate Ventures,participant,
transmutex-dear0002079,transmutex,arpa-e,ARPA-E (Advanced Research Projects Agency-Energy),grantor,
type-one-seed-2023,type-one-energy,breakthrough-energy-ventures,Breakthrough Energy Ventures,lead,
type-one-seed-2023,type-one-energy,tdk-ventures,TDK Ventures,lead,
type-one-seed-2023,type-one-energy,doral-energy-tech,Doral Energy-Tech Ventures,lead,
type-one-seed-2023,type-one-energy,darco,Darco,participant,
type-one-seed-2023,type-one-energy,grantham-foundation,Grantham Foundation,participant,
type-one-seed-2023,type-one-energy,milfam,MILFAM,participant,
type-one-seed-2023,type-one-energy,orbia-ventures,Orbia Ventures,participant,
type-one-seed-2023,type-one-energy,shorewind-capital,Shorewind Capital,participant,
type-one-seed-2023,type-one-energy,trirec,TRIREC,participant,
type-one-seed-2023,type-one-energy,vahoca,VAHOCA,participant,
type-one-seed-extended-cumulative-2024,type-one-energy,breakthrough-energy-ventures,Breakthrough Energy Ventures,participant,
type-one-seed-extended-cumulative-2024,type-one-energy,doral-energy-tech,Doral Energy-Tech Ventures,participant,
type-one-seed-extended-cumulative-2024,type-one-energy,tdk-ventures,TDK Ventures,participant,
type-one-arpa-e-bethe-2019,type-one-energy,arpa-e,ARPA-E (Advanced Research Projects Agency-Energy),grantor,
type-one-doe-milestone-2023,type-one-energy,doe-fes,"DOE Office of Science, Fusion Energy Sciences (FES)",grantor,
usnc-jmb-dip-2024,ultra-safe-nuclear,jmb-capital-partners-lending,"JMB Capital Partners Lending, LLC",lender,
ultra-safe-nuclear-desc0021948,ultra-safe-nuclear,doe-office-of-science,DOE Office of Science,grantor,
ultra-safe-nuclear-desc0022735,ultra-safe-nuclear,doe-office-of-science,DOE Office of Science,grantor,
valar-seed-2025,valar-atomics,riot-ventures,Riot Ventures,lead,
valar-seed-2025,valar-atomics,alleycorp,AlleyCorp,participant,
valar-seed-2025,valar-atomics,initialized-capital,Initialized Capital,participant,
valar-seed-2025,valar-atomics,day-one-ventures,Day One Ventures,participant,
valar-seed-2025,valar-atomics,steel-atlas,Steel Atlas,participant,
valar-series-a-2025,valar-atomics,palmer-luckey,Palmer Luckey,participant,
valar-series-a-2025,valar-atomics,shyam-sankar,Shyam Sankar,participant,
valar-series-a-2025,valar-atomics,snowpoint-ventures,Snowpoint Ventures,lead,
valar-series-a-2025,valar-atomics,day-one-ventures,Day One Ventures,lead,
valar-series-a-2025,valar-atomics,dream-ventures,Dream Ventures,lead,
valar-series-a-2025,valar-atomics,john-donovan,John Donovan,participant,
valar-series-a-2025,valar-atomics,balerion,Balerion,participant,
valar-series-a-2025,valar-atomics,contrary,Contrary,participant,
valar-series-a-2025,valar-atomics,dtx,DTX,participant,
valar-series-a-2025,valar-atomics,alumni-ventures,Alumni Ventures,participant,
valar-series-a-2025,valar-atomics,crosscut-ventures,Crosscut Ventures,participant,
valar-series-a-2025,valar-atomics,triplepoint,Triplepoint,participant,
valar-series-b-2026,valar-atomics,sequoia-capital,Sequoia Capital,lead,
valar-series-b-2026,valar-atomics,apandion-capital,Apandion Capital,participant,
valar-series-b-2026,valar-atomics,atreides-management,Atreides Management,participant,
valar-series-b-2026,valar-atomics,conviction,Conviction,participant,
valar-series-b-2026,valar-atomics,dream-ventures,Dream Ventures,participant,
valar-series-b-2026,valar-atomics,hof-capital,HOF Capital,participant,
valar-series-b-2026,valar-atomics,point72-ventures,Point72 / Point72 Ventures,participant,
valar-series-b-2026,valar-atomics,riot-ventures,Riot Ventures,participant,
valar-series-b-2026,valar-atomics,snowpoint-ventures,Snowpoint Ventures,participant,
valar-series-b-2026,valar-atomics,valor-equity-partners,Valor Equity Partners,participant,
valar-credit-facility-2026,valar-atomics,erebor-bank,Erebor Bank,lender,
valar-credit-facility-2026,valar-atomics,jp-morgan,J.P. Morgan,lender,
valar-credit-facility-2026,valar-atomics,crescent-cove,Crescent Cove,lender,
valar-credit-facility-2026,valar-atomics,hercules-capital,Hercules Capital,lender,
series-c1-2024,x-energy,amazon,Amazon (Climate Pledge Fund),participant,
series-c1-2024,x-energy,ken-griffin,Ken Griffin (Citadel Founder and CEO),participant,
series-c1-2024,x-energy,ares-management,Ares Management,participant,
series-c1-2024,x-energy,ngp,NGP,participant,
series-c1-2024,x-energy,university-of-michigan,University of Michigan,participant,
amazon-convertible-note-2024,x-energy,amazon,Amazon (Climate Pledge Fund),lender,20000000.0
ardp-xe100-doe-commitment-2021,x-energy,doe-ne,US Department of Energy,grantor,
ardp-xe100-usaspending-obligated,x-energy,doe-ne,US Department of Energy,grantor,
doe-xe100-2016-cooperative-agreement,x-energy,doe-ne,US Department of Energy,grantor,
doe-first-of-a-kind-2018,x-energy,doe-ne,US Department of Energy,grantor,
x-energy-series-c-2023-12-completion,x-energy,ares-management,Ares Management,participant,
x-energy-series-c-2023-12-completion,x-energy,kam-ghaffarian,Kam Ghaffarian,participant,
x-energy-series-c-2023-12-completion,x-energy,ontario-power-generation,Ontario Power Generation,participant,
x-energy-series-c-2023-12-completion,x-energy,curtiss-wright,Curtiss-Wright,participant,
x-energy-series-c-2023-12-completion,x-energy,dl-enc,DL E&C,participant,
x-energy-series-c-2023-12-completion,x-energy,doosan-enerbility,Doosan Enerbility,participant,
x-energy-c2-convertible-notes-2022-23,x-energy,ontario-power-generation,Ontario Power Generation,lender,40000000.0
x-energy-c2-convertible-notes-2022-23,x-energy,ares-management,Ares Management,lender,30000000.0
xcimer-series-a-2024,xcimer-energy,hedosophia,Hedosophia,lead,
xcimer-series-a-2024,xcimer-energy,breakthrough-energy-ventures,Breakthrough Energy Ventures,participant,
xcimer-series-a-2024,xcimer-energy,lowercarbon-capital,Lowercarbon Capital,participant,
xcimer-series-a-2024,xcimer-energy,prelude-ventures,Prelude Ventures,participant,
xcimer-series-a-2024,xcimer-energy,emerson-collective,Emerson Collective,participant,
xcimer-series-a-2024,xcimer-energy,gigascale-capital,Gigascale Capital,participant,
xcimer-series-a-2024,xcimer-energy,starlight-ventures,Starlight Ventures,participant,
xcimer-rtx-2026,xcimer-energy,rtx-ventures,RTX Ventures,participant,
xcimer-doe-milestone-desc0024890,xcimer-energy,doe-fes,"DOE Office of Science, Fusion Energy Sciences (FES)",grantor,
xcimer-doe-milestone-desc0024890-obligated,xcimer-energy,doe-fes,"DOE Office of Science, Fusion Energy Sciences (FES)",grantor,
xcimer-arpae-dear0002030,xcimer-energy,arpa-e,ARPA-E (Advanced Research Projects Agency-Energy),grantor,
zap-series-a-2020,zap-energy,chevron-technology-ventures,Chevron Technology Ventures,participant,
zap-series-b-2021,zap-energy,addition,Addition,lead,
zap-series-b-2021,zap-energy,energy-impact-partners,Energy Impact Partners,participant,
zap-series-b-2021,zap-energy,ga-capital,GA Capital,participant,
zap-series-b-2021,zap-energy,fourth-realm,Fourth Realm,participant,
zap-series-b-2021,zap-energy,chevron-technology-ventures,Chevron Technology Ventures,participant,
zap-series-b-2021,zap-energy,lowercarbon-capital,Lowercarbon Capital,participant,
zap-series-c-2022,zap-energy,lowercarbon-capital,Lowercarbon Capital,lead,
zap-series-c-2022,zap-energy,breakthrough-energy-ventures,Breakthrough Energy Ventures,participant,
zap-series-c-2022,zap-energy,shell-ventures,Shell Ventures,participant,
zap-series-c-2022,zap-energy,dcvc,DCVC (Data Collective),participant,
zap-series-c-2022,zap-energy,valor-equity-partners,Valor Equity Partners,participant,
zap-series-c-2022,zap-energy,addition,Addition,participant,
zap-series-c-2022,zap-energy,energy-impact-partners,Energy Impact Partners,participant,
zap-series-c-2022,zap-energy,chevron-technology-ventures,Chevron Technology Ventures,participant,
zap-series-d-2024,zap-energy,soros-fund-management,Soros Fund Management,lead,
zap-series-d-2024,zap-energy,bam-elevate,BAM Elevate,participant,
zap-series-d-2024,zap-energy,emerson-collective,Emerson Collective,participant,
zap-series-d-2024,zap-energy,leitmotif,Leitmotif,participant,
zap-series-d-2024,zap-energy,mizuho,Mizuho Financial Group,participant,
zap-series-d-2024,zap-energy,plynth-energy,Plynth Energy,participant,
zap-series-d-2024,zap-energy,xplor-ventures,Xplor Ventures,participant,
zap-series-d-2024,zap-energy,addition,Addition,participant,
zap-series-d-2024,zap-energy,breakthrough-energy-ventures,Breakthrough Energy Ventures,participant,
zap-series-d-2024,zap-energy,chevron-technology-ventures,Chevron Technology Ventures,participant,
zap-series-d-2024,zap-energy,dcvc,DCVC (Data Collective),participant,
zap-series-d-2024,zap-energy,energy-impact-partners,Energy Impact Partners,participant,
zap-series-d-2024,zap-energy,lowercarbon-capital,Lowercarbon Capital,participant,
zap-series-d-2024,zap-energy,shell-ventures,Shell Ventures,participant,
zap-arpae-open2018,zap-energy,arpa-e,ARPA-E (Advanced Research Projects Agency-Energy),grantor,
zap-arpae-bethe,zap-energy,arpa-e,ARPA-E (Advanced Research Projects Agency-Energy),grantor,
zap-doe-milestone-2023,zap-energy,doe-fes,"DOE Office of Science, Fusion Energy Sciences (FES)",grantor,
