program_filter,recipient_name,class_heuristic,obligations_usd_fy2020_fy2026
NE_81.121,US SFR OWNER LLC,dev/vendor,1696938130.8
NE_81.121,"X ENERGY, LLC",dev/vendor,934009315.98
NE_81.121,NUSCALE POWER LLC,dev/vendor,263815721.69
NE_81.121,HONEYWELL INTERNATIONAL INC,other company,187500000.0
NE_81.121,CFPP LLC,dev/vendor,164741352.0
NE_81.121,KAIROS POWER LLC,dev/vendor,135500000.0
NE_81.121,WESTINGHOUSE ELECTRIC COMPANY LLC,dev/vendor,120731597.79
NE_81.121,FRAMATOME INC,dev/vendor,120609803.09
NE_81.121,HOLTEC GOVERNMENT SERVICES LLC,dev/vendor,106079027.2
NE_81.121,"SOUTHERN COMPANY SERVICES, INC.",utility,81588477.56
NE_81.121,"CONSTELLATION ENERGY GENERATION, LLC",utility,74088000.0
NE_81.121,GENERAL ELECTRIC COMPANY,dev/vendor,63147615.11
NE_81.121,GENERAL ATOMICS,GA (DIII-D operator),59356611.25
NE_81.121,GE VERNOVA OPERATIONS LLC,dev/vendor,33901392.0
NE_81.121,GLOBAL LASER ENRICHMENT LLC,dev/vendor,28443912.0
NE_81.121,MASSACHUSETTS INSTITUTE OF TECHNOLOGY,university,26255671.71
NE_81.121,THE PENNSYLVANIA STATE UNIVERSITY,university,24454847.57
NE_81.121,UNIVERSITY OF WISCONSIN SYSTEM,university,24341479.3
NE_81.121,UNIVERSITY OF ILLINOIS,university,22127677.69
NE_81.121,NORTH CAROLINA STATE UNIVERSITY,university,21451996.84
NE_81.121,REGENTS OF THE UNIVERSITY OF MICHIGAN,university,21299231.96
NE_81.121,"ADVANCED REACTOR CONCEPTS, LLC",dev/vendor,20223061.0
NE_81.121,UNIVERSITY OF TENNESSEE,university,15870990.93
NE_81.121,TEXAS A&M ENGINEERING EXPERIMENT STATION,university,15228748.72
NE_81.121,NORTHERN STATES POWER COMPANY,utility,10634135.0
NE_81.121,ENERGY HARBOR LLC,utility,10484229.0
NE_81.121,PURDUE UNIVERSITY,university,10321677.28
NE_81.121,ELECTRIC POWER RESEARCH INSTITUTE INC,nonprofit/other,10164581.59
NE_81.121,"REGENTS OF THE UNIVERSITY OF CALIFORNIA, THE",university,9503495.43
NE_81.121,BOARD OF REGENTS OF NEVADA SYSTEM OF HIGHER EDUCATION,university,8659744.61
NE_81.121,GEORGIA TECH RESEARCH CORP,university,8362324.73
NE_81.121,SOUTH CAROLINA UNIVERSITIES RESEARCH & EDUCATION FOUNDATION,university,8151682.49
NE_81.121,RENSSELAER POLYTECHNIC INSTITUTE,university,7773477.68
NE_81.121,UTILITIES SERVICE ALLIANCE INC,other company,7633255.0
NE_81.121,UNIVERSITY OF FLORIDA,university,7351935.12
NE_81.121,OREGON STATE UNIVERSITY,university,7281698.54
NE_81.121,UNIVERSITY OF PITTSBURGH - OF THE COMMONWEALTH SYSTEM OF HIGHER EDUCATION,university,7053489.54
NE_81.121,"UNIVERSITY OF MARYLAND, COLLEGE PARK",university,6733382.7
NE_81.121,UNIVERSITY OF MISSOURI SYSTEM,university,6379735.85
NE_81.121,CLEMSON UNIVERSITY,university,6280482.35
NE_81.121,CERAMIC TUBULAR PRODUCTS LLC,other company,6053242.54
NE_81.121,"OHIO STATE UNIVERSITY, THE",university,6045647.27
NE_81.121,VIRGINIA POLYTECHNIC INSTITUTE & STATE UNIVERSITY,university,5626713.38
NE_81.121,THE RESEARCH FOUNDATION FOR THE STATE UNIVERSITY OF NEW YORK,university,5138868.37
NE_81.121,HOLTEC INTERNATIONAL,dev/vendor,5006612.0
NE_81.121,UNIVERSITY OF UTAH,university,4874947.28
NE_81.121,BOISE STATE UNIVERSITY,university,4734175.26
NE_81.121,ARIZONA STATE UNIVERSITY,university,4480276.79
NE_81.121,BLUE WAVE CAPITAL AND CONSULTING LLC,other company,4306294.98
NE_81.121,TRUSTEES OF THE COLORADO SCHOOL OF MINES,university,4266745.95
NE_81.121,VIRGINIA COMMONWEALTH UNIVERSITY,university,4181192.14
NE_81.121,THE UNIVERSITY OF TEXAS AT SAN ANTONIO,university,4181165.31
NE_81.121,UNIVERSITY OF NEW MEXICO,university,3986947.0
NE_81.121,VANDERBILT UNIVERSITY,university,3948878.13
NE_81.121,UTAH STATE UNIVERSITY,university,3727004.13
NE_81.121,UNIVERSITY OF NOTRE DAME DU LAC,university,3544196.5
NE_81.121,WASHINGTON STATE UNIVERSITY,university,3489207.05
NE_81.121,RESEARCH FOUNDATION OF THE CITY UNIVERSITY OF NEW YORK,university,3109500.2
NE_81.121,BRIGHAM YOUNG UNIVERSITY,university,3098998.39
NE_81.121,"CONTAINER TECHNOLOGIES INDUSTRIES, LLC",other company,2998961.0
NE_81.121,AMERICAN NUCLEAR SOCIETY INCORPORATED,nonprofit/other,2806398.72
NE_81.121,NAC INTERNATIONAL INC.,other company,2668798.0
NE_81.121,THE COUNCIL OF STATE GOVERNMENTS LTD.,nonprofit/other,2661472.94
NE_81.121,ENERGY COMMUNITIES ALLIANCE INC.,other company,2599999.0
NE_81.121,KANSAS STATE UNIVERSITY,university,2576199.91
NE_81.121,UNIVERSITY OF OKLAHOMA,university,2527865.39
NE_81.121,UNIVERSITY OF TEXAS AT AUSTIN,university,2465612.6
NE_81.121,TEXAS A & M UNIVERSITY,university,2239104.81
NE_81.121,BOARD OF REGENTS OF THE UNIVERSITY OF NEBRASKA,university,2159938.56
NE_81.121,AUBURN UNIVERSITY,university,2079947.83
NE_81.121,MISSISSIPPI STATE UNIVERSITY,university,2078411.3
NE_81.121,UNIVERSITY OF SOUTH CAROLINA,university,2075788.63
NE_81.121,KEYSTONE CENTER,other company,1999548.72
NE_81.121,SOUTHERN OHIO DIVERSIFICATION INITIATIVE,other company,1943082.24
NE_81.121,3M COMPANY,other company,1867084.38
NE_81.121,CINCINNATI UNIV OF,university,1831589.42
NE_81.121,"NORTH WIND SITE SERVICES, LLC",other company,1750000.0
NE_81.121,GOOD ENERGY COLLECTIVE INCORPORATED,other company,1661941.63
NE_81.121,"UNIVERSITY OF CALIFORNIA, LOS ANGELES",university,1650000.0
NE_81.121,SOUTHERN STATES ENERGY BOARD,other company,1623078.06
NE_81.121,WESTERN INTERSTATE ENERGY BOARD/WINB,other company,1569763.9
NE_81.121,IOWA STATE UNIVERSITY OF SCIENCE AND TECHNOLOGY,university,1556988.58
NE_81.121,NATIONAL CONFERENCE OF STATE LEGISLATURES,other company,1532929.0
NE_81.121,UNIVERSITY OF SOUTHERN CALIFORNIA,university,1501149.01
NE_81.121,ATOMIC ENERGY COMMISSION OF RHODE ISLAND,other company,1283465.0
NE_81.121,NATIONAL ASSOCIATION OF REGULATORY UTILITY COMMISSIONERS,nonprofit/other,1165000.0
NE_81.121,UNIVERSITY OF WYOMING,university,1094392.54
NE_81.121,"UNIVERSITY OF CALIFORNIA, SAN DIEGO",university,1083333.0
NE_81.121,UNIVERSITY OF MASSACHUSETTS LOWELL,university,1039934.36
NE_81.121,UNIVERSITY OF CONNECTICUT,university,960000.0
NE_81.121,UNIVERSITY OF ALABAMA AT BIRMINGHAM,university,900000.0
NE_81.121,UNIVERSITY OF ARKANSAS,university,843848.0
NE_81.121,REGENTS OF THE UNIVERSITY OF MINNESOTA,university,820117.39
NE_81.121,NATIONAL GOVERNORS ASSOCIATION CENTER FOR BEST PRACTICES,nonprofit/other,790103.0
NE_81.121,THE JOHNS HOPKINS UNIVERSITY,university,759827.0
NE_81.121,ABILENE CHRISTIAN UNIVERSITY,university,753605.0
NE_81.121,UNIVERSITY OF ALASKA FAIRBANKS,university,750000.0
NE_81.121,UNIVERSITY OF CALIFORNIA IRVINE,university,723676.42
NE_81.121,SOUTHERN METHODIST UNIVERSITY,university,704762.73
NE_81.121,"UNIVERSITY OF KENTUCKY RESEARCH FOUNDATION, THE",university,680000.0
NE_81.121,UNIVERSITY OF WASHINGTON,university,650000.0
NE_81.121,THE TRUSTEES OF PRINCETON UNIVERSITY,university,637209.52
NE_81.121,FLORIDA INTERNATIONAL UNIVERSITY,university,635278.52
NE_81.121,"TEXAS A&M UNIVERSITY SYSTEM,THE",university,620072.6
NE_81.121,ANALYSIS AND MEASUREMENT SERVICES CORPORATION,other company,619924.0
NE_81.121,UNIVERSITY OF NORTH TEXAS,university,614856.29
NE_81.121,"CALIFORNIA STATE UNIVERSITY, EAST BAY FOUNDATION, INC.",university,603925.62
NE_81.121,UNIVERSITY OF TEXAS AT DALLAS,university,567123.81
NE_81.121,THE REED INSTITUTE,nonprofit/other,547350.0
NE_81.121,"DEPARTMENT OF CONSERVATION AND ENERGY, STATE OF LOUISIANA",nonprofit/other,500000.0
NE_81.121,DEPARTMENT OF ENVIRONMENT & CONSERVATION TENNESSEE,nonprofit/other,500000.0
NE_81.121,UTAH OFFICE OF ENERGY DEVELOPMENT,other company,500000.0
NE_81.121,RHINOCORPS LTD. CO.,other company,496383.56
NE_81.121,"TERRESTRIAL ENERGY USA, INC.",dev/vendor,495875.28
NE_81.121,REGENTS OF THE UNIVERSITY OF IDAHO,university,494946.38
NE_81.121,TERRAPOWER LLC,dev/vendor,492137.0
NE_81.121,TRUSTEES OF BOSTON UNIVERSITY,university,442901.23
NE_81.121,THE UNIVERSITY OF CENTRAL FLORIDA BOARD OF TRUSTEES,university,426862.66
NE_81.121,"STRUCTURAL INTEGRITY ASSOCIATES, INC",other company,398246.65
NE_81.121,AMERICAN BUREAU OF SHIPPING,other company,377358.39
NE_81.121,THE UNIVERSITY OF MISSISSIPPI,university,354000.0
NE_81.121,THE REGENTS OF THE UNIVERSITY OF COLORADO,university,340160.49
NE_81.121,CASE WESTERN RESERVE UNIVERSITY,university,316634.63
NE_81.121,NORTHWESTERN UNIVERSITY,university,293492.4
NE_81.121,SOUTHERN NUCLEAR DEVELOPMENT LLC,other company,271996.02
NE_81.121,THE UNIVERSITY OF TEXAS AT EL PASO,university,249995.0
NE_81.121,UNIVERSITY OF PUERTO RICO,university,248710.63
NE_81.121,"SMR, LLC",other company,238223.0
NE_81.121,CARNEGIE-MELLON UNIVERSITY,university,190226.06
NE_81.121,KENNESAW STATE UNIVERSITY,university,173750.0
NE_81.121,UNIVERSITY OF ALABAMA,university,159654.09
NE_81.121,IDAHO STATE UNIVERSITY,university,144880.2
NE_81.121,ILLINOIS INSTITUTE OF TECHNOLOGY,university,143921.97
NE_81.121,"NUFUELS, INC.",other company,120000.0
NE_81.121,"RUTGERS, THE STATE UNIVERSITY",university,112911.88
NE_81.121,FRANCIS MARION UNIVERSITY,university,90000.0
NE_81.121,ALFRED UNIVERSITY,university,83821.12
NE_81.121,THOMAS EDISON STATE UNIVERSITY,university,50000.0
NE_81.121,COLORADO STATE UNIVERSITY,university,33701.07
NE_81.121,UNIVERSITY OF GEORGIA,university,30833.0
NE_81.121,MONTANA STATE UNIVERSITY,university,25000.0
NE_81.121,STATE TECHNICAL COLLEGE OF MISSOURI,university,20000.0
NE_81.121,EXCELSIOR UNIVERSITY,university,20000.0
NE_81.121,THE UNIVERSITY OF CHICAGO,university,17500.0
NE_81.121,UNIVERSITY OF RHODE ISLAND,university,15000.0
NE_81.121,UNIVERSITY OF LOUISVILLE,university,10000.0
NE_81.121,SOUTH CAROLINA STATE UNIVERSITY,university,10000.0
NE_81.121,MICHIGAN STATE UNIVERSITY,university,10000.0
NE_81.121,NORTHERN ILLINOIS UNIVERSITY,university,10000.0
NE_81.121,UNIVERSITY OF TEXAS AT ARLINGTON,university,9999.57
NE_81.121,COLLEGE OF EASTERN IDAHO,university,5000.0
NE_81.121,ENERGY HARBOR CORP.,utility,4255.8
NE_81.121,TEXAS STATE TECHNICAL COLLEGE,university,0.0
NE_81.121,COLUMBIA BASIN CONSULTING GROUP LLC,other company,0.0
NE_81.121,FLIBE ENERGY INC,dev/vendor,0.0
NE_81.121,UNIVERSITY OF ARIZONA,university,0.0
NE_81.121,PITTSBURGH TECHNICAL LLC,other company,0.0
NE_81.121,THE UNIVERSITY OF TEXAS PERMIAN BASIN,university,0.0
NE_81.121,"DIRAC SOLUTIONS, INC.",other company,0.0
NE_81.121,SOUTHEAST COMMUNITY COLLEGE,university,0.0
NE_81.121,DUKE UNIVERSITY,university,0.0
NE_81.121,CHATTANOOGA STATE COMMUNITY COLLEGE,university,0.0
NE_81.121,LOUISIANA STATE UNIVERSITY,university,0.0
NE_81.121,STILLMAN COLLEGE,university,0.0
NE_81.121,NEW YORK UNIVERSITY,university,0.0
NE_81.121,UNIVERSITY OF TOLEDO,university,0.0
NE_81.121,NORTHERN NEW MEXICO COLLEGE,university,0.0
NE_81.121,TEXAS A & M UNIVERSITY KINGSVILLE,university,0.0
NE_81.121,TENNESSEE TECHNOLOGICAL UNIVERSITY,university,0.0
NE_81.121,ONONDAGA COMMUNITY COLLEGE,university,0.0
NE_81.121,WILBERFORCE UNIVERSITY,university,0.0
NE_81.121,UNIVERSITY OF DALLAS,university,0.0
NE_81.121,LAKESHORE TECHNICAL COLLEGE,university,0.0
NE_81.121,SOUTH DAKOTA STATE UNIVERSITY,university,0.0
NE_81.121,WESTERN CAROLINA UNIVERSITY,university,0.0
NE_81.121,AALO HOLDINGS INC.,other company,0.0
NE_81.121,OKLO INC.,dev/vendor,0.0
NE_81.121,NATURA RESOURCES LLC,dev/vendor,0.0
NE_81.121,"ANTARES NUCLEAR, INC.",other company,0.0
NE_81.121,VALAR ATOMICS INC.,other company,0.0
NE_81.121,"TERRESTRIAL ENERGY, INC.",dev/vendor,0.0
NE_81.121,ATOMIC ALCHEMY INC.,other company,0.0
NE_81.121,"DEEP FISSION, INC.",other company,0.0
NE_81.121,"STANDARD NUCLEAR, INC.",other company,0.0
NE_81.121,"SOLSTICE ADVANCED MATERIALS US, INC.",other company,0.0
NE_81.121,LAST ENERGY INC.,other company,0.0
NE_81.121,GEORGE WASHINGTON UNIVERSITY (THE),university,-0.78
NE_81.121,"NUVISION ENGINEERING, INC",other company,-1.08
NE_81.121,THE TRUSTEES OF COLUMBIA UNIVERSITY IN THE CITY OF NEW YORK,university,-80.05
NE_81.121,"UNIVERSITY OF CALIFORNIA, SANTA BARBARA",university,-153.0
NE_81.121,TEXAS A & M UNIVERSITY AT GALVESTON,university,-175.68
NE_81.121,"SC SOLUTIONS, INC.",other company,-287.67
NE_81.121,RECTOR & VISITORS OF THE UNIVERSITY OF VIRGINIA,university,-3615.16
NE_81.121,UNIVERSITY OF HOUSTON SYSTEM,university,-5071.72
NE_81.121,SOUTH CAROLINA RESEARCH FOUNDATION,university,-14909.65
NE_81.121,UNIVERSITY OF MONTANA,university,-21731.87
NE_81.121,THE UNIVERSITY OF TULSA,university,-21845.75
NE_81.121,"UNIVERSITY OF CALIFORNIA, DAVIS",university,-26946.4
NE_81.121,"BWXT NUCLEAR ENERGY, INC.",dev/vendor,-41298.72
NE_81.121,AEROPROBE CORPORATION,other company,-51898.48
NE_81.121,FLORIDA STATE UNIVERSITY,university,-59676.5
NE_81.121,UNIVERSITY SYSTEM OF NEW HAMPSHIRE,university,-65867.17
NE_81.121,SYRACUSE UNIVERSITY,university,-66580.68
NE_81.121,WILLIAM MARSH RICE UNIVERSITY,university,-111840.72
NE_81.121,STP NUCLEAR OPERATING COMPANY,other company,-183011.33
NE_81.121,"PKMJ TECHNICAL SERVICES, LLC",other company,-579904.39
ARPAE_81.135_nuclear_kw,UNIVERSITY OF WISCONSIN SYSTEM,university,15409428.95
ARPAE_81.135_nuclear_kw,GENERAL ELECTRIC COMPANY,dev/vendor,9275305.28
ARPAE_81.135_nuclear_kw,MASSACHUSETTS INSTITUTE OF TECHNOLOGY,university,8914674.7
ARPAE_81.135_nuclear_kw,THE TRUSTEES OF COLUMBIA UNIVERSITY IN THE CITY OF NEW YORK,university,8430976.0
ARPAE_81.135_nuclear_kw,THE RESEARCH FOUNDATION FOR THE STATE UNIVERSITY OF NEW YORK,university,8331062.78
ARPAE_81.135_nuclear_kw,THE LELAND STANFORD JUNIOR UNIVERSITY,university,6649783.0
ARPAE_81.135_nuclear_kw,UNIVERSITY OF ILLINOIS,university,6610749.51
ARPAE_81.135_nuclear_kw,THE REGENTS OF THE UNIVERSITY OF COLORADO,university,6204233.0
ARPAE_81.135_nuclear_kw,REGENTS OF THE UNIVERSITY OF MICHIGAN,university,5872029.05
ARPAE_81.135_nuclear_kw,THE JOHNS HOPKINS UNIVERSITY,university,5240000.0
ARPAE_81.135_nuclear_kw,UNIVERSITY OF MARYLAND BALTIMORE COUNTY,university,5177342.82
ARPAE_81.135_nuclear_kw,SUSTEON INC,other company,4999500.0
ARPAE_81.135_nuclear_kw,REGENTS OF THE UNIVERSITY OF MINNESOTA,university,4961947.0
ARPAE_81.135_nuclear_kw,UNIVERSITY OF ROCHESTER,university,4614865.51
ARPAE_81.135_nuclear_kw,"UNIVERSITY OF CALIFORNIA, LOS ANGELES",university,4441252.29
ARPAE_81.135_nuclear_kw,UNIVERSITY OF HOUSTON SYSTEM,university,4381908.0
ARPAE_81.135_nuclear_kw,"MARATHON FUSION, INC.",dev/vendor,4080063.26
ARPAE_81.135_nuclear_kw,"[C]WORTHY, LLC",other company,3884825.0
ARPAE_81.135_nuclear_kw,"SHINE TECHNOLOGIES, LLC",dev/vendor,3780306.0
ARPAE_81.135_nuclear_kw,JUPITER VOLTA INC,other company,3650757.0
ARPAE_81.135_nuclear_kw,YALE UNIV,university,3600000.0
ARPAE_81.135_nuclear_kw,"CIRCULARITY FUELS, INC.",other company,3600000.0
ARPAE_81.135_nuclear_kw,"DEEP ISOLATION US, LLC",dev/vendor,3590410.0
ARPAE_81.135_nuclear_kw,PRESIDENT AND FELLOWS OF HARVARD COLLEGE,university,3584382.0
ARPAE_81.135_nuclear_kw,"XCIMER ENERGY, INC.",dev/vendor,3571249.0
ARPAE_81.135_nuclear_kw,UNIVERSITY OF TENNESSEE,university,3507376.79
ARPAE_81.135_nuclear_kw,OREGON STATE UNIVERSITY,university,3490000.0
ARPAE_81.135_nuclear_kw,HYPERJET FUSION CORPORATION,dev/vendor,3338034.0
ARPAE_81.135_nuclear_kw,"RUTGERS, THE STATE UNIVERSITY",university,3329595.0
ARPAE_81.135_nuclear_kw,GENERAL ATOMICS,GA (DIII-D operator),3283266.78
ARPAE_81.135_nuclear_kw,BOARD OF REGENTS OF NEVADA SYSTEM OF HIGHER EDUCATION,university,3140769.56
ARPAE_81.135_nuclear_kw,"PRECISION COMBUSTION, INC.",other company,3120293.0
ARPAE_81.135_nuclear_kw,"METOX INTERNATIONAL, INC.",other company,3000000.0
ARPAE_81.135_nuclear_kw,UNIVERSITY OF CONNECTICUT,university,3000000.0
ARPAE_81.135_nuclear_kw,THE TRUSTEES OF PRINCETON UNIVERSITY,university,2974819.0
ARPAE_81.135_nuclear_kw,LIMELIGHT STEEL INC.,other company,2910346.0
ARPAE_81.135_nuclear_kw,GEORGIA TECH APPLIED RESEARCH CORP,university,2843195.0
ARPAE_81.135_nuclear_kw,"UNIVERSITY OF CALIFORNIA, SAN DIEGO",university,2834894.44
ARPAE_81.135_nuclear_kw,"TRANSMUTEX U.S.A., INC.",other company,2805624.0
ARPAE_81.135_nuclear_kw,NORTHEASTERN UNIVERSITY,university,2762691.0
ARPAE_81.135_nuclear_kw,"BRIDGE 12 TECHNOLOGIES, INC.",other company,2625000.0
ARPAE_81.135_nuclear_kw,"NK LABS, LLC",other company,2530000.0
ARPAE_81.135_nuclear_kw,"RADIABEAM TECHNOLOGIES, LLC",other company,2484242.0
ARPAE_81.135_nuclear_kw,TERRAPOWER LLC,dev/vendor,2472777.06
ARPAE_81.135_nuclear_kw,WORCESTER POLYTECHNIC INSTITUTE,university,2411919.0
ARPAE_81.135_nuclear_kw,"EMVOLON, INC.",other company,2339828.0
ARPAE_81.135_nuclear_kw,PHOENIX LLC,other company,2326092.99
ARPAE_81.135_nuclear_kw,WESTINGHOUSE ELECTRIC COMPANY LLC,dev/vendor,2322448.0
ARPAE_81.135_nuclear_kw,UNIVERSITY OF NORTH TEXAS,university,2211342.0
ARPAE_81.135_nuclear_kw,"REGENTS OF THE UNIVERSITY OF CALIFORNIA, THE",university,2199663.52
ARPAE_81.135_nuclear_kw,ELECTRIC POWER RESEARCH INSTITUTE INC,nonprofit/other,2136186.7
ARPAE_81.135_nuclear_kw,"DIMENSIONAL ENERGY, INC.",other company,2100104.0
ARPAE_81.135_nuclear_kw,SABR ENTERPRISES LLC,other company,2000000.0
ARPAE_81.135_nuclear_kw,CZERO INC,other company,1997532.0
ARPAE_81.135_nuclear_kw,UNIVERSITY OF WASHINGTON,university,1923104.7
ARPAE_81.135_nuclear_kw,TEXAS A&M ENGINEERING EXPERIMENT STATION,university,1820000.0
ARPAE_81.135_nuclear_kw,"UNIVERSITY OF KENTUCKY RESEARCH FOUNDATION, THE",university,1802500.0
ARPAE_81.135_nuclear_kw,"OMEGA P R&D, INC.",other company,1794932.0
ARPAE_81.135_nuclear_kw,SOPHELIO LLC,other company,1650000.0
ARPAE_81.135_nuclear_kw,TRUSTEES OF THE COLORADO SCHOOL OF MINES,university,1621989.85
ARPAE_81.135_nuclear_kw,VIRGINIA POLYTECHNIC INSTITUTE & STATE UNIVERSITY,university,1558693.6
ARPAE_81.135_nuclear_kw,AMERICAN CENTER FOR MOBILITY,other company,1529629.0
ARPAE_81.135_nuclear_kw,UNIVERSITY OF ALABAMA AT BIRMINGHAM,university,1500745.0
ARPAE_81.135_nuclear_kw,PURDUE UNIVERSITY,university,1458245.0
ARPAE_81.135_nuclear_kw,UNIVERSITY OF UTAH,university,1454068.0
ARPAE_81.135_nuclear_kw,"POWERN, INC.",other company,1300000.0
ARPAE_81.135_nuclear_kw,COMMONWEALTH FUSION SYSTEMS LLC,dev/vendor,1288316.58
ARPAE_81.135_nuclear_kw,MAINSTREAM ENGINEERING CORP,other company,1199765.0
ARPAE_81.135_nuclear_kw,IOWA STATE UNIVERSITY OF SCIENCE AND TECHNOLOGY,university,1189750.0
ARPAE_81.135_nuclear_kw,"TYPE ONE ENERGY GROUP, INC.",dev/vendor,1180000.0
ARPAE_81.135_nuclear_kw,TEXAS TECH UNIVERSITY SYSTEM,university,1148907.42
ARPAE_81.135_nuclear_kw,"POLYMATH RESEARCH, INC.",other company,1147032.0
ARPAE_81.135_nuclear_kw,THE UNIVERSITY OF CENTRAL FLORIDA BOARD OF TRUSTEES,university,1074375.0
ARPAE_81.135_nuclear_kw,GENALPHA NUCLEAR TECHNOLOGIES LLC,other company,1060833.0
ARPAE_81.135_nuclear_kw,VIRGINIA INSTITUTE OF MARINE SCIENCE,nonprofit/other,1018902.0
ARPAE_81.135_nuclear_kw,PHOENIX TAILINGS INC,other company,1000000.0
ARPAE_81.135_nuclear_kw,"FORM ENERGY, INC.",other company,999873.0
ARPAE_81.135_nuclear_kw,"PRINCETON SATELLITE SYSTEMS, INC",other company,957999.36
ARPAE_81.135_nuclear_kw,"OHIO STATE UNIVERSITY, THE",university,900000.0
ARPAE_81.135_nuclear_kw,ORANO FEDERAL SERVICES LLC,dev/vendor,827150.0
ARPAE_81.135_nuclear_kw,HYPERCOMP INC,other company,780000.0
ARPAE_81.135_nuclear_kw,THE PENNSYLVANIA STATE UNIVERSITY,university,760000.0
ARPAE_81.135_nuclear_kw,NEW YORK UNIVERSITY,university,700000.0
ARPAE_81.135_nuclear_kw,CLEMSON UNIVERSITY,university,693313.63
ARPAE_81.135_nuclear_kw,NITRICITY INC.,other company,689000.0
ARPAE_81.135_nuclear_kw,MISSISSIPPI STATE UNIVERSITY,university,645000.0
ARPAE_81.135_nuclear_kw,"ATLANTIC COUNCIL OF THE UNITED STATES, INC. (THE)",nonprofit/other,600000.0
ARPAE_81.135_nuclear_kw,FRAMATOME INC,dev/vendor,566390.0
ARPAE_81.135_nuclear_kw,"CELADYNE TECHNOLOGIES, INC.",other company,500000.0
ARPAE_81.135_nuclear_kw,SYRACUSE UNIVERSITY,university,500000.0
ARPAE_81.135_nuclear_kw,UNIVERSITY OF CALIFORNIA IRVINE,university,500000.0
ARPAE_81.135_nuclear_kw,FERVO ENERGY COMPANY,other company,500000.0
ARPAE_81.135_nuclear_kw,FUCELTECH INC,other company,499999.0
ARPAE_81.135_nuclear_kw,EXOFUSION INC,other company,499946.0
ARPAE_81.135_nuclear_kw,MOLTEN INDUSTRIES INC,other company,499866.0
ARPAE_81.135_nuclear_kw,"SEQUOIA SCIENTIFIC, INC",other company,499694.0
ARPAE_81.135_nuclear_kw,EXOZYMES (CA) INC.,other company,496177.0
ARPAE_81.135_nuclear_kw,ENERGETICS INCORPORATED,other company,476239.0
ARPAE_81.135_nuclear_kw,"UNIVERSITY OF CALIFORNIA, DAVIS",university,462197.01
ARPAE_81.135_nuclear_kw,"FOUNDATION ALLOY TECHNOLOGY EXPLORATIONS, INC",nonprofit/other,449100.0
ARPAE_81.135_nuclear_kw,BRIGHAM YOUNG UNIVERSITY,university,426800.0
ARPAE_81.135_nuclear_kw,"CTFUSION, INC.",other company,416540.01
ARPAE_81.135_nuclear_kw,CASE WESTERN RESERVE UNIVERSITY,university,414146.0
ARPAE_81.135_nuclear_kw,CORNELL UNIVERSITY,university,378918.7
ARPAE_81.135_nuclear_kw,OMEGA PROJECT CO,other company,363500.0
ARPAE_81.135_nuclear_kw,NORTH CAROLINA STATE UNIVERSITY,university,349066.0
ARPAE_81.135_nuclear_kw,AMPHIONIC LLC,other company,295924.0
ARPAE_81.135_nuclear_kw,"OKLO TECHNOLOGIES, INC.",dev/vendor,140000.0
ARPAE_81.135_nuclear_kw,UNIVERSITY OF TEXAS AT AUSTIN,university,115000.0
ARPAE_81.135_nuclear_kw,UNIVERSITY OF SOUTH CAROLINA,university,75000.0
ARPAE_81.135_nuclear_kw,"COMPACT FUSION SYSTEMS, INC.",other company,71441.27
ARPAE_81.135_nuclear_kw,"WOODRUFF SCIENTIFIC, INC",other company,54433.75
ARPAE_81.135_nuclear_kw,HYPERV TECHNOLOGIES CORP.,other company,0.0
ARPAE_81.135_nuclear_kw,C-CRETE TECHNOLOGIES LLC,other company,0.0
ARPAE_81.135_nuclear_kw,SOUTHERN RESEARCH INSTITUTE,university,0.0
ARPAE_81.135_nuclear_kw,ZAP ENERGY INC,dev/vendor,0.0
ARPAE_81.135_nuclear_kw,"ENERGETICS TECHNOLOGY CENTER, INC.",other company,0.0
ARPAE_81.135_nuclear_kw,WASHINGTON STATE UNIVERSITY,university,0.0
ARPAE_81.135_nuclear_kw,"BLUE ORIGIN WASHINGTON, LLC",other company,0.0
ARPAE_81.135_nuclear_kw,GEORGIA TECH RESEARCH CORP,university,0.0
ARPAE_81.135_nuclear_kw,"SUBLIME SYSTEMS, INC.",other company,0.0
ARPAE_81.135_nuclear_kw,GE VERNOVA OPERATIONS LLC,dev/vendor,0.0
ARPAE_81.135_nuclear_kw,THE BOEING COMPANY,other company,0.0
ARPAE_81.135_nuclear_kw,BETTERGY CORP.,other company,-0.01
ARPAE_81.135_nuclear_kw,CALIFORNIA INSTITUTE OF TECHNOLOGY,university,-0.44
ARPAE_81.135_nuclear_kw,SWARTHMORE COLLEGE,university,-438.39
ARPAE_81.135_nuclear_kw,WEST VIRGINIA UNIVERSITY RESEARCH CORPORATION,university,-1576.57
ARPAE_81.135_nuclear_kw,RENSSELAER POLYTECHNIC INSTITUTE,university,-2881.59
ARPAE_81.135_nuclear_kw,CARNEGIE-MELLON UNIVERSITY,university,-14995.52
ARPAE_81.135_nuclear_kw,"NUMEREX, LLC",other company,-16367.78
ARPAE_81.135_nuclear_kw,MOLTEX ENERGY USA LLC,dev/vendor,-128252.43
ARPAE_81.135_nuclear_kw,PALO ALTO RESEARCH CENTER LLC,other company,-1218464.74
ARPAE_81.135_nuclear_kw,YELLOWSTONE ENERGY INC,other company,-1447565.64
SC_81.049_fusion_kw,GENERAL ATOMICS,GA (DIII-D operator),678560184.37
SC_81.049_fusion_kw,UNIVERSITY OF WISCONSIN SYSTEM,university,82574836.75
SC_81.049_fusion_kw,MASSACHUSETTS INSTITUTE OF TECHNOLOGY,university,82273472.86
SC_81.049_fusion_kw,COMMONWEALTH FUSION SYSTEMS LLC,dev/vendor,49622791.0
SC_81.049_fusion_kw,"UNIVERSITY OF CALIFORNIA, LOS ANGELES",university,48616667.48
SC_81.049_fusion_kw,"UNIVERSITY OF CALIFORNIA, SAN DIEGO",university,34294236.57
SC_81.049_fusion_kw,UNIVERSITY OF TENNESSEE,university,32665520.5
SC_81.049_fusion_kw,THE TRUSTEES OF COLUMBIA UNIVERSITY IN THE CITY OF NEW YORK,university,28893114.32
SC_81.049_fusion_kw,"TYPE ONE ENERGY GROUP, INC.",dev/vendor,26725000.0
SC_81.049_fusion_kw,UNIVERSITY OF TEXAS AT AUSTIN,university,21995605.88
SC_81.049_fusion_kw,UNIVERSITY OF ROCHESTER,university,21511822.33
SC_81.049_fusion_kw,COLORADO STATE UNIVERSITY,university,18141859.6
SC_81.049_fusion_kw,ZAP ENERGY INC,dev/vendor,17800000.0
SC_81.049_fusion_kw,THE TRUSTEES OF PRINCETON UNIVERSITY,university,16089098.55
SC_81.049_fusion_kw,"THEA ENERGY, INC.",dev/vendor,13700000.0
SC_81.049_fusion_kw,REALTA FUSION INC.,dev/vendor,12817500.0
SC_81.049_fusion_kw,"UNIVERSITY OF MARYLAND, COLLEGE PARK",university,8563431.98
SC_81.049_fusion_kw,PURDUE UNIVERSITY,university,8518598.27
SC_81.049_fusion_kw,TOKAMAK ENERGY INC,dev/vendor,7500000.0
SC_81.049_fusion_kw,FOCUSED ENERGY INC,dev/vendor,7500000.0
SC_81.049_fusion_kw,TOKAMAK ENERGY LTD,dev/vendor,7252989.51
SC_81.049_fusion_kw,THE RESEARCH FOUNDATION FOR THE STATE UNIVERSITY OF NEW YORK,university,6707363.35
SC_81.049_fusion_kw,AUBURN UNIVERSITY,university,6650443.92
SC_81.049_fusion_kw,MAAT ENERGY CO,other company,5950000.0
SC_81.049_fusion_kw,THE REGENTS OF THE UNIVERSITY OF COLORADO,university,5930794.4
SC_81.049_fusion_kw,"RADIABEAM TECHNOLOGIES, LLC",other company,5898051.0
SC_81.049_fusion_kw,UNIVERSITY OF ILLINOIS,university,5665021.87
SC_81.049_fusion_kw,REGENTS OF THE UNIVERSITY OF MICHIGAN,university,5561097.49
SC_81.049_fusion_kw,THE PENNSYLVANIA STATE UNIVERSITY,university,5543993.51
SC_81.049_fusion_kw,TECH-X CORPORATION,other company,5543961.47
SC_81.049_fusion_kw,XANTHO TECHNOLOGIES LLC,other company,5327388.0
SC_81.049_fusion_kw,UNIVERSITY OF HOUSTON SYSTEM,university,4321609.0
SC_81.049_fusion_kw,COLLEGE OF WILLIAM AND MARY,university,4197885.0
SC_81.049_fusion_kw,FLORIDA STATE UNIVERSITY,university,4120683.5
SC_81.049_fusion_kw,"REGENTS OF THE UNIVERSITY OF CALIFORNIA, THE",university,3530078.72
SC_81.049_fusion_kw,ARIZONA STATE UNIVERSITY,university,3500000.0
SC_81.049_fusion_kw,REGENTS OF THE UNIVERSITY OF MINNESOTA,university,3433239.5
SC_81.049_fusion_kw,UNIVERSITY OF CALIFORNIA IRVINE,university,3191356.2
SC_81.049_fusion_kw,GEORGIA TECH RESEARCH CORP,university,3168397.0
SC_81.049_fusion_kw,ADVANCED COOLING TECHNOLOGIES INC,other company,2950817.52
SC_81.049_fusion_kw,HAMPTON UNIVERSITY,university,2945563.3
SC_81.049_fusion_kw,THE LELAND STANFORD JUNIOR UNIVERSITY,university,2907945.51
SC_81.049_fusion_kw,CARNEGIE-MELLON UNIVERSITY,university,2848341.04
SC_81.049_fusion_kw,THE JOHNS HOPKINS UNIVERSITY,university,2670003.29
SC_81.049_fusion_kw,RENSSELAER POLYTECHNIC INSTITUTE,university,2603407.88
SC_81.049_fusion_kw,BOARD OF REGENTS OF NEVADA SYSTEM OF HIGHER EDUCATION,university,2580613.69
SC_81.049_fusion_kw,NOVA PHOTONICS INC,other company,2575828.73
SC_81.049_fusion_kw,"NUSENICS, LLC",other company,2500000.0
SC_81.049_fusion_kw,HEWLETT PACKARD ENTERPRISE COMPANY,other company,2445492.0
SC_81.049_fusion_kw,RESEARCH FOUNDATION OF THE CITY UNIVERSITY OF NEW YORK,university,2440495.0
SC_81.049_fusion_kw,"RIGETTI & CO, LLC",other company,2306469.0
SC_81.049_fusion_kw,CORNELL UNIVERSITY,university,2093233.0
SC_81.049_fusion_kw,SUBSURFACE INSIGHTS LLC,other company,1900000.0
SC_81.049_fusion_kw,"OHIO STATE UNIVERSITY, THE",university,1777720.62
SC_81.049_fusion_kw,NEW YORK UNIVERSITY,university,1704915.02
SC_81.049_fusion_kw,"BRIDGE 12 TECHNOLOGIES, INC.",other company,1699712.0
SC_81.049_fusion_kw,YALE UNIV,university,1666942.96
SC_81.049_fusion_kw,"UNIVERSITY OF CALIFORNIA, DAVIS",university,1646625.0
SC_81.049_fusion_kw,LEHIGH UNIVERSITY,university,1625914.0
SC_81.049_fusion_kw,NORTHWESTERN UNIVERSITY,university,1603843.0
SC_81.049_fusion_kw,THE UNIVERSITY OF ALABAMA IN HUNTSVILLE,university,1587159.25
SC_81.049_fusion_kw,VANDERBILT UNIVERSITY,university,1572319.0
SC_81.049_fusion_kw,STARFIRE INDUSTRIES LLC,other company,1559959.99
SC_81.049_fusion_kw,AMPEERS LLC,other company,1556500.0
SC_81.049_fusion_kw,NORTH CAROLINA STATE UNIVERSITY,university,1552408.0
SC_81.049_fusion_kw,SILI-ION INC.,other company,1548110.0
SC_81.049_fusion_kw,THE UNIVERSITY OF TEXAS RIO GRANDE VALLEY,university,1530000.0
SC_81.049_fusion_kw,"PLASMA PROCESSES, LLC",other company,1505100.0
SC_81.049_fusion_kw,ENERGY DRIVEN TECHNOLOGIES LLC,other company,1500000.0
SC_81.049_fusion_kw,UNIVERSITY OF CONNECTICUT,university,1489999.0
SC_81.049_fusion_kw,"NMC, INC.",other company,1484356.9
SC_81.049_fusion_kw,"AIR SQUARED, LLC",other company,1386328.87
SC_81.049_fusion_kw,UNIVERSITY OF MASSACHUSETTS LOWELL,university,1372917.41
SC_81.049_fusion_kw,PRINCETON NUENERGY INC,other company,1369365.0
SC_81.049_fusion_kw,"SYDOR INSTRUMENTS, LLC",other company,1356500.0
SC_81.049_fusion_kw,"FARADAY TECHNOLOGY, INC.",other company,1356473.0
SC_81.049_fusion_kw,"ARCTURA, INC",other company,1350000.0
SC_81.049_fusion_kw,ADEM TECHNOLOGIES INC.,other company,1349998.0
SC_81.049_fusion_kw,MICROSOL TECHNOLOGIES INC.,other company,1349998.0
SC_81.049_fusion_kw,"SIMMETRIX, INC.",other company,1349692.0
SC_81.049_fusion_kw,GAMMA REALITY INC,other company,1349636.0
SC_81.049_fusion_kw,TRUSTEES OF THE COLORADO SCHOOL OF MINES,university,1344283.0
SC_81.049_fusion_kw,"KAPTEYN-MURNANE LABORATORIES, INC",other company,1300000.0
SC_81.049_fusion_kw,"XUV LASERS, INC.",other company,1300000.0
SC_81.049_fusion_kw,ZEROK NANOTECH CORPORATION,other company,1300000.0
SC_81.049_fusion_kw,SPECTRAL ENERGIES LLC,other company,1298766.95
SC_81.049_fusion_kw,WEST VIRGINIA UNIVERSITY RESEARCH CORPORATION,university,1287909.14
SC_81.049_fusion_kw,"UNIVERSITY OF CALIFORNIA, SANTA BARBARA",university,1278313.89
SC_81.049_fusion_kw,"EMBRY-RIDDLE AERONAUTICAL UNIVERSITY, INC.",university,1277320.72
SC_81.049_fusion_kw,HDF GROUP,other company,1248462.0
SC_81.049_fusion_kw,SOPHELIO LLC,other company,1234071.57
SC_81.049_fusion_kw,TRUSTEES OF DARTMOUTH COLLEGE,university,1178883.41
SC_81.049_fusion_kw,MICHIGAN STATE UNIVERSITY,university,1170190.95
SC_81.049_fusion_kw,UNIVERSITY OF FLORIDA,university,1155892.0
SC_81.049_fusion_kw,PASSIVELOGIC INC,other company,1150000.0
SC_81.049_fusion_kw,SPECTER AEROSPACE INC.,other company,1149109.0
SC_81.049_fusion_kw,QUESTEK INNOVATIONS LLC,other company,1141839.7
SC_81.049_fusion_kw,CLEMSON UNIVERSITY,university,1141533.0
SC_81.049_fusion_kw,VIRGINIA COMMONWEALTH UNIVERSITY,university,1125000.0
SC_81.049_fusion_kw,FLORIDA INTERNATIONAL UNIVERSITY,university,1118904.0
SC_81.049_fusion_kw,ARETE ASSOCIATES,other company,1103847.0
SC_81.049_fusion_kw,UTAH STATE UNIVERSITY,university,1099568.54
SC_81.049_fusion_kw,UNIVERSITY OF NORTH TEXAS,university,1080000.0
SC_81.049_fusion_kw,NATIONAL ACADEMY OF SCIENCES,nonprofit/other,1033809.49
SC_81.049_fusion_kw,"FAR-TECH, INC",other company,1006675.0
SC_81.049_fusion_kw,BOARD OF REGENTS OF THE UNIVERSITY OF NEBRASKA,university,999989.66
SC_81.049_fusion_kw,FUSION THEORY & COMPUTATION INC,other company,996170.0
SC_81.049_fusion_kw,UNIVERSITY OF OKLAHOMA,university,987903.0
SC_81.049_fusion_kw,TENNESSEE STATE UNIVERSITY,university,972881.93
SC_81.049_fusion_kw,OLD DOMINION UNIVERSITY RESEARCH FOUNDATION,university,930420.69
SC_81.049_fusion_kw,UNIVERSITY OF WASHINGTON,university,899817.75
SC_81.049_fusion_kw,"POLYMATH RESEARCH, INC.",other company,880000.0
SC_81.049_fusion_kw,TRUSTEES OF BOSTON UNIVERSITY,university,875000.0
SC_81.049_fusion_kw,UNIVERSITY OF MEMPHIS,university,858223.0
SC_81.049_fusion_kw,UNIVERSITY OF SOUTH CAROLINA,university,784049.0
SC_81.049_fusion_kw,MISSISSIPPI STATE UNIVERSITY,university,767415.0
SC_81.049_fusion_kw,SOUTH DAKOTA SCHOOL OF MINES & TECHNOLOGY,university,767287.55
SC_81.049_fusion_kw,COLLEGE OF NEW JERSEY,university,764056.0
SC_81.049_fusion_kw,WAYNE STATE UNIVERSITY,university,750000.0
SC_81.049_fusion_kw,UNIVERSITY OF MONTANA,university,749953.0
SC_81.049_fusion_kw,VILLANOVA UNIVERSITY IN THE STATE OF PENNSYLVANIA,university,749797.0
SC_81.049_fusion_kw,EMORY UNIVERSITY,university,747256.99
SC_81.049_fusion_kw,UNIVERSITY OF TEXAS AT DALLAS,university,734140.0
SC_81.049_fusion_kw,THE UNIVERSITY OF IOWA,university,731895.23
SC_81.049_fusion_kw,HOWARD UNIVERSITY,university,725691.0
SC_81.049_fusion_kw,TEMPLE UNIVERSITY-OF THE COMMONWEALTH SYSTEM OF HIGHER EDUCATION,university,698679.0
SC_81.049_fusion_kw,PRISM COMPUTATIONAL SCIENCES INC,other company,660000.26
SC_81.049_fusion_kw,UNIVERSITY OF TOLEDO,university,647500.0
SC_81.049_fusion_kw,SAN DIEGO STATE UNIVERSITY FOUNDATION,university,644000.0
SC_81.049_fusion_kw,KENT STATE UNIVERSITY,university,630627.07
SC_81.049_fusion_kw,UNIVERSITY OF TEXAS AT ARLINGTON,university,616610.75
SC_81.049_fusion_kw,UNIVERSITY OF MIAMI,university,565549.15
SC_81.049_fusion_kw,FIAT LUX LLC,other company,556453.7
SC_81.049_fusion_kw,UNIVERSITY OF NEW MEXICO,university,535512.72
SC_81.049_fusion_kw,VIRGINIA POLYTECHNIC INSTITUTE & STATE UNIVERSITY,university,500159.68
SC_81.049_fusion_kw,TEXAS A & M UNIVERSITY KINGSVILLE,university,500000.0
SC_81.049_fusion_kw,TENNESSEE TECHNOLOGICAL UNIVERSITY,university,490151.5
SC_81.049_fusion_kw,CARNEGIE INSTITUTION OF WASHINGTON,other company,450000.0
SC_81.049_fusion_kw,UNIVERSITY OF SOUTH FLORIDA,university,449918.21
SC_81.049_fusion_kw,"ZAKHAROV, LEONID",other company,428750.0
SC_81.049_fusion_kw,WORCESTER POLYTECHNIC INSTITUTE,university,423791.0
SC_81.049_fusion_kw,"SKYVISION SCIENCES, LLC",other company,412999.0
SC_81.049_fusion_kw,"POLYKALA TECHNOLOGIES, LLC",other company,406500.0
SC_81.049_fusion_kw,ADVANCED CONDUCTOR TECHNOLOGIES LLC,other company,400000.0
SC_81.049_fusion_kw,WILLIAM MARSH RICE UNIVERSITY,university,384579.0
SC_81.049_fusion_kw,OREGON STATE UNIVERSITY,university,359529.0
SC_81.049_fusion_kw,UNIVERSITY OF MASSACHUSETTS,university,349999.99
SC_81.049_fusion_kw,RADIASOFT LLC,other company,346551.52
SC_81.049_fusion_kw,"WOODRUFF SCIENTIFIC, INC",other company,340000.0
SC_81.049_fusion_kw,LANE COLLEGE,university,320870.0
SC_81.049_fusion_kw,FISK UNIVERSITY,university,300000.0
SC_81.049_fusion_kw,INVERSION SEMICONDUCTOR INC.,other company,292715.0
SC_81.049_fusion_kw,UNIVERSITY OF MISSOURI SYSTEM,university,267751.51
SC_81.049_fusion_kw,SCION PLASMA LLC,other company,250000.0
SC_81.049_fusion_kw,"REDSHIFT ENERGY, INC.",other company,249997.0
SC_81.049_fusion_kw,SPACE SCIENCE INSTITUTE,nonprofit/other,239137.19
SC_81.049_fusion_kw,GEORGE MASON UNIVERSITY,university,225811.0
SC_81.049_fusion_kw,GEORGE WASHINGTON UNIVERSITY (THE),university,219841.0
SC_81.049_fusion_kw,HYPER TECH RESEARCH INC,other company,206500.0
SC_81.049_fusion_kw,MISSION POWER CORP.,other company,206500.0
SC_81.049_fusion_kw,COREFORM INC.,other company,206500.0
SC_81.049_fusion_kw,"NALU SCIENTIFIC, LLC",other company,206496.0
SC_81.049_fusion_kw,TUSKEGEE UNIVERSITY,university,206099.33
SC_81.049_fusion_kw,PLASMA FUTURES LLC,other company,206074.0
SC_81.049_fusion_kw,CU AEROSPACE L.L.C.,other company,205273.0
SC_81.049_fusion_kw,IM TECHNOLOGIES LLC,other company,201036.0
SC_81.049_fusion_kw,SUSTEON INC,other company,200000.0
SC_81.049_fusion_kw,"INFINITY PHYSICS, LLC",other company,200000.0
SC_81.049_fusion_kw,MEDIA AND PROCESS TECHNOLOGY INC.,other company,200000.0
SC_81.049_fusion_kw,MUONS INC,other company,200000.0
SC_81.049_fusion_kw,OCEANIT LABORATORIES INC,other company,200000.0
SC_81.049_fusion_kw,ZYMERON CORPORATION,other company,200000.0
SC_81.049_fusion_kw,OSEMI INC,other company,200000.0
SC_81.049_fusion_kw,METASCAPE L.L.C.,other company,199998.0
SC_81.049_fusion_kw,APTIMA INC,other company,199988.0
SC_81.049_fusion_kw,ROCKYTECH LTD,other company,199983.0
SC_81.049_fusion_kw,"MANAGEMENT SCIENCES, INC.",other company,199982.0
SC_81.049_fusion_kw,"COMPOSITE TECHNOLOGY DEVELOPMENT, INC.",other company,199973.0
SC_81.049_fusion_kw,SPACE FOUNDRY INC,other company,199940.0
SC_81.049_fusion_kw,BROOKHAVEN TECHNOLOGY GROUP INC,lab,199828.0
SC_81.049_fusion_kw,"RADIABEAM SYSTEMS, LLC",other company,199555.0
SC_81.049_fusion_kw,PLASMA ENERGY INNOVATION,other company,199484.0
SC_81.049_fusion_kw,"TRANSIENT PLASMA SYSTEMS, INC",other company,199177.11
SC_81.049_fusion_kw,"REM CHEMICALS, INC.",other company,197978.0
SC_81.049_fusion_kw,"SHEAR FORM, INC",other company,197937.0
SC_81.049_fusion_kw,"HARRICK PLASMA, INC.",other company,197480.0
SC_81.049_fusion_kw,"ADAMAS NANOTECHNOLOGIES, INC.",other company,195998.42
SC_81.049_fusion_kw,AA PLASMA LLC,other company,195839.0
SC_81.049_fusion_kw,ADVANCED SUPERCONDUCTING MATERIALS LLC,other company,195831.0
SC_81.049_fusion_kw,CANYON MAGNET ENERGY INC,other company,195629.0
SC_81.049_fusion_kw,"PRINCETON SATELLITE SYSTEMS, INC",other company,192816.0
SC_81.049_fusion_kw,SURFPLASMA INC,other company,188531.0
SC_81.049_fusion_kw,"DIVERSIFIED TECHNOLOGIES, INC.",other company,187197.77
SC_81.049_fusion_kw,"SILVER FIR SOFTWARE, INC.",other company,183548.0
SC_81.049_fusion_kw,APPALACHIAN STATE UNIVERSITY,university,183000.0
SC_81.049_fusion_kw,"IBP USA GROUP, INC.",other company,182378.0
SC_81.049_fusion_kw,NANOCOATINGS INC,other company,181617.62
SC_81.049_fusion_kw,HRS FUSION LLC,other company,180000.0
SC_81.049_fusion_kw,TOYON RESEARCH CORPORATION,university,175914.28
SC_81.049_fusion_kw,CALIFORNIA INSTITUTE OF TECHNOLOGY,university,174499.05
SC_81.049_fusion_kw,AIMILIGHT SENSORS AND INTELLIGENT SYSTEMS INC.,other company,168243.0
SC_81.049_fusion_kw,SOUTHERN ADVENTIST UNIVERSITY,university,156043.0
SC_81.049_fusion_kw,CLEVELAND STATE UNIVERSITY,university,149999.0
SC_81.049_fusion_kw,"X-WAVE INNOVATIONS, INC.",other company,149747.12
SC_81.049_fusion_kw,UNIVERSITY OF NOTRE DAME DU LAC,university,128566.36
SC_81.049_fusion_kw,NORTH CAROLINA AGRICULTURAL AND TECHNICAL STATE UNIVERSITY,university,119949.0
SC_81.049_fusion_kw,"ROGERS STATE UNIVERSITY FOUNDATION, INC.",university,115659.63
SC_81.049_fusion_kw,TRANSITION45 TECHNOLOGIES INC,other company,100000.0
SC_81.049_fusion_kw,SIEMENS CORPORATION,other company,100000.0
SC_81.049_fusion_kw,NEW JERSEY INSTITUTE OF TECHNOLOGY,university,98472.96
SC_81.049_fusion_kw,TEXAS A&M ENGINEERING EXPERIMENT STATION,university,94627.0
SC_81.049_fusion_kw,THE UNIVERSITY OF AKRON,university,90296.0
SC_81.049_fusion_kw,EASTERN MICHIGAN UNIVERSITY,university,75576.37
SC_81.049_fusion_kw,DREXEL UNIVERSITY,university,50851.77
SC_81.049_fusion_kw,THE BOARD OF DIRECTORS OF WITTENBERG COLLEGE,university,47089.0
SC_81.049_fusion_kw,GORDON RESEARCH CONFERENCES,other company,20000.0
SC_81.049_fusion_kw,BAYLOR UNIVERSITY,university,16801.05
SC_81.049_fusion_kw,KITWARE INC,other company,0.0
SC_81.049_fusion_kw,"CALABAZAS CREEK RESEARCH, INC.",other company,0.0
SC_81.049_fusion_kw,SWARTHMORE COLLEGE,university,0.0
SC_81.049_fusion_kw,LUNA INNOVATIONS INCORPORATED,other company,0.0
SC_81.049_fusion_kw,CASE WESTERN RESERVE UNIVERSITY,university,0.0
SC_81.049_fusion_kw,"RIVIS, INC.",other company,0.0
SC_81.049_fusion_kw,APPLIED SCIENCES INC,other company,0.0
SC_81.049_fusion_kw,"TRUSTEES OF THE UNIVERSITY OF PENNSYLVANIA, THE",university,0.0
SC_81.049_fusion_kw,LODESTAR RESEARCH CORPORATION,university,0.0
SC_81.049_fusion_kw,UNIVERSITY SYSTEM OF NEW HAMPSHIRE,university,0.0
SC_81.049_fusion_kw,THE REGENTS OF THE UNIVERSITY OF CALIFORNIA,university,0.0
SC_81.049_fusion_kw,"TIBBAR PLASMA TECHNOLOGIES, INC",dev/vendor,0.0
SC_81.049_fusion_kw,"WASHINGTON UNIVERSITY, THE",university,0.0
SC_81.049_fusion_kw,INENTEC INC.,other company,0.0
SC_81.049_fusion_kw,ULTRAMET,other company,0.0
SC_81.049_fusion_kw,"EMVOLON, INC.",other company,0.0
SC_81.049_fusion_kw,INNOVEERING LLC,other company,-0.05
SC_81.049_fusion_kw,UNIVERSITY OF KANSAS CENTER FOR RESEARCH INC,university,-13.14
SC_81.049_fusion_kw,CLEARSIGN TECHNOLOGIES CORPORATION,other company,-206.3
SC_81.049_fusion_kw,BOISE STATE UNIVERSITY,university,-1354.65
SC_81.049_fusion_kw,"UNIVERSITY OF CALIFORNIA, MERCED",university,-2766.62
SC_81.049_fusion_kw,BRYN MAWR COLLEGE,university,-4903.64
SC_81.049_fusion_kw,"EAGLE HARBOR TECHNOLOGIES, INC.",other company,-17503.77
SC_81.049_fusion_kw,OREGON PHYSICS LLC,other company,-22392.99
SC_81.049_fusion_kw,AMERICAN PHYSICAL SOCIETY,nonprofit/other,-35636.1
SC_81.049_fusion_kw,"RUTGERS, THE STATE UNIVERSITY",university,-709571.0
