slug,name,aliases,type,hq_country,website,portfolio_url,parent,nuclear_company_count,nuclear_companies,source_urls
alumni-ventures,Alumni Ventures,"Alumni Ventures (incl. Westwood Ventures, Towerview Ventures, Bascom Ventures, Total Access Fund, Deep Tech Fund)",vc,US,https://www.av.vc/,https://www.av.vc/portfolio,,7,aalo-atomics; pacific-fusion; radiant; realta-fusion; thea-energy; valar-atomics; x-energy,https://techcrunch.com/2025/08/19/aalo-atomics-raises-100m-to-build-a-microreactor-and-data-center-together/ https://www.aalo.com/post/aalo-atomics-raises-27m-series-a https://www.av.vc/blog/x-energy-the-next-generation-of-nuclear-reactors https://www.av.vc/portfolio https://x.com/isaiah_p_taylor/status/1987875523452956807
breakthrough-energy-ventures,Breakthrough Energy Ventures,,vc,US,https://www.breakthroughenergy.org/,https://www.breakthroughenergy.org/our-work/breakthrough-energy-ventures/portfolio,Breakthrough Energy,5,commonwealth-fusion-systems; pacific-fusion; type-one-energy; xcimer-energy; zap-energy,https://cfs.energy/news-and-media/close-series-a-round/ https://cfs.energy/news-and-media/commonwealth-fusion-systems-raises-863-million-series-b2-round-to-accelerate-the-commercialization-of-fusion-energy/ https://globalventuring.com/university/zap-energy-zips-to-160m-series-c/ https://legacy.zapenergy.com/news/zap-attracts-130m-as-demo-system-begins-operations https://techcrunch.com/2023/03/28/fusion-startup-type-one-fundraising/
lowercarbon-capital,Lowercarbon Capital,Lowercarbon; Lowercase Capital,vc,US,https://lowercarboncapital.com/,https://lowercarbon.com/companies/,,5,commonwealth-fusion-systems; pacific-fusion; thea-energy; xcimer-energy; zap-energy,https://cfs.energy/news-and-media/close-series-a-round/ https://cfs.energy/news-and-media/commonwealth-fusion-systems-raises-863-million-series-b2-round-to-accelerate-the-commercialization-of-fusion-energy/ https://globalventuring.com/university/zap-energy-zips-to-160m-series-c/ https://legacy.zapenergy.com/news/zap-attracts-130m-as-demo-system-begins-operations https://legacy.zapenergy.com/news/zap-raises-series-b-to-advance-reactor-technology
chevron-technology-ventures,Chevron Technology Ventures,,cvc,US,https://www.chevron.com/technology/chevron-technology-ventures,,Chevron,4,radiant; standard-nuclear; tae-technologies; zap-energy,https://globalventuring.com/university/zap-energy-zips-to-160m-series-c/ https://legacy.zapenergy.com/news/zap-attracts-130m-as-demo-system-begins-operations https://legacy.zapenergy.com/news/zap-raises-series-b-to-advance-reactor-technology https://tae.com/tae-technologies-raises-150-million-in-latest-funding-round/ https://www.businesswire.com/news/home/20260126420607/en/Standard-Nuclear-Begins-Production-of-Advanced-HALEU-Fuel-and-Raises-$140-Million-in-Series-A-Funding
dcvc,DCVC (Data Collective),DCVC,vc,US,https://www.dcvc.com/,https://www.dcvc.com/companies,,4,oklo; pacific-fusion; radiant; zap-energy,https://globalventuring.com/university/zap-energy-zips-to-160m-series-c/ https://legacy.zapenergy.com/news/zap-attracts-130m-as-demo-system-begins-operations https://www.dcvc.com/companies https://www.dcvc.com/news-insights/radiant-industries-raises-100-million-dcvc-climate-led-series-c-to-speed-microreactors-to-market/ https://www.orrick.com/en/News/2025/12/Radiant-Closes-Over-300-Million-in-Series-D-Funding
emerson-collective,Emerson Collective,,family_office,US,https://www.emersoncollective.com/,,,4,commonwealth-fusion-systems; x-energy; xcimer-energy; zap-energy,https://cfs.energy/news-and-media/commonwealth-fusion-systems-raises-863-million-series-b2-round-to-accelerate-the-commercialization-of-fusion-energy/ https://legacy.zapenergy.com/news/zap-attracts-130m-as-demo-system-begins-operations https://www.datacenterdynamics.com/en/news/smr-firm-x-energy-closes-700m-funding-round-led-by-amazon/ https://www.latitudemedia.com/news/smr-developer-x-energy-secures-a-700-million-series-d/ https://www.prnewswire.com/news-releases/commonwealth-fusion-systems-raises-1-8-billion-in-funding-to-commercialize-fusion-energy-301434560.html
gigascale-capital,Gigascale Capital,Gigafund,vc,US,https://www.gigascale.vc/,https://www.gigascale.vc/portfolio,,4,commonwealth-fusion-systems; last-energy; radiant; xcimer-energy,https://cfs.energy/news-and-media/commonwealth-fusion-systems-raises-863-million-series-b2-round-to-accelerate-the-commercialization-of-fusion-energy/ https://entrepreneurloop.com/last-energy-funding-100m-series-c-nuclear-startup/ https://startupintros.com/orgs/last-energy https://www.radiantnuclear.com/news/series-c-close https://www.world-nuclear-news.org/articles/funding-and-commercial-agreements-grow-for-last-en
starlight-ventures,Starlight Ventures,,vc,US,https://starlight.vc/,,,4,blue-energy; commonwealth-fusion-systems; thea-energy; xcimer-energy,https://cfs.energy/news-and-media/close-series-a-round/ https://cfs.energy/news-and-media/commonwealth-fusion-systems-raises-863-million-series-b2-round-to-accelerate-the-commercialization-of-fusion-energy/ https://finance.yahoo.com/news/blue-energy-secures-45m-funding-155114317.html https://thea.energy/press-release/thea-energy-announces-20-million-series-a-financing/ https://www.prnewswire.com/news-releases/commonwealth-fusion-systems-raises-1-8-billion-in-funding-to-commercialize-fusion-energy-301434560.html
gaingels,Gaingels,,vc,US,https://www.gaingels.com/,https://gaingels.com/portfolio/,,3,aalo-atomics; general-fusion; thea-energy,https://generalfusion.com/post/a-new-day-general-fusion-closes-oversubscribed-us22-million-financing-welcomes-new-board-members/ https://techcrunch.com/2025/08/19/aalo-atomics-raises-100m-to-build-a-microreactor-and-data-center-together/ https://techcrunch.com/2026/05/27/with-a-new-100m-raise-princetons-thea-energy-is-now-a-top-funded-fusion-startup/
google,Google (Alphabet corporate),Google,corporate,US,https://abc.xyz/,,Alphabet,3,commonwealth-fusion-systems; proxima-fusion; tae-technologies,https://cfs.energy/news-and-media/commonwealth-fusion-systems-raises-863-million-series-b2-round-to-accelerate-the-commercialization-of-fusion-energy/ https://tae.com/tae-technologies-raises-150-million-in-latest-funding-round/ https://techstartups.com/2026/07/07/google-backs-proxima-fusion-in-468m-funding-round-to-build-europes-first-commercial-fusion-power-plant/ https://www.cnbc.com/2022/07/19/google-chevron-invest-in-fusion-startup-tae-technologies.html https://www.prnewswire.com/news-releases/commonwealth-fusion-systems-raises-1-8-billion-in-funding-to-commercialize-fusion-energy-301434560.html
khosla-ventures,Khosla Ventures,,vc,US,https://www.khoslaventures.com/,https://www.khoslaventures.com/portfolio,,3,commonwealth-fusion-systems; realta-fusion; terrapower,https://cfs.energy/news-and-media/close-series-a-round/ https://cfs.energy/news-and-media/commonwealth-fusion-systems-raises-863-million-series-b2-round-to-accelerate-the-commercialization-of-fusion-energy/ https://techcrunch.com/2023/05/31/realta-fusion-seed-round-industrial-heat/ https://www.esgtoday.com/nuclear-startup-realta-raises-36-million-to-commercialize-fusion-energy-tech/ https://www.prnewswire.com/news-releases/commonwealth-fusion-systems-raises-1-8-billion-in-funding-to-commercialize-fusion-energy-301434560.html
leitmotif,Leitmotif,,vc,LU,https://www.leitmotif.com/,,,3,pacific-fusion; proxima-fusion; zap-energy,https://legacy.zapenergy.com/news/zap-attracts-130m-as-demo-system-begins-operations https://www.energycentral.com/energy-biz/post/pacific-fusion-scores-900-million-series-funding-zxtaixkLJpbZeh1 https://www.eu-startups.com/2026/07/largest-european-fusion-investment-on-record-sees-proxima-fusion-raise-e411-million/ https://www.proximafusion.com/press-news/proxima-fusion-raises-eu130m-series-a-to-build-worlds-first-stellarator-based-fusion-power-plant-in-the-2030s
lightspeed,Lightspeed Venture Partners,Lightspeed,vc,US,https://lsvp.com/,https://lsvp.com/companies/,,3,helion-energy; pacific-fusion; proxima-fusion,https://techcrunch.com/2026/06/04/helion-the-sam-altman-backed-fusion-startup-raises-465m-to-build-a-power-plant-for-microsoft/ https://www.energycentral.com/energy-biz/post/pacific-fusion-scores-900-million-series-funding-zxtaixkLJpbZeh1 https://www.eu-startups.com/2026/07/largest-european-fusion-investment-on-record-sees-proxima-fusion-raise-e411-million/ https://www.helionenergy.com/newsroom/helion-announces-425m-series-f-investment-to-scale-commercialized-fusion-power https://www.proximafusion.com/press-news/proxima-fusion-raises-eu130m-series-a-to-build-worlds-first-stellarator-based-fusion-power-plant-in-the-2030s
point72-ventures,Point72 / Point72 Ventures,Point72; Point72 Ventures,asset_manager,US,https://point72.com/,,,3,antares; valar-atomics; x-energy,https://finance.yahoo.com/energy/articles/antares-raises-470m-series-c-113000270.html https://techcrunch.com/2026/08/03/sequoias-shaun-maguire-leads-1b-round-for-nuclear-startup-valar-atomics/ https://www.clay.com/dossier/x-energy-funding
valor-equity-partners,Valor Equity Partners,,vc,US,https://www.valorep.com/,https://www.valorep.com/growth-investments,,3,aalo-atomics; valar-atomics; zap-energy,https://globalventuring.com/university/zap-energy-zips-to-160m-series-c/ https://techcrunch.com/2025/08/19/aalo-atomics-raises-100m-to-build-a-microreactor-and-data-center-together/ https://techcrunch.com/2026/08/03/sequoias-shaun-maguire-leads-1b-round-for-nuclear-startup-valar-atomics/ https://www.aalo.com/post/aalo-atomics-raises-27m-series-a https://www.aalo.com/post/aalo-atomics-raises-6-26m-seed-round
xtx-ventures,XTX Ventures,,cvc,GB,https://www.xtxmarkets.com/ventures,,XTX Markets,3,proxima-fusion; standard-nuclear; x-energy,https://techstartups.com/2026/07/07/google-backs-proxima-fusion-in-468m-funding-round-to-build-europes-first-commercial-fusion-power-plant/ https://www.businesswire.com/news/home/20260126420607/en/Standard-Nuclear-Begins-Production-of-Advanced-HALEU-Fuel-and-Raises-$140-Million-in-Series-A-Funding https://www.clay.com/dossier/x-energy-funding
alyeska,Alyeska Investment Group,"Alyeska Master Fund, L.P.; Alyeska Master Fund, LP",asset_manager,US,https://www.alyeskafunds.com/,,,2,general-fusion; terrestrial-energy,https://www.sec.gov/Archives/edgar/data/0002074850/000110465926106033/gfuz-20260630xf1.htm https://www.sec.gov/Archives/edgar/data/2019804/000110465925116127/tmb-20250930xs1.htm
andreessen-horowitz,Andreessen Horowitz (a16z),Andreessen Horowitz,vc,US,https://a16z.com/,https://a16z.com/portfolio/,,2,radiant; standard-nuclear,https://startupintros.com/news/2023-04-01-radiant-series-b https://valueaddvc.com/blog/standard-nuclear-s1-ipo-breakdown-valuation-microreactor https://www.businesswire.com/news/home/20260126420607/en/Standard-Nuclear-Begins-Production-of-Advanced-HALEU-Fuel-and-Raises-$140-Million-in-Series-A-Funding https://www.orrick.com/en/News/2025/12/Radiant-Closes-Over-300-Million-in-Series-D-Funding
anglo-american,Anglo American,,corporate,GB,https://www.angloamerican.com/,,,2,marathon-fusion; thea-energy,https://thea.energy/press-release/thea-energy-announces-20-million-series-a-financing/ https://www.finsmes.com/2024/07/marathon-fusion-closes-5-9m-seed-funding.html
ark-invest,ARK Invest,ARK Investment Management; ARK Venture Fund,asset_manager,US,https://www.ark-invest.com/,,,2,radiant; x-energy,https://thenextweb.com/news/x-energy-ipo-1-billion-amazon https://www.latitudemedia.com/news/smr-developer-x-energy-secures-a-700-million-series-d/ https://www.orrick.com/en/News/2025/12/Radiant-Closes-Over-300-Million-in-Series-D-Funding https://www.radiantnuclear.com/news/series-c-close
bayern-kapital,Bayern Kapital,,government,DE,https://www.bayernkapital.de/,https://bayernkapital.de/beteiligungen/,,2,marvel-fusion; proxima-fusion,https://tech.eu/2024/04/10/proxima-fusion-raises/ https://www.b2venture.vc/stories/marvel-fusion-raises-more-than-eu60-million-seriess-b https://www.eu-startups.com/2026/07/largest-european-fusion-investment-on-record-sees-proxima-fusion-raise-e411-million/ https://www.marvelfusion.com/newsroom/marvel-fusion-extends-series-b-to-eur-113m-with-commitments-from-eqt-ventures-siemens-energy-and-european-innovation-council-eic-fund https://www.proximafusion.com/press-news/proxima-fusion-raises-eu130m-series-a-to-build-worlds-first-stellarator-based-fusion-power-plant-in-the-2030s
bill-gates,Bill Gates / Gates Frontier,Bill Gates; Gates Frontier,family_office,US,https://www.gatesfrontier.com/,,Gates Frontier,2,commonwealth-fusion-systems; terrapower,https://cfs.energy/news-and-media/commonwealth-fusion-systems-raises-863-million-series-b2-round-to-accelerate-the-commercialization-of-fusion-energy/ https://www.prnewswire.com/news-releases/commonwealth-fusion-systems-raises-1-8-billion-in-funding-to-commercialize-fusion-energy-301434560.html https://www.reuters.com/article/markets/asia/exclusive-bill-gates-backed-nuclear-startup-raises-35-million-idUSTRE65D4FG/ https://www.terrapower.com/fundraise https://www.terrapower.com/terrapower-announces-650-million-fundraise
boxgroup,BoxGroup,Box Group,vc,,,,,2,antares; helion-energy,https://antaresindustries.com/updates/antares-secures-30-million-series-a-to-accelerate-defense-space-and-industrial-focused-nuclear-energy https://techcrunch.com/2026/06/04/helion-the-sam-altman-backed-fusion-startup-raises-465m-to-build-a-power-plant-for-microsoft/
brevan-howard,Brevan Howard Macro Venture Fund,Brevan Howard Macro Venture,asset_manager,GB,https://www.brevanhoward.com/,,,2,commonwealth-fusion-systems; proxima-fusion,https://cfs.energy/news-and-media/commonwealth-fusion-systems-raises-863-million-series-b2-round-to-accelerate-the-commercialization-of-fusion-energy/ https://www.eu-startups.com/2025/09/german-fusion-startup-proxima-fusion-raises-additional-e15-million-as-it-accelerates-into-hardware-execution/ https://www.eu-startups.com/2026/07/largest-european-fusion-investment-on-record-sees-proxima-fusion-raise-e411-million/
citadel-ken-griffin,Ken Griffin / Citadel,Ken Griffin; Ken Griffin (Citadel),angel,US,,,,2,pacific-fusion; x-energy,https://www.energycentral.com/energy-biz/post/pacific-fusion-scores-900-million-series-funding-zxtaixkLJpbZeh1 https://x-energy.com/media/news-releases/amazon-invests-in-x-energy-to-support-advanced-small-modular-nuclear-reactors-and-expand-carbon-free-power
club-degli-investitori,Club degli Investitori,,angel,IT,https://www.clubdegliinvestitori.it/,,,2,newcleo; proxima-fusion,https://tech.eu/2022/06/20/with-a-new-approach-to-nuclear-london-s-newcleo-clears-300-million-in-equity-raise/ https://www.proximafusion.com/press-news/proxima-fusion-raises-eu130m-series-a-to-build-worlds-first-stellarator-based-fusion-power-plant-in-the-2030s
crosscut-ventures,Crosscut Ventures,Crosscut,vc,US,,,,2,aalo-atomics; valar-atomics,https://techcrunch.com/2025/08/19/aalo-atomics-raises-100m-to-build-a-microreactor-and-data-center-together/ https://www.aalo.com/post/aalo-atomics-raises-27m-series-a https://x.com/isaiah_p_taylor/status/1987875523452956807
decisive-point,Decisive Point,,vc,,,,,2,radiant; standard-nuclear,https://www.businesswire.com/news/home/20250610455936/en/Standard-Nuclear-Emerges-from-Stealth-with-%2442-Million-in-Funding-to-Secure-the-Domestic-Advanced-Nuclear-Fuel-Supply-Chain https://www.businesswire.com/news/home/20260126420607/en/Standard-Nuclear-Begins-Production-of-Advanced-HALEU-Fuel-and-Raises-$140-Million-in-Series-A-Funding https://www.radiantnuclear.com/blog/series-b/
draper-associates,Draper Associates,Draper Associates (Tim Draper),vc,US,https://www.draper.vc/,https://www.draper.vc/portfolio,,2,oklo; radiant,https://en.wikipedia.org/wiki/Oklo_Inc. https://www.orrick.com/en/News/2025/12/Radiant-Closes-Over-300-Million-in-Series-D-Funding https://www.radiantnuclear.com/blog/series-b/
dustin-moskovitz,Dustin Moskovitz / Good Ventures,Dustin Moskovitz; Dustin Moskovitz (Good Ventures Foundation),family_office,US,https://www.goodventures.org/,,,2,helion-energy; oklo,https://en.wikipedia.org/wiki/Oklo_Inc. https://techcrunch.com/2026/06/04/helion-the-sam-altman-backed-fusion-startup-raises-465m-to-build-a-power-plant-for-microsoft/ https://www.helionenergy.com/articles/helion-raises-500m/ https://www.helionenergy.com/newsroom/helion-announces-425m-series-f-investment-to-scale-commercialized-fusion-power
east-x-ventures,East X Ventures,,vc,DE,https://www.eastx.com/,,,2,proxima-fusion; tokamak-energy,https://techstartups.com/2026/07/07/google-backs-proxima-fusion-in-468m-funding-round-to-build-europes-first-commercial-fusion-power-plant/ https://tokamakenergy.com/2024/11/20/tokamak-energy-raises-125m-to-commercialise-transformative-fusion-and-magnet-technologies/
eic-fund,European Innovation Council Fund,EIC Fund,government,LU,https://eic.ec.europa.eu/,,,2,marvel-fusion; proxima-fusion,https://www.eu-startups.com/2025/09/german-fusion-startup-proxima-fusion-raises-additional-e15-million-as-it-accelerates-into-hardware-execution/ https://www.eu-startups.com/2026/07/largest-european-fusion-investment-on-record-sees-proxima-fusion-raise-e411-million/ https://www.marvelfusion.com/newsroom/marvel-fusion-extends-series-b-to-eur-113m-with-commitments-from-eqt-ventures-siemens-energy-and-european-innovation-council-eic-fund
eric-schmidt,Eric Schmidt,,angel,US,,,,2,commonwealth-fusion-systems; pacific-fusion,https://cfs.energy/news-and-media/commonwealth-fusion-systems-raises-863-million-series-b2-round-to-accelerate-the-commercialization-of-fusion-energy/ https://www.energycentral.com/energy-biz/post/pacific-fusion-scores-900-million-series-funding-zxtaixkLJpbZeh1
fine-structure-ventures,Fine Structure Ventures,,vc,US,https://www.finestructure.vc/,,,2,aalo-atomics; commonwealth-fusion-systems,https://techcrunch.com/2025/08/19/aalo-atomics-raises-100m-to-build-a-microreactor-and-data-center-together/ https://www.prnewswire.com/news-releases/commonwealth-fusion-systems-raises-1-8-billion-in-funding-to-commercialize-fusion-energy-301434560.html
future-ventures,Future Ventures,,vc,US,https://www.future.ventures/,https://future.ventures/investments/,,2,commonwealth-fusion-systems; realta-fusion,https://cfs.energy/news-and-media/close-series-a-round/ https://cfs.energy/news-and-media/commonwealth-fusion-systems-raises-863-million-series-b2-round-to-accelerate-the-commercialization-of-fusion-energy/ https://www.esgtoday.com/nuclear-startup-realta-raises-36-million-to-commercialize-fusion-energy-tech/ https://www.prnewswire.com/news-releases/commonwealth-fusion-systems-raises-1-8-billion-in-funding-to-commercialize-fusion-energy-301434560.html https://www.wfmz.com/news/pr_newswire/pr_newswire_business/commonwealth-fusion-systems-raises-84-million-in-a2-round/article_8b512220-3f94-5492-bcc1-0a546afb7728.html
galaxy-interactive,Galaxy Digital (Galaxy Interactive / Galaxy Fund),Galaxy Fund; Galaxy Interactive,vc,US,https://www.galaxy.com/,,,2,commonwealth-fusion-systems; last-energy,https://cfs.energy/news-and-media/commonwealth-fusion-systems-raises-863-million-series-b2-round-to-accelerate-the-commercialization-of-fusion-energy/ https://entrepreneurloop.com/last-energy-funding-100m-series-c-nuclear-startup/
hd-hyundai,HD Hyundai / Hyundai Motor Group / KSOE,"HD Hyundai; Hyundai Motor Group; Korea Shipbuilding & Offshore Engineering (KSOE, HD Hyundai Group)",corporate,KR,https://www.hd.com/,,,2,commonwealth-fusion-systems; terrapower,https://www.cfs.energy/news-and-media/commonwealth-fusion-systems-announces-equity-investment-by-hyundai-motor-group/ https://www.terrapower.com/terrapower-announces-650-million-fundraise https://www.terrapower.com/terrapower-announces-830-million-secured-in-2022
hitachi-ventures,Hitachi Ventures,,cvc,JP,https://www.hitachi-ventures.com/,https://www.hitachi-ventures.com/,Hitachi,2,aalo-atomics; thea-energy,https://techcrunch.com/2025/08/19/aalo-atomics-raises-100m-to-build-a-microreactor-and-data-center-together/ https://thea.energy/press-release/thea-energy-announces-20-million-series-a-financing/
hof-capital,HOF Capital,,vc,US,https://hofcapital.com/,,,2,commonwealth-fusion-systems; valar-atomics,https://cfs.energy/news-and-media/commonwealth-fusion-systems-raises-863-million-series-b2-round-to-accelerate-the-commercialization-of-fusion-energy/ https://techcrunch.com/2026/08/03/sequoias-shaun-maguire-leads-1b-round-for-nuclear-startup-valar-atomics/
jimco,JIMCO (Jameel Investment Management Co.),JIMCO; JIMCO Technology Fund,family_office,SA,https://www.jimco.com/,,,2,commonwealth-fusion-systems; general-fusion,https://generalfusion.com/post/a-new-day-general-fusion-closes-oversubscribed-us22-million-financing-welcomes-new-board-members/ https://www.prnewswire.com/news-releases/commonwealth-fusion-systems-raises-1-8-billion-in-funding-to-commercialize-fusion-energy-301434560.html
john-doerr,John Doerr,,angel,US,,,,2,commonwealth-fusion-systems; pacific-fusion,https://www.energycentral.com/energy-biz/post/pacific-fusion-scores-900-million-series-funding-zxtaixkLJpbZeh1 https://www.prnewswire.com/news-releases/commonwealth-fusion-systems-raises-1-8-billion-in-funding-to-commercialize-fusion-energy-301434560.html
milfam,MILFAM,MILFAM LLC,family_office,,,,,2,general-fusion; type-one-energy,https://generalfusion.com/post/a-new-day-general-fusion-closes-oversubscribed-us22-million-financing-welcomes-new-board-members/ https://techcrunch.com/2023/03/28/fusion-startup-type-one-fundraising/
nucleation-capital,Nucleation Capital,,vc,US,https://www.nucleation.vc/,,,2,aalo-atomics; blue-energy,https://finance.yahoo.com/news/blue-energy-secures-45m-funding-155114317.html https://techcrunch.com/2025/08/19/aalo-atomics-raises-100m-to-build-a-microreactor-and-data-center-together/ https://www.aalo.com/post/aalo-atomics-raises-27m-series-a
nventures,NVentures (NVIDIA),,cvc,US,https://www.nvidia.com/en-us/startups/,,NVIDIA,2,commonwealth-fusion-systems; terrapower,https://cfs.energy/news-and-media/commonwealth-fusion-systems-raises-863-million-series-b2-round-to-accelerate-the-commercialization-of-fusion-energy/ https://www.terrapower.com/terrapower-announces-650-million-fundraise
orion-industrial-ventures,Orion Industrial Ventures (Orion Valves / Ecoline),Orion Industrial Ventures; Orion Valves (via Ecoline),corporate,IT,,,,2,newcleo; thea-energy,https://thea.energy/press-release/thea-energy-announces-20-million-series-a-financing/ https://www.nucnet.org/news/european-nuclear-company-newcleo-closes-latest-funding-round-of-usd85-million-2-3-2026
plynth-energy,Plynth Energy,,corporate,US,,,,2,commonwealth-fusion-systems; zap-energy,https://legacy.zapenergy.com/news/zap-attracts-130m-as-demo-system-begins-operations https://www.cfs.energy/news-and-media/commonwealth-fusion-systems-announces-equity-investment-by-abu-dhabi-based-plynth-energy/
prelude-ventures,Prelude Ventures,,vc,US,https://www.preludeventures.com/,https://www.preludeventures.com/portfolio,,2,thea-energy; xcimer-energy,https://thea.energy/press-release/thea-energy-announces-20-million-series-a-financing/ https://xcimer.energy/news/100-million-raised-to-advance-inertial-fusion-energy-toward-commercialization/
sam-altman,Sam Altman (incl. Hydrazine Capital),"Hydrazine Capital; Hydrazine Capital II, L.P. (Sam Altman); Sam Altman",angel,US,,,,2,helion-energy; oklo,https://en.wikipedia.org/wiki/Oklo_Inc. https://www.cnbc.com/2021/11/05/sam-altman-puts-375-million-into-fusion-start-up-helion-energy.html https://www.helionenergy.com/newsroom/helion-announces-425m-series-f-investment-to-scale-commercialized-fusion-power https://www.helionenergy.com/newsroom/helion-raises-500m https://www.sec.gov/Archives/edgar/data/1849056/000110465924052980/tm2324337-23_424b3.htm
segra-capital,Segra Capital Management,Segra Capital,asset_manager,US,https://www.segracapital.com/,,,2,general-fusion; x-energy,https://en.wikipedia.org/wiki/General_Fusion https://generalfusion.com/post/a-new-day-general-fusion-closes-oversubscribed-us22-million-financing-welcomes-new-board-members/ https://www.datacenterdynamics.com/en/news/smr-firm-x-energy-closes-700m-funding-round-led-by-amazon/ https://www.latitudemedia.com/news/smr-developer-x-energy-secures-a-700-million-series-d/
senator-investment-group,Senator Investment Group,Senator Global Opportunity Master Fund L.P.,asset_manager,,,,,2,commonwealth-fusion-systems; terrestrial-energy,https://www.prnewswire.com/news-releases/commonwealth-fusion-systems-raises-1-8-billion-in-funding-to-commercialize-fusion-energy-301434560.html https://www.sec.gov/Archives/edgar/data/2019804/000110465925116127/tmb-20250930xs1.htm
soros-fund-management,Soros Fund Management,Soros Fund Management LLC,asset_manager,US,https://www.soros.com/,,,2,commonwealth-fusion-systems; zap-energy,https://legacy.zapenergy.com/news/zap-attracts-130m-as-demo-system-begins-operations https://www.prnewswire.com/news-releases/commonwealth-fusion-systems-raises-1-8-billion-in-funding-to-commercialize-fusion-energy-301434560.html
sprind,SPRIND,,government,DE,https://www.sprind.org/,,,2,marvel-fusion; proxima-fusion,https://www.b2venture.vc/stories/marvel-fusion-raises-more-than-eu60-million-seriess-b https://www.eu-startups.com/2026/07/largest-european-fusion-investment-on-record-sees-proxima-fusion-raise-e411-million/
stepstone-group,StepStone Group,,asset_manager,US,https://www.stepstonegroup.com/,,,2,radiant; standard-nuclear,https://www.businesswire.com/news/home/20260126420607/en/Standard-Nuclear-Begins-Production-of-Advanced-HALEU-Fuel-and-Raises-$140-Million-in-Series-A-Funding https://www.orrick.com/en/News/2025/12/Radiant-Closes-Over-300-Million-in-Series-D-Funding https://www.radiantnuclear.com/news/series-c-close
temasek,Temasek,Temasek Holdings,sovereign_fund,SG,https://www.temasek.com.sg/,,,2,commonwealth-fusion-systems; general-fusion,https://en.wikipedia.org/wiki/General_Fusion https://www.prnewswire.com/news-releases/commonwealth-fusion-systems-raises-1-8-billion-in-funding-to-commercialize-fusion-energy-301434560.html https://www.wfmz.com/news/pr_newswire/pr_newswire_business/commonwealth-fusion-systems-raises-84-million-in-a2-round/article_8b512220-3f94-5492-bcc1-0a546afb7728.html
the-engine,"Engine Ventures (formerly The Engine, MIT)",Engine Ventures; The Engine,vc,US,https://engineventures.com/,https://engineventures.com/companies,,2,blue-energy; commonwealth-fusion-systems,https://cfs.energy/news-and-media/close-series-a-round/ https://finance.yahoo.com/news/blue-energy-secures-45m-funding-155114317.html https://techcrunch.com/2026/04/21/blue-energy-raises-380m-to-build-grid-scale-nuclear-reactors-in-shipyards/ https://www.prnewswire.com/news-releases/commonwealth-fusion-systems-raises-1-8-billion-in-funding-to-commercialize-fusion-energy-301434560.html https://www.wfmz.com/news/pr_newswire/pr_newswire_business/commonwealth-fusion-systems-raises-84-million-in-a2-round/article_8b512220-3f94-5492-bcc1-0a546afb7728.html
washington-harbour-partners,Washington Harbour Partners,,vc,US,,,,2,radiant; standard-nuclear,https://valueaddvc.com/blog/standard-nuclear-s1-ipo-breakdown-valuation-microreactor https://www.businesswire.com/news/home/20260126420607/en/Standard-Nuclear-Begins-Production-of-Advanced-HALEU-Fuel-and-Raises-$140-Million-in-Series-A-Funding https://www.orrick.com/en/News/2025/12/Radiant-Closes-Over-300-Million-in-Series-D-Funding
woori-technology,Woori Technology,Woori Venture Partners US,vc,KR,,,,2,commonwealth-fusion-systems; last-energy,https://cfs.energy/news-and-media/commonwealth-fusion-systems-raises-863-million-series-b2-round-to-accelerate-the-commercialization-of-fusion-energy/ https://entrepreneurloop.com/last-energy-funding-100m-series-c-nuclear-startup/
y-combinator,Y Combinator,"Y Combinator S2014, LLC; YC Holdings II, LLC (Y Combinator); YCVC Fund I, LP (Y Combinator)",accelerator,US,https://www.ycombinator.com/,https://www.ycombinator.com/companies,,2,helion-energy; oklo,https://en.wikipedia.org/wiki/Helion_Energy https://www.sec.gov/Archives/edgar/data/1849056/000110465924052980/tm2324337-23_424b3.htm
11-2-capital,11.2 Capital,,vc,,,,,1,thea-energy,https://thea.energy/press-release/thea-energy-announces-20-million-series-a-financing/
1517-fund,1517 Fund,,vc,,,,,1,marathon-fusion,https://www.finsmes.com/2024/07/marathon-fusion-closes-5-9m-seed-funding.html
accel,Accel,Accel (Kevin Efrusy),vc,US,https://www.accel.com/,,,1,oklo,https://en.wikipedia.org/wiki/Oklo_Inc.
addition,Addition,,vc,US,,,,1,zap-energy,https://globalventuring.com/university/zap-energy-zips-to-160m-series-c/ https://legacy.zapenergy.com/news/zap-attracts-130m-as-demo-system-begins-operations https://legacy.zapenergy.com/news/zap-raises-series-b-to-advance-reactor-technology
ae-ventures,AE Ventures,,vc,,,,,1,last-energy,https://entrepreneurloop.com/last-energy-funding-100m-series-c-nuclear-startup/
albert-wenger,Albert Wenger,,angel,US,,,,1,marvel-fusion,https://www.marvelfusion.com/newsroom/marvel-fusion-extends-series-b-to-eur-113m-with-commitments-from-eqt-ventures-siemens-energy-and-european-innovation-council-eic-fund
align-ventures,Align Ventures,Align Ventures Special Opportunity GP SPV I,vc,US,https://www.alignventures.com/,,,1,radiant,https://www.orrick.com/en/News/2025/12/Radiant-Closes-Over-300-Million-in-Series-D-Funding https://www.radiantnuclear.com/news/series-c-close
alimco-re,Alimco Re,Alimco Re LTD.,corporate,CH,,,,1,general-fusion,https://www.sec.gov/Archives/edgar/data/0002074850/000110465926106033/gfuz-20260630xf1.htm
alleycorp,AlleyCorp,,vc,US,,,,1,valar-atomics,https://www.linkedin.com/feed/update/urn:li:activity:7298020412834172929
alt-capital,Alt Capital,Alt Cap,vc,US,https://www.altcap.com/,,,1,antares,https://antaresindustries.com/updates/antares-secures-30-million-series-a-to-accelerate-defense-space-and-industrial-focused-nuclear-energy https://www.ans.org/news/2025-12-04/article-7594/antares-raises-funds-for-microreactor-development/
alta-park-capital,Alta Park Capital,,vc,,,,,1,helion-energy,https://techcrunch.com/2026/06/04/helion-the-sam-altman-backed-fusion-startup-raises-465m-to-build-a-power-plant-for-microsoft/
amazon,Amazon (Climate Pledge Fund),,corporate,US,https://www.amazon.com/,,,1,x-energy,https://www.datacenterdynamics.com/en/news/smr-firm-x-energy-closes-700m-funding-round-led-by-amazon/ https://x-energy.com/media/news-releases/amazon-invests-in-x-energy-to-support-advanced-small-modular-nuclear-reactors-and-expand-carbon-free-power
andrew-forrest,Andrew Forrest,,angel,AU,,,,1,pacific-fusion,https://www.energycentral.com/energy-biz/post/pacific-fusion-scores-900-million-series-funding-zxtaixkLJpbZeh1
angular-ventures,Angular Ventures,,vc,IL,,,,1,blue-energy,https://finance.yahoo.com/news/blue-energy-secures-45m-funding-155114317.html
anti-fund,Anti Fund,,vc,,,,,1,helion-energy,https://techcrunch.com/2026/06/04/helion-the-sam-altman-backed-fusion-startup-raises-465m-to-build-a-power-plant-for-microsoft/
apandion-capital,Apandion Capital,,vc,,,,,1,valar-atomics,https://techcrunch.com/2026/08/03/sequoias-shaun-maguire-leads-1b-round-for-nuclear-startup-valar-atomics/
aqr-capital-management,AQR Capital Management,AQR funds (AQR Diversified Arbitrage Fund and affiliated accounts),asset_manager,US,,,,1,terrestrial-energy,https://www.sec.gov/Archives/edgar/data/2019804/000110465925116127/tmb-20250930xs1.htm
arcelormittal,ArcelorMittal (XCarb Innovation Fund),,corporate,LU,https://corporate.arcelormittal.com/,,,1,terrapower,https://www.terrapower.com/terrapower-announces-830-million-secured-in-2022
ares-management,Ares Management,Ares Management (affiliates); Ares Management Corporation; Ares Management funds,asset_manager,US,https://www.aresmgmt.com/,,,1,x-energy,https://www.datacenterdynamics.com/en/news/smr-firm-x-energy-closes-700m-funding-round-led-by-amazon/ https://www.latitudemedia.com/news/smr-developer-x-energy-secures-a-700-million-series-d/ https://www.sec.gov/Archives/edgar/data/1829432/000119312523233926/d437269dex992.htm https://x-energy.com/media/news-releases/amazon-invests-in-x-energy-to-support-advanced-small-modular-nuclear-reactors-and-expand-carbon-free-power https://x-energy.com/news/dow-increases-total-investment/
armada-investments,Armada Investments,,vc,,,,,1,last-energy,https://startupintros.com/orgs/last-energy
astera-institute,Astera Institute,,family_office,,,,,1,last-energy,https://entrepreneurloop.com/last-energy-funding-100m-series-c-nuclear-startup/
at-one-ventures,At One Ventures,,vc,,,,,1,blue-energy,https://finance.yahoo.com/news/blue-energy-secures-45m-funding-155114317.html https://techcrunch.com/2026/04/21/blue-energy-raises-380m-to-build-grid-scale-nuclear-reactors-in-shipyards/
atreides-management,Atreides Management,,asset_manager,US,,,,1,valar-atomics,https://techcrunch.com/2026/08/03/sequoias-shaun-maguire-leads-1b-round-for-nuclear-startup-valar-atomics/
autodesk-foundation,Autodesk Foundation,,corporate,US,,,,1,last-energy,https://www.world-nuclear-news.org/articles/funding-and-commercial-agreements-grow-for-last-en
avila-vc,Avila VC,,vc,,,,,1,realta-fusion,https://www.esgtoday.com/nuclear-startup-realta-raises-36-million-to-commercialize-fusion-energy-tech/
azimut,Azimut Group,Azimut; Azimut Investments,asset_manager,IT,https://www.azimut-group.com/,,,1,newcleo,https://www.firstonline.info/en/clean-nuclear-newcleo-closes-a-round-of-135-million-euros-here-are-the-shareholders/ https://www.milanofinanza.it/news/la-startup-nucleare-newcleo-lancia-lancia-un-aumento-di-capitale-da-1-miliardo-202303201204186280 https://www.nucnet.org/news/european-nuclear-company-newcleo-closes-latest-funding-round-of-usd85-million-2-3-2026
b2venture,b2venture,,vc,DE,https://www.b2venture.vc/,,,1,marvel-fusion,https://www.b2venture.vc/stories/marvel-fusion-raises-more-than-eu60-million-seriess-b
balaji-srinivasan,Balaji Srinivasan,,angel,US,,,,1,valar-atomics,https://www.linkedin.com/feed/update/urn:li:activity:7298020412834172929
balderton,Balderton Capital,Balderton,vc,GB,https://www.balderton.com/,https://www.balderton.com/companies/,,1,proxima-fusion,https://techstartups.com/2026/07/07/google-backs-proxima-fusion-in-468m-funding-round-to-build-europes-first-commercial-fusion-power-plant/ https://www.proximafusion.com/press-news/proxima-fusion-raises-eu130m-series-a-to-build-worlds-first-stellarator-based-fusion-power-plant-in-the-2030s
balerion,Balerion,,vc,,,,,1,valar-atomics,https://x.com/isaiah_p_taylor/status/1987875523452956807
bam-elevate,BAM Elevate,,vc,CA,,,,1,zap-energy,https://legacy.zapenergy.com/news/zap-attracts-130m-as-demo-system-begins-operations
banca-sella,Banca Patrimoni Sella & C.,,bank,IT,,,,1,newcleo,https://www.firstonline.info/en/clean-nuclear-newcleo-closes-a-round-of-135-million-euros-here-are-the-shareholders/
banter-capital,Banter Capital,,vc,,,,,1,antares,https://antaresindustries.com/updates/antares-secures-30-million-series-a-to-accelerate-defense-space-and-industrial-focused-nuclear-energy
bdc-capital,BDC Capital (Business Development Bank of Canada),BDC Capital; Business Development Bank of Canada,government,CA,https://www.bdc.ca/,,,1,general-fusion,https://en.wikipedia.org/wiki/General_Fusion
benioff-time-ventures,Marc Benioff (TIME Ventures),Marc Benioff's TIME Ventures,angel,US,,,,1,commonwealth-fusion-systems,https://www.prnewswire.com/news-releases/commonwealth-fusion-systems-raises-1-8-billion-in-funding-to-commercialize-fusion-energy-301434560.html
bessemer-venture-partners,Bessemer Venture Partners,,vc,US,https://www.bvp.com/,https://www.bvp.com/portfolio,,1,inertia-enterprises,https://www.esgtoday.com/fusion-startup-inertia-raises-450-million-to-deliver-clean-energy-with-worlds-most-powerful-laser/
bezos-expeditions,Bezos Expeditions,,family_office,US,https://www.bezosexpeditions.com/,,,1,general-fusion,https://en.wikipedia.org/wiki/General_Fusion
bill-ford,Bill Ford,,angel,US,,,,1,helion-energy,https://techcrunch.com/2026/06/04/helion-the-sam-altman-backed-fusion-startup-raises-465m-to-build-a-power-plant-for-microsoft/
blockstream-capital-holdings,Blockstream Capital Holdings,,vc,,,,,1,newcleo,https://www.sec.gov/Archives/edgar/data/2131813/000114036126031950/ny20072209x8_424b3.htm
blue-owl,Blue Owl Capital,Blue Owl Capital (Real Assets fund),asset_manager,US,https://www.blueowl.com/,,,1,deep-fission,https://pulse2.com/deep-fission-80-million-funding/
boost-vc,Boost VC,BoostVC,vc,US,https://boost.vc/,https://boost.vc/portfolio,,1,radiant,https://www.orrick.com/en/News/2025/12/Radiant-Closes-Over-300-Million-in-Series-D-Funding https://www.radiantnuclear.com/blog/series-b/
braemar-energy-ventures,Braemar Energy Ventures,,vc,US,,,,1,general-fusion,https://en.wikipedia.org/wiki/General_Fusion
british-patient-capital,British Patient Capital,,government,GB,https://www.british-business-bank.co.uk/,,,1,tokamak-energy,https://tokamakenergy.com/2024/11/20/tokamak-energy-raises-125m-to-commercialise-transformative-fusion-and-magnet-technologies/
burda-principal,Burda Principal Investments,,family_office,DE,,,,1,proxima-fusion,https://www.eu-startups.com/2026/07/largest-european-fusion-investment-on-record-sees-proxima-fusion-raise-e411-million/
bw-group,BW Group,,corporate,SG,https://www.bwgroup.com/,,,1,tokamak-energy,https://tokamakenergy.com/2024/11/20/tokamak-energy-raises-125m-to-commercialise-transformative-fusion-and-magnet-technologies/
c5-capital,C5 Capital,,vc,GB,https://www.c5capital.com/,,,1,x-energy,https://www.av.vc/blog/x-energy-the-next-generation-of-nuclear-reactors
caffeinated-capital,Caffeinated Capital,,vc,US,https://www.caffeinated.com/,,,1,antares,https://antaresindustries.com/updates/antares-secures-30-million-series-a-to-accelerate-defense-space-and-industrial-focused-nuclear-energy https://finance.yahoo.com/energy/articles/antares-raises-470m-series-c-113000270.html https://www.ans.org/news/2025-12-04/article-7594/antares-raises-funds-for-microreactor-development/
calm-ventures,Calm Ventures,,vc,,,,,1,thea-energy,https://techcrunch.com/2026/05/27/with-a-new-100m-raise-princetons-thea-energy-is-now-a-top-funded-fusion-startup/
cantos,Cantos,,vc,,,,,1,radiant,https://www.radiantnuclear.com/blog/series-b/
capricorn-investment-group,Capricorn Investment Group,Capricorn Technology Impact Funds,vc,US,https://capricornllc.com/,,,1,helion-energy,https://techcrunch.com/2026/06/04/helion-the-sam-altman-backed-fusion-startup-raises-465m-to-build-a-power-plant-for-microsoft/ https://www.helionenergy.com/articles/helion-raises-500m/ https://www.helionenergy.com/newsroom/helion-announces-425m-series-f-investment-to-scale-commercialized-fusion-power
cdp-venture,CDP Venture Capital,,government,IT,https://www.cdpventurecapital.it/,,,1,proxima-fusion,https://www.eu-startups.com/2025/09/german-fusion-startup-proxima-fusion-raises-additional-e15-million-as-it-accelerates-into-hardware-execution/ https://www.eu-startups.com/2026/07/largest-european-fusion-investment-on-record-sees-proxima-fusion-raise-e411-million/
cementir,Cementir,,corporate,IT,https://www.cementirholding.com/,,,1,newcleo,https://www.nucnet.org/news/european-nuclear-company-newcleo-closes-latest-funding-round-of-usd85-million-2-3-2026
cenovus,Cenovus Energy,,corporate,CA,https://www.cenovus.com/,,,1,general-fusion,https://en.wikipedia.org/wiki/General_Fusion
centaurus-capital,Centaurus Capital,,asset_manager,,,,,1,type-one-energy,https://techcrunch.com/2024/07/30/bill-gates-backed-type-one-energy-lands-massive-seed-extension-to-commercialize-fusion-power/
cern-pension,CERN pension fund,,pension,CH,,,,1,newcleo,https://www.nucnet.org/news/european-nuclear-company-newcleo-closes-latest-funding-round-of-usd85-million-2-3-2026
charles-river-ventures-crv,Charles River Ventures (CRV),,vc,US,,,,1,terrapower,https://www.reuters.com/article/markets/asia/exclusive-bill-gates-backed-nuclear-startup-raises-35-million-idUSTRE65D4FG/
charlie-songhurst,Charlie Songhurst,,angel,GB,,,,1,valar-atomics,https://www.linkedin.com/feed/update/urn:li:activity:7298020412834172929
cherry-ventures,Cherry Ventures,,vc,DE,https://www.cherry.vc/,,,1,proxima-fusion,https://techstartups.com/2026/07/07/google-backs-proxima-fusion-in-468m-funding-round-to-build-europes-first-commercial-fusion-power-plant/ https://www.proximafusion.com/press-news/proxima-fusion-raises-eu130m-series-a-to-build-worlds-first-stellarator-based-fusion-power-plant-in-the-2030s
chrysalix,Chrysalix Venture Capital,,vc,CA,,,,1,general-fusion,https://en.wikipedia.org/wiki/General_Fusion https://generalfusion.com/post/a-new-day-general-fusion-closes-oversubscribed-us22-million-financing-welcomes-new-board-members/
climate-capital,Climate Capital,,vc,US,,,,1,thea-energy,https://techcrunch.com/2026/05/27/with-a-new-100m-raise-princetons-thea-energy-is-now-a-top-funded-fusion-startup/
coatue,Coatue,,asset_manager,US,https://www.coatue.com/,,,1,commonwealth-fusion-systems,https://www.prnewswire.com/news-releases/commonwealth-fusion-systems-raises-1-8-billion-in-funding-to-commercialize-fusion-energy-301434560.html
contrary,Contrary,,vc,US,,,,1,valar-atomics,https://x.com/isaiah_p_taylor/status/1987875523452956807
conviction,Conviction,,vc,US,https://www.conviction.com/,,,1,valar-atomics,https://techcrunch.com/2026/08/03/sequoias-shaun-maguire-leads-1b-round-for-nuclear-startup-valar-atomics/
corner-capital,Corner Capital,,vc,US,,,,1,x-energy,https://www.latitudemedia.com/news/smr-developer-x-energy-secures-a-700-million-series-d/
counterpoint-global,Counterpoint Global (Morgan Stanley),,asset_manager,US,https://www.morganstanley.com/im/en-us/institutional-investor/about-us-ir/counterpoint-global.html,,Morgan Stanley,1,commonwealth-fusion-systems,https://cfs.energy/news-and-media/commonwealth-fusion-systems-raises-863-million-series-b2-round-to-accelerate-the-commercialization-of-fusion-energy/
crescent-enterprises,Crescent Enterprises,,corporate,AE,https://www.crescent.ae/,,,1,aalo-atomics,https://techcrunch.com/2025/08/19/aalo-atomics-raises-100m-to-build-a-microreactor-and-data-center-together/
crossbeam-venture-partners,Crossbeam Venture Partners,,vc,,,,,1,radiant,https://www.radiantnuclear.com/news/series-c-close
crucible-capital,Crucible Capital,,vc,,,,,1,standard-nuclear,https://valueaddvc.com/blog/standard-nuclear-s1-ipo-breakdown-valuation-microreactor https://www.businesswire.com/news/home/20260126420607/en/Standard-Nuclear-Begins-Production-of-Advanced-HALEU-Fuel-and-Raises-$140-Million-in-Series-A-Funding
curtiss-wright,Curtiss-Wright,Curtiss-Wright Corporation,corporate,US,https://www.curtisswright.com/,,,1,x-energy,https://x-energy.com/news/x-energy-finalizes-235-million-series-c-financing/
danieli,Danieli,,corporate,IT,https://www.danieli.com/,,,1,newcleo,https://www.nucnet.org/news/european-nuclear-company-newcleo-closes-latest-funding-round-of-usd85-million-2-3-2026
darco,Darco,,vc,,,,,1,type-one-energy,https://techcrunch.com/2023/03/28/fusion-startup-type-one-fundraising/
david-marquardt,David Marquardt,,angel,US,,,,1,last-energy,https://startupintros.com/orgs/last-energy
day-one-ventures,Day One Ventures,,vc,,,,,1,valar-atomics,https://techcrunch.com/2025/02/20/valar-atomics-comes-out-of-stealth-with-19m-and-a-pilot-reactor-site/ https://x.com/isaiah_p_taylor/status/1987875523452956807
deep-future,Deep Future,,vc,US,,,,1,deep-fission,https://www.ans.org/news/2025-09-08/article-7351/deep-fission-raises-30m-in-financing/ https://www.deepfission.com/newsroom/press-releases/detail/87/deep-fission-nuclear-completes-30m-financing-in-a-go-public-transaction
deutsche-telekom,Deutsche Telekom (T.Capital),Deutsche Telekom,corporate,DE,https://www.telekom.com/,,,1,marvel-fusion,https://www.b2venture.vc/stories/marvel-fusion-raises-more-than-eu60-million-seriess-b
devonshire-investors,Devonshire Investors (Fidelity affiliate),Devonshire Investors,corporate,US,,,,1,commonwealth-fusion-systems,https://www.wfmz.com/news/pr_newswire/pr_newswire_business/commonwealth-fusion-systems-raises-84-million-in-a2-round/article_8b512220-3f94-5492-bcc1-0a546afb7728.html
dfj-growth,DFJ Growth,,vc,US,https://www.dfjgrowth.com/,,,1,commonwealth-fusion-systems,https://www.prnewswire.com/news-releases/commonwealth-fusion-systems-raises-1-8-billion-in-funding-to-commercialize-fusion-energy-301434560.html
divergent-capital,Divergent Capital,,vc,,,,,1,thea-energy,https://techcrunch.com/2026/05/27/with-a-new-100m-raise-princetons-thea-energy-is-now-a-top-funded-fusion-startup/
dl-e-c,DL E&C,,corporate,KR,,,,1,x-energy,https://x-energy.com/news/x-energy-finalizes-235-million-series-c-financing/
doosan-enerbility,Doosan Enerbility,,corporate,KR,https://www.doosanenerbility.com/,,,1,x-energy,https://x-energy.com/news/x-energy-finalizes-235-million-series-c-financing/
doral-energy-tech,Doral Energy-Tech Ventures,Doral Energy Tech Ventures,cvc,US,,,,1,type-one-energy,https://techcrunch.com/2023/03/28/fusion-startup-type-one-fundraising/ https://techcrunch.com/2024/07/30/bill-gates-backed-type-one-energy-lands-massive-seed-extension-to-commercialize-fusion-power/
douglass-robison,Douglass Robison,Douglass Robison (founder),angel,US,,,,1,natura-resources,https://naturaresources.com/about/milestones
dow,Dow,,corporate,US,https://www.dow.com/,,,1,x-energy,https://x-energy.com/news/dow-increases-total-investment/
dream-ventures,Dream Ventures,,vc,US,,,,1,valar-atomics,https://techcrunch.com/2026/08/03/sequoias-shaun-maguire-leads-1b-round-for-nuclear-startup-valar-atomics/ https://x.com/isaiah_p_taylor/status/1987875523452956807
dsn-ventures,DSN Ventures,DSN Ventures LLC,vc,,,,,1,general-fusion,https://www.sec.gov/Archives/edgar/data/0002074850/000110465926106033/gfuz-20260630xf1.htm
dst-global,DST Global,DST Global Partners,vc,HK,,,,1,proxima-fusion,https://www.eu-startups.com/2026/07/largest-european-fusion-investment-on-record-sees-proxima-fusion-raise-e411-million/
dtcf,DeepTech & Climate Fonds (DTCF),DTCF; DeepTech & Climate Fonds,vc,DE,https://www.dtcf.vc/,,,1,proxima-fusion,https://tech.eu/2024/04/10/proxima-fusion-raises/ https://www.eu-startups.com/2026/07/largest-european-fusion-investment-on-record-sees-proxima-fusion-raise-e411-million/ https://www.proximafusion.com/press-news/proxima-fusion-raises-eu130m-series-a-to-build-worlds-first-stellarator-based-fusion-power-plant-in-the-2030s
dtx,DTX,,vc,,,,,1,valar-atomics,https://x.com/isaiah_p_taylor/status/1987875523452956807
earlybird,Earlybird,,vc,DE,https://www.earlybird.com/,,,1,marvel-fusion,https://www.b2venture.vc/stories/marvel-fusion-raises-more-than-eu60-million-seriess-b
earth-venture-capital,Earth Venture Capital,Earth Venture Capital (as written: Earth Venture),vc,,,,,1,aalo-atomics,https://www.aalo.com/post/aalo-atomics-raises-27m-series-a
ed-eisler,Ed Eisler (EE Holdings),EE Holdings (Ed Eisler); Ed Eisler of EE Holdings,angel,US,,,,1,deep-fission,https://pulse2.com/deep-fission-80-million-funding/ https://www.ans.org/news/2025-09-08/article-7351/deep-fission-raises-30m-in-financing/ https://www.deepfission.com/newsroom/press-releases/detail/87/deep-fission-nuclear-completes-30m-financing-in-a-go-public-transaction
eight-vc,8VC,,vc,US,https://www.8vc.com/,https://www.8vc.com/companies,,1,deep-fission,https://www.ans.org/news/2025-09-08/article-7351/deep-fission-raises-30m-in-financing/ https://www.businesswire.com/news/home/20240822455550/en/Breakthrough-Nuclear-Startup-Deep-Fission-Emerges-from-Stealth-Mode-with-%244M-in-Backing https://www.deepfission.com/newsroom/press-releases/detail/87/deep-fission-nuclear-completes-30m-financing-in-a-go-public-transaction
elad-gil,Elad Gil,,angel,US,,,,1,pacific-fusion,https://www.energycentral.com/energy-biz/post/pacific-fusion-scores-900-million-series-funding-zxtaixkLJpbZeh1
elaia,Elaia,Elaia Partners,vc,FR,https://elaia.com/,,,1,proxima-fusion,https://www.eu-startups.com/2026/07/largest-european-fusion-investment-on-record-sees-proxima-fusion-raise-e411-million/ https://www.proximafusion.com/press-news/proxima-fusion-raises-eu130m-series-a-to-build-worlds-first-stellarator-based-fusion-power-plant-in-the-2030s
elysia-capital,Elysia Capital (Stefano Buono),Elysia Capital I SCSp (Stefano Buono),angel,LU,,,,1,newcleo,https://www.sec.gov/Archives/edgar/data/2131813/000114036126031950/ny20072209x8_424b3.htm
emerald-technology-ventures,Emerald Technology Ventures,,vc,CH,,,,1,thea-energy,https://techcrunch.com/2026/05/27/with-a-new-100m-raise-princetons-thea-energy-is-now-a-top-funded-fusion-startup/
energy-impact-partners,Energy Impact Partners,,vc,US,https://www.energyimpactpartners.com/,https://www.energyimpactpartners.com/portfolio/equity/,,1,zap-energy,https://globalventuring.com/university/zap-energy-zips-to-160m-series-c/ https://legacy.zapenergy.com/news/zap-attracts-130m-as-demo-system-begins-operations https://legacy.zapenergy.com/news/zap-raises-series-b-to-advance-reactor-technology
eni,Eni / Eni Next,ENI Next LLC; Eni,corporate,IT,https://www.eni.com/,,,1,commonwealth-fusion-systems,https://cfs.energy/news-and-media/close-series-a-round/ https://cfs.energy/news-and-media/commonwealth-fusion-systems-raises-863-million-series-b2-round-to-accelerate-the-commercialization-of-fusion-energy/ https://en.wikipedia.org/wiki/Commonwealth_Fusion_Systems https://www.prnewswire.com/news-releases/commonwealth-fusion-systems-raises-1-8-billion-in-funding-to-commercialize-fusion-energy-301434560.html https://www.wfmz.com/news/pr_newswire/pr_newswire_business/commonwealth-fusion-systems-raises-84-million-in-a2-round/article_8b512220-3f94-5492-bcc1-0a546afb7728.html
entrepreneurs-fund,Entrepreneurs Fund,,vc,,,,,1,general-fusion,https://en.wikipedia.org/wiki/General_Fusion
eqt-ventures,EQT Ventures,,vc,SE,https://eqtventures.com/,https://eqtventures.com/portfolio/,EQT,1,marvel-fusion,https://www.marvelfusion.com/newsroom/marvel-fusion-extends-series-b-to-eur-113m-with-commitments-from-eqt-ventures-siemens-energy-and-european-innovation-council-eic-fund
equinor,Equinor / Equinor Ventures,Equinor; Equinor Ventures,cvc,NO,https://www.equinor.com/,https://www.equinorventures.com/portfolio,,1,commonwealth-fusion-systems,https://www.prnewswire.com/news-releases/commonwealth-fusion-systems-raises-1-8-billion-in-funding-to-commercialize-fusion-energy-301434560.html https://www.wfmz.com/news/pr_newswire/pr_newswire_business/commonwealth-fusion-systems-raises-84-million-in-a2-round/article_8b512220-3f94-5492-bcc1-0a546afb7728.html
ersel,Ersel,,asset_manager,IT,https://www.ersel.it/,,,1,newcleo,https://www.firstonline.info/en/clean-nuclear-newcleo-closes-a-round-of-135-million-euros-here-are-the-shareholders/
exor,Exor (Exor Seeds),Exor Seeds (Exor),family_office,NL,https://www.exor.com/,,,1,newcleo,https://tech.eu/2022/06/20/with-a-new-approach-to-nuclear-london-s-newcleo-clears-300-million-in-equity-raise/ https://www.firstonline.info/en/clean-nuclear-newcleo-closes-a-round-of-135-million-euros-here-are-the-shareholders/
ffa-private-bank,FFA Private Bank (Dubai),FFA Private Bank (Dubai) Ltd.,bank,AE,,,,1,commonwealth-fusion-systems,https://cfs.energy/news-and-media/commonwealth-fusion-systems-raises-863-million-series-b2-round-to-accelerate-the-commercialization-of-fusion-energy/
fifty-years,Fifty Years (50Y),50Y; Fifty Years,vc,US,https://www.fiftyyears.com/,,,1,aalo-atomics,https://techcrunch.com/2025/08/19/aalo-atomics-raises-100m-to-build-a-microreactor-and-data-center-together/ https://www.aalo.com/post/aalo-atomics-raises-27m-series-a https://www.aalo.com/post/aalo-atomics-raises-6-26m-seed-round
fiftythree-stations,FiftyThree Stations,,vc,,,,,1,antares,https://www.ans.org/news/2025-12-04/article-7594/antares-raises-funds-for-microreactor-development/
fin-posillipo,Fin Posillipo (Raffaele Petrone),Fin Posillipo S.p.A. (Raffaele Petrone),angel,IT,,,,1,newcleo,https://www.sec.gov/Archives/edgar/data/2131813/000114036126031950/ny20072209x8_424b3.htm
first-round-capital,First Round Capital,,vc,US,,,,1,last-energy,https://www.energycentral.com/energy-biz/post/last-energy-books-40-million-series-b-funding-qwdOzJA0zDF2DHz
footprint-coalition,Footprint Coalition,,vc,US,,,,1,commonwealth-fusion-systems,https://www.prnewswire.com/news-releases/commonwealth-fusion-systems-raises-1-8-billion-in-funding-to-commercialize-fusion-energy-301434560.html
founders-fund,Founders Fund,,vc,US,https://foundersfund.com/,https://foundersfund.com/portfolio/,,1,radiant,https://www.orrick.com/en/News/2025/12/Radiant-Closes-Over-300-Million-in-Series-D-Funding https://www.radiantnuclear.com/blog/series-b/
fourth-realm,Fourth Realm,,vc,,,,,1,zap-energy,https://legacy.zapenergy.com/news/zap-raises-series-b-to-advance-reactor-technology
foxglove-ventures,Foxglove Ventures,,vc,,,,,1,type-one-energy,https://techcrunch.com/2024/07/30/bill-gates-backed-type-one-energy-lands-massive-seed-extension-to-commercialize-fusion-power/
friends-family-capital,Friends & Family Capital,Friends & Family Capital Management,vc,,,,,1,radiant,https://www.orrick.com/en/News/2025/12/Radiant-Closes-Over-300-Million-in-Series-D-Funding
fundomo,Fundomo,,vc,,,,,1,standard-nuclear,https://valueaddvc.com/blog/standard-nuclear-s1-ipo-breakdown-valuation-microreactor https://www.businesswire.com/news/home/20260126420607/en/Standard-Nuclear-Begins-Production-of-Advanced-HALEU-Fuel-and-Raises-$140-Million-in-Series-A-Funding
furukawa-electric,Furukawa Electric,Furukawa Electric Company,corporate,JP,https://www.furukawa.co.jp/,,,1,tokamak-energy,https://tokamakenergy.com/2024/11/20/tokamak-energy-raises-125m-to-commercialise-transformative-fusion-and-magnet-technologies/
ga-capital,GA Capital,,vc,IT,,,,1,zap-energy,https://legacy.zapenergy.com/news/zap-raises-series-b-to-advance-reactor-technology
galvanize,Galvanize Climate Solutions,Galvanize,vc,US,https://www.galvanizeclimate.com/,,,1,x-energy,https://www.latitudemedia.com/news/smr-developer-x-energy-secures-a-700-million-series-d/
garage-capital,Garage Capital,,vc,,,,,1,aalo-atomics,https://www.aalo.com/post/aalo-atomics-raises-27m-series-a
gd1,GD1,,vc,,,,,1,type-one-energy,https://techcrunch.com/2024/07/30/bill-gates-backed-type-one-energy-lands-massive-seed-extension-to-commercialize-fusion-power/
general-catalyst,General Catalyst,,vc,US,https://www.generalcatalyst.com/,https://www.generalcatalyst.com/portfolio,,1,pacific-fusion,https://www.energycentral.com/energy-biz/post/pacific-fusion-scores-900-million-series-funding-zxtaixkLJpbZeh1
general-innovation-capital-partners,General Innovation Capital Partners,,vc,,,,,1,thea-energy,https://techcrunch.com/2026/05/27/with-a-new-100m-raise-princetons-thea-energy-is-now-a-top-funded-fusion-startup/
giant-ventures,Giant Ventures,Giant Ventures Global,vc,GB,,,,1,radiant,https://www.orrick.com/en/News/2025/12/Radiant-Closes-Over-300-Million-in-Series-D-Funding https://www.radiantnuclear.com/news/series-c-close
gic,GIC,,sovereign_fund,SG,https://www.gic.com.sg/,,,1,general-fusion,https://en.wikipedia.org/wiki/General_Fusion
grantham-foundation,Grantham Foundation,,family_office,,,,,1,type-one-energy,https://techcrunch.com/2023/03/28/fusion-startup-type-one-fundraising/
gsbackers,GSBackers,,vc,,,,,1,realta-fusion,https://www.esgtoday.com/nuclear-startup-realta-raises-36-million-to-commercialize-fusion-energy-tech/
gv,GV (Google Ventures),,cvc,US,https://www.gv.com/,https://www.gv.com/portfolio,Alphabet,1,inertia-enterprises,https://www.esgtoday.com/fusion-startup-inertia-raises-450-million-to-deliver-clean-energy-with-worlds-most-powerful-laser/
hanwha-asset-management,Hanwha Asset Management,Hanwha Asset Management Venture Fund,asset_manager,KR,,,,1,radiant,https://www.radiantnuclear.com/news/series-c-close
harpoon-ventures,Harpoon Ventures,,vc,,,,,1,aalo-atomics,https://techcrunch.com/2025/08/19/aalo-atomics-raises-100m-to-build-a-microreactor-and-data-center-together/ https://www.aalo.com/post/aalo-atomics-raises-27m-series-a
hartbeat-ventures,HartBeat Ventures,,vc,US,,,,1,radiant,https://www.radiantnuclear.com/news/series-c-close
hatch,Hatch Ltd.,,corporate,CA,,,,1,general-fusion,https://generalfusion.com/post/a-new-day-general-fusion-closes-oversubscribed-us22-million-financing-welcomes-new-board-members/
hbk-investments,HBK Investments,HBK Master Fund L.P.,asset_manager,US,,,,1,terrestrial-energy,https://www.sec.gov/Archives/edgar/data/2019804/000110465925116127/tmb-20250930xs1.htm
hedosophia,Hedosophia,,vc,GB,https://www.hedosophia.com/,,,1,xcimer-energy,https://xcimer.energy/news/100-million-raised-to-advance-inertial-fusion-energy-toward-commercialization/
hood-river,Hood River Capital Management,,asset_manager,US,,,,1,x-energy,https://www.clay.com/dossier/x-energy-funding
hostplus,Hostplus,Hostplus Superannuation Fund,pension,AU,https://hostplus.com.au/,,,1,commonwealth-fusion-systems,https://cfs.energy/news-and-media/commonwealth-fusion-systems-raises-863-million-series-b2-round-to-accelerate-the-commercialization-of-fusion-energy/ https://www.prnewswire.com/news-releases/commonwealth-fusion-systems-raises-1-8-billion-in-funding-to-commercialize-fusion-energy-301434560.html https://www.wfmz.com/news/pr_newswire/pr_newswire_business/commonwealth-fusion-systems-raises-84-million-in-a2-round/article_8b512220-3f94-5492-bcc1-0a546afb7728.html
htgf,High-Tech Gruenderfonds (HTGF),HTGF; High-Tech Gruenderfonds,vc,DE,https://www.htgf.de/,,,1,proxima-fusion,https://en.wikipedia.org/wiki/Proxima_Fusion https://tech.eu/2024/04/10/proxima-fusion-raises/ https://www.proximafusion.com/press-news/proxima-fusion-raises-eu130m-series-a-to-build-worlds-first-stellarator-based-fusion-power-plant-in-the-2030s
hv-capital,HV Capital,,vc,DE,https://hvcapital.com/,,,1,marvel-fusion,https://www.b2venture.vc/stories/marvel-fusion-raises-more-than-eu60-million-seriess-b
idemitsu,Idemitsu Kosan,,corporate,JP,https://www.idemitsu.com/,,,1,thea-energy,https://techcrunch.com/2026/05/27/with-a-new-100m-raise-princetons-thea-energy-is-now-a-top-funded-fusion-startup/
in-q-tel,In-Q-Tel,,government,US,https://www.iqt.org/,https://www.iqt.org/portfolio,,1,radiant,https://www.orrick.com/en/News/2025/12/Radiant-Closes-Over-300-Million-in-Series-D-Funding
inarcassa,Inarcassa,Inarcassa (Italian pension fund),pension,IT,https://www.inarcassa.it/,,,1,newcleo,https://www.reuters.com/business/energy/newcleo-raises-151-million-new-investors-moves-paris-2024-09-30/
indaco-ventures,Indaco Ventures,,vc,IT,,,,1,newcleo,https://www.nucnet.org/news/european-nuclear-company-newcleo-closes-latest-funding-round-of-usd85-million-2-3-2026
indigo-venture-i,Indigo Venture I,,vc,,,,,1,newcleo,https://www.firstonline.info/en/clean-nuclear-newcleo-closes-a-round-of-135-million-euros-here-are-the-shareholders/
industrious-ventures,Industrious Ventures,,vc,,,,,1,antares,https://finance.yahoo.com/energy/articles/antares-raises-470m-series-c-113000270.html https://www.ans.org/news/2025-12-04/article-7594/antares-raises-funds-for-microreactor-development/
ingerop,Ingerop,,corporate,FR,,,,1,newcleo,https://www.firstonline.info/en/clean-nuclear-newcleo-closes-a-round-of-135-million-euros-here-are-the-shareholders/
initialized-capital,Initialized Capital,,vc,US,https://initialized.com/,https://initialized.com/portfolio,,1,valar-atomics,https://www.linkedin.com/feed/update/urn:li:activity:7298020412834172929
jam-fund,JAM Fund,,vc,,,,,1,last-energy,https://entrepreneurloop.com/last-energy-funding-100m-series-c-nuclear-startup/
jane-street,Jane Street,,asset_manager,US,https://www.janestreet.com/,,,1,x-energy,https://www.datacenterdynamics.com/en/news/smr-firm-x-energy-closes-700m-funding-round-led-by-amazon/ https://www.latitudemedia.com/news/smr-developer-x-energy-secures-a-700-million-series-d/
jeff-dean,Jeff Dean,,angel,US,,,,1,aalo-atomics,https://www.aalo.com/post/aalo-atomics-raises-27m-series-a
john-donovan,John Donovan,,angel,US,,,,1,valar-atomics,https://www.cnbc.com/2025/11/10/nuclear-startup-valar-atomics-raises-130-million.html
js-capital,JS Capital,,vc,US,,,,1,commonwealth-fusion-systems,https://www.prnewswire.com/news-releases/commonwealth-fusion-systems-raises-1-8-billion-in-funding-to-commercialize-fusion-energy-301434560.html
k2-principal-fund,K2 Principal Fund,The K2 Principal Fund L.P.,asset_manager,,,,,1,terrestrial-energy,https://www.sec.gov/Archives/edgar/data/2019804/000110465925116127/tmb-20250930xs1.htm
kairos-it,Kairos (Italian VC / Venture ESG One),"Kairos (Italian VC); Kairos (Venture ESG One vehicle; Italian VC, not Kairos Power)",vc,IT,,,,1,newcleo,https://www.firstonline.info/en/clean-nuclear-newcleo-closes-a-round-of-135-million-euros-here-are-the-shareholders/ https://www.nucnet.org/news/european-nuclear-company-newcleo-closes-latest-funding-round-of-usd85-million-2-3-2026
kam-ghaffarian,Kam Ghaffarian,Kam Ghaffarian (founder),angel,US,,,,1,x-energy,https://x-energy.com/news/dow-increases-total-investment/ https://x-energy.com/news/x-energy-finalizes-235-million-series-c-financing/
kfw-capital,KfW Capital,,dfi,DE,https://www.kfw-capital.de/,,,1,proxima-fusion,https://www.eu-startups.com/2026/07/largest-european-fusion-investment-on-record-sees-proxima-fusion-raise-e411-million/
khazanah,Khazanah Nasional Berhad,,sovereign_fund,MY,https://www.khazanah.com.my/,,,1,general-fusion,https://en.wikipedia.org/wiki/General_Fusion
khnp,Korea Hydro & Nuclear Power (KHNP),,government,KR,https://www.khnp.co.kr/,,,1,terrapower,https://www.terrapower.com/KHNP-Joins-TerraPower-Investor-Base
kindred-ventures,Kindred Ventures,,vc,,,,,1,aalo-atomics,https://techcrunch.com/2025/08/19/aalo-atomics-raises-100m-to-build-a-microreactor-and-data-center-together/
kuwait-investment-authority,Kuwait Investment Authority,,sovereign_fund,KW,https://www.kia.gov.kw/,,,1,tae-technologies,https://techcrunch.com/2021/04/08/claiming-a-landmark-in-fusion-energy-tae-technologies-sees-commercialization-by-2030/
lachy-groom,Lachy Groom,,angel,AU,,,,1,pacific-fusion,https://www.energycentral.com/energy-biz/post/pacific-fusion-scores-900-million-series-funding-zxtaixkLJpbZeh1
liftt,LIFTT,,vc,GB,,,,1,newcleo,https://tech.eu/2022/06/20/with-a-new-approach-to-nuclear-london-s-newcleo-clears-300-million-in-equity-raise/ https://www.firstonline.info/en/clean-nuclear-newcleo-closes-a-round-of-135-million-euros-here-are-the-shareholders/
lingotto,Lingotto Investment Management,,asset_manager,IT,,,,1,tokamak-energy,https://tokamakenergy.com/2024/11/20/tokamak-energy-raises-125m-to-commercialise-transformative-fusion-and-magnet-technologies/
linse-capital,Linse Capital,,vc,,,,,1,thea-energy,https://techcrunch.com/2026/05/27/with-a-new-100m-raise-princetons-thea-energy-is-now-a-top-funded-fusion-startup/
long-journey-ventures,Long Journey Ventures,,vc,,,,,1,inertia-enterprises,https://www.esgtoday.com/fusion-startup-inertia-raises-450-million-to-deliver-clean-energy-with-worlds-most-powerful-laser/
lux-capital,Lux Capital,,vc,US,,,,1,helion-energy,https://techcrunch.com/2026/06/04/helion-the-sam-altman-backed-fusion-startup-raises-465m-to-build-a-power-plant-for-microsoft/
magnetar-capital,Magnetar Capital,Magnetar funds (Magnetar Lake Credit Fund LLC and affiliated),asset_manager,US,,,,1,terrestrial-energy,https://www.sec.gov/Archives/edgar/data/2019804/000110465925116127/tmb-20250930xs1.htm
malcolm-handley,Malcolm Handley,,angel,US,,,,1,marathon-fusion,https://www.finsmes.com/2024/07/marathon-fusion-closes-5-9m-seed-funding.html
mark-tompkins-montrose,Mark Tompkins (Montrose Capital),Mark Tompkins of Montrose Capital Partners; Montrose Capital (Mark Tompkins); Montrose Capital Partners (Mark Tompkins),angel,US,,,,1,deep-fission,https://pulse2.com/deep-fission-80-million-funding/ https://www.ans.org/news/2025-09-08/article-7351/deep-fission-raises-30m-in-financing/ https://www.deepfission.com/newsroom/press-releases/detail/87/deep-fission-nuclear-completes-30m-financing-in-a-go-public-transaction
max-planck-foundation,Max Planck Foundation,,government,DE,,,,1,proxima-fusion,https://tech.eu/2024/04/10/proxima-fusion-raises/
mayfield,Mayfield,,vc,US,,,,1,realta-fusion,https://www.esgtoday.com/nuclear-startup-realta-raises-36-million-to-commercialize-fusion-energy-tech/
mcj,MCJ,,vc,US,,,,1,aalo-atomics,https://techcrunch.com/2025/08/19/aalo-atomics-raises-100m-to-build-a-microreactor-and-data-center-together/
mckinley-alaska,McKinley Alaska Growth Capital,,vc,US,,,,1,radiant,https://www.radiantnuclear.com/blog/series-b/
mercator-partners,Mercator Partners,,vc,,,,,1,thea-energy,https://thea.energy/press-release/thea-energy-announces-20-million-series-a-financing/
mithril-capital,Mithril Capital,Mithril Capital Management,vc,US,https://www.mithril.com/,https://www.mithril.com/,,1,helion-energy,https://techcrunch.com/2021/11/05/helion-series-e/ https://techcrunch.com/2026/06/04/helion-the-sam-altman-backed-fusion-startup-raises-465m-to-build-a-power-plant-for-microsoft/ https://www.helionenergy.com/articles/helion-raises-500m/ https://www.helionenergy.com/newsroom/helion-announces-425m-series-f-investment-to-scale-commercialized-fusion-power
mitsui-mitsubishi-consortium,"Japanese consortium (Mitsui & Co., Mitsubishi Corp. et al.)",Japanese consortium of 12 companies led by Mitsui & Co. and Mitsubishi Corp.,corporate,JP,,,,1,commonwealth-fusion-systems,https://cfs.energy/news-and-media/commonwealth-fusion-systems-raises-863-million-series-b2-round-to-accelerate-the-commercialization-of-fusion-energy/
mizuho,Mizuho Financial Group,,bank,JP,https://www.mizuho-fg.com/,,,1,zap-energy,https://legacy.zapenergy.com/news/zap-attracts-130m-as-demo-system-begins-operations
mmcap-international,MMCAP International,MMCAP International Inc. SPC,asset_manager,,,,,1,terrestrial-energy,https://www.sec.gov/Archives/edgar/data/2019804/000110465925116127/tmb-20250930xs1.htm
modern-capital,Modern Capital,,vc,,,,,1,inertia-enterprises,https://www.esgtoday.com/fusion-startup-inertia-raises-450-million-to-deliver-clean-energy-with-worlds-most-powerful-laser/
moore-strategic-ventures,Moore Strategic Ventures,,family_office,US,,,,1,commonwealth-fusion-systems,https://cfs.energy/news-and-media/close-series-a-round/ https://www.prnewswire.com/news-releases/commonwealth-fusion-systems-raises-1-8-billion-in-funding-to-commercialize-fusion-energy-301434560.html https://www.wfmz.com/news/pr_newswire/pr_newswire_business/commonwealth-fusion-systems-raises-84-million-in-a2-round/article_8b512220-3f94-5492-bcc1-0a546afb7728.html
mustafa-suleyman,Mustafa Suleyman,,angel,GB,,,,1,pacific-fusion,https://www.energycentral.com/energy-biz/post/pacific-fusion-scores-900-million-series-funding-zxtaixkLJpbZeh1
nautilus-master-fund,Nautilus Master Fund,"Nautilus Master Fund, L.P.",asset_manager,,,,,1,terrestrial-energy,https://www.sec.gov/Archives/edgar/data/2019804/000110465925116127/tmb-20250930xs1.htm
naval-ravikant,Naval Ravikant,,angel,US,,,,1,valar-atomics,https://www.linkedin.com/feed/update/urn:li:activity:7298020412834172929
nea,New Enterprise Associates (NEA),NEA,vc,US,https://www.nea.com/,https://www.nea.com/portfolio,,1,tae-technologies,https://tae.com/tae-technologies-raises-150-million-in-latest-funding-round/ https://techcrunch.com/2021/04/08/claiming-a-landmark-in-fusion-energy-tae-technologies-sees-commercialization-by-2030/
neva-sgr,Neva SGR (Intesa Sanpaolo),,vc,IT,https://www.nevasgr.com/,,Intesa Sanpaolo,1,commonwealth-fusion-systems,https://cfs.energy/news-and-media/commonwealth-fusion-systems-raises-863-million-series-b2-round-to-accelerate-the-commercialization-of-fusion-energy/
nextchem-maire,NextChem (MAIRE),NextChem,corporate,IT,https://www.nextchem.com/,,,1,newcleo,https://www.nucnet.org/news/european-nuclear-company-newcleo-closes-latest-funding-round-of-usd85-million-2-3-2026
ngp-energy-capital,NGP Energy Capital,NGP,vc,US,https://www.ngpetro.com/,,,1,x-energy,https://www.latitudemedia.com/news/smr-developer-x-energy-secures-a-700-million-series-d/ https://x-energy.com/media/news-releases/amazon-invests-in-x-energy-to-support-advanced-small-modular-nuclear-reactors-and-expand-carbon-free-power
nov,NOV,NOV Inc.,corporate,US,,,,1,natura-resources,https://www.stocktitan.net/news/NOV/nov-announces-sale-of-advanced-nuclear-development-company-shepherd-c6alfv8t4yry.html
nrg,NRG Energy,,corporate,US,https://www.nrg.com/,,,1,aalo-atomics,https://techcrunch.com/2025/08/19/aalo-atomics-raises-100m-to-build-a-microreactor-and-data-center-together/
nucor,Nucor,,corporate,US,https://www.nucor.com/,,,1,helion-energy,https://www.helionenergy.com/newsroom/helion-announces-425m-series-f-investment-to-scale-commercialized-fusion-power
omnes-capital,OMNES Capital,,vc,FR,https://www.omnescapital.com/,,,1,proxima-fusion,https://www.proximafusion.com/press-news/proxima-fusion-raises-eu130m-series-a-to-build-worlds-first-stellarator-based-fusion-power-plant-in-the-2030s
ontario-power-generation,Ontario Power Generation,,government,CA,https://www.opg.com/,,,1,x-energy,https://x-energy.com/news/x-energy-finalizes-235-million-series-c-financing/
orbia-ventures,Orbia Ventures,,cvc,MX,https://www.orbia.com/,,,1,type-one-energy,https://techcrunch.com/2023/03/28/fusion-startup-type-one-fundraising/
overlay-capital,Overlay Capital,,vc,,,,,1,thea-energy,https://techcrunch.com/2026/05/27/with-a-new-100m-raise-princetons-thea-energy-is-now-a-top-funded-fusion-startup/
palmer-luckey,Palmer Luckey,,angel,US,,,,1,valar-atomics,https://x.com/isaiah_p_taylor/status/1987875523452956807
paradigm,Paradigm,,vc,US,,,,1,antares,https://finance.yahoo.com/energy/articles/antares-raises-470m-series-c-113000270.html
patrick-collison,Patrick Collison,,angel,US,,,,1,pacific-fusion,https://www.energycentral.com/energy-biz/post/pacific-fusion-scores-900-million-series-funding-zxtaixkLJpbZeh1
pax-ventures,Pax Ventures,,vc,,,,,1,radiant,https://www.radiantnuclear.com/news/series-c-close
peak-xv,Peak XV Partners,,vc,IN,https://www.peakxv.com/,,,1,helion-energy,https://techcrunch.com/2026/06/04/helion-the-sam-altman-backed-fusion-startup-raises-465m-to-build-a-power-plant-for-microsoft/
pender,Pender (PenderFund),Pender Ventures; PenderFund,asset_manager,CA,https://penderfund.com/,,,1,general-fusion,https://en.wikipedia.org/wiki/General_Fusion https://generalfusion.com/post/a-new-day-general-fusion-closes-oversubscribed-us22-million-financing-welcomes-new-board-members/
perpetual-vc,Perpetual VC,,vc,,,,,1,aalo-atomics,https://techcrunch.com/2025/08/19/aalo-atomics-raises-100m-to-build-a-microreactor-and-data-center-together/
persian-road-ii,Persian Road II,"Persian Road II, LP",asset_manager,,,,,1,general-fusion,https://www.sec.gov/Archives/edgar/data/0002074850/000110465926106033/gfuz-20260630xf1.htm
planet-first-partners,Planet First Partners,,vc,,,,,1,commonwealth-fusion-systems,https://cfs.energy/news-and-media/commonwealth-fusion-systems-raises-863-million-series-b2-round-to-accelerate-the-commercialization-of-fusion-energy/
plural,Plural,Plural Platform,vc,GB,https://www.plural.com/,,,1,proxima-fusion,https://en.wikipedia.org/wiki/Proxima_Fusion https://tech.eu/2024/04/10/proxima-fusion-raises/ https://techstartups.com/2026/07/07/google-backs-proxima-fusion-in-468m-funding-round-to-build-europes-first-commercial-fusion-power-plant/ https://www.proximafusion.com/press-news/proxima-fusion-raises-eu130m-series-a-to-build-worlds-first-stellarator-based-fusion-power-plant-in-the-2030s
presight-capital,Presight Capital,,vc,,,,,1,general-fusion,https://generalfusion.com/post/a-new-day-general-fusion-closes-oversubscribed-us22-million-financing-welcomes-new-board-members/
progress-tech-transfer-fund,Progress Tech Transfer Fund,,vc,,,,,1,newcleo,https://www.firstonline.info/en/clean-nuclear-newcleo-closes-a-round-of-135-million-euros-here-are-the-shareholders/
propeller-ventures,Propeller Ventures,,vc,,,,,1,blue-energy,https://finance.yahoo.com/news/blue-energy-secures-45m-funding-155114317.html
quiet-capital,Quiet Capital,,vc,US,,,,1,last-energy,https://startupintros.com/orgs/last-energy
reaves,Reaves Asset Management,,asset_manager,US,,,,1,x-energy,https://www.clay.com/dossier/x-energy-funding
redalpine,redalpine,,vc,CH,https://redalpine.com/,,,1,proxima-fusion,https://tech.eu/2024/04/10/proxima-fusion-raises/ https://www.eu-startups.com/2026/07/largest-european-fusion-investment-on-record-sees-proxima-fusion-raise-e411-million/ https://www.proximafusion.com/press-news/proxima-fusion-raises-eu130m-series-a-to-build-worlds-first-stellarator-based-fusion-power-plant-in-the-2030s
reid-hoffman,Reid Hoffman,,angel,US,,,,1,pacific-fusion,https://www.energycentral.com/energy-biz/post/pacific-fusion-scores-900-million-series-funding-zxtaixkLJpbZeh1
richard-merkin,Richard Merkin,,angel,US,,,,1,pacific-fusion,https://www.energycentral.com/energy-biz/post/pacific-fusion-scores-900-million-series-funding-zxtaixkLJpbZeh1
riot-ventures,Riot Ventures,,vc,,,,,1,valar-atomics,https://techcrunch.com/2025/02/20/valar-atomics-comes-out-of-stealth-with-19m-and-a-pilot-reactor-site/ https://techcrunch.com/2026/08/03/sequoias-shaun-maguire-leads-1b-round-for-nuclear-startup-valar-atomics/
rogue,Rogue,,vc,,,,,1,antares,https://antaresindustries.com/updates/antares-secures-30-million-series-a-to-accelerate-defense-space-and-industrial-focused-nuclear-energy
rtx-ventures,RTX Ventures,,cvc,US,https://www.rtx.com/,,RTX,1,xcimer-energy,https://www.finsmes.com/2026/09/xcimer-energy-receives-investment-from-rtx-ventures.html
rwe,RWE,,corporate,DE,https://www.rwe.com/,,,1,proxima-fusion,https://techstartups.com/2026/07/07/google-backs-proxima-fusion-in-468m-funding-round-to-build-europes-first-commercial-fusion-power-plant/
sabanci-climate,Sabanci Climate Ventures,,cvc,TR,https://www.sabanciclimateventures.com/,,,1,tokamak-energy,https://tokamakenergy.com/2024/11/20/tokamak-energy-raises-125m-to-commercialise-transformative-fusion-and-magnet-technologies/
safar-partners,Safar Partners,Safar Partners LLC,vc,US,,,,1,commonwealth-fusion-systems,https://cfs.energy/news-and-media/close-series-a-round/ https://cfs.energy/news-and-media/commonwealth-fusion-systems-raises-863-million-series-b2-round-to-accelerate-the-commercialization-of-fusion-energy/ https://www.prnewswire.com/news-releases/commonwealth-fusion-systems-raises-1-8-billion-in-funding-to-commercialize-fusion-energy-301434560.html https://www.wfmz.com/news/pr_newswire/pr_newswire_business/commonwealth-fusion-systems-raises-84-million-in-a2-round/article_8b512220-3f94-5492-bcc1-0a546afb7728.html
samsung-ct,Samsung C&T,,corporate,KR,https://www.samsungcnt.com/,,,1,kairos-power,https://techcrunch.com/2026/09/21/kairos-power-gets-up-to-100m-from-samsung-group-to-build-nuclear-reactor-for-google/
schooner-capital,Schooner Capital,,family_office,US,,,,1,commonwealth-fusion-systems,https://cfs.energy/news-and-media/close-series-a-round/ https://www.prnewswire.com/news-releases/commonwealth-fusion-systems-raises-1-8-billion-in-funding-to-commercialize-fusion-energy-301434560.html https://www.wfmz.com/news/pr_newswire/pr_newswire_business/commonwealth-fusion-systems-raises-84-million-in-a2-round/article_8b512220-3f94-5492-bcc1-0a546afb7728.html
sella-family,Sella family (Roberto & Francine Sella),Roberto M. Sella and Francine F. Sella (incl. Roberto M. Sella 2012 Family Trust),angel,IT,,,,1,terrestrial-energy,https://www.sec.gov/Archives/edgar/data/2019804/000110465925116127/tmb-20250930xs1.htm
sequoia-capital,Sequoia Capital,,vc,US,,,,1,valar-atomics,https://techcrunch.com/2026/08/03/sequoias-shaun-maguire-leads-1b-round-for-nuclear-startup-valar-atomics/
sga,SGA,,vc,,,,,1,radiant,https://www.radiantnuclear.com/news/series-c-close
shared-future-fund,Shared Future Fund,,vc,,,,,1,marathon-fusion,https://www.finsmes.com/2024/07/marathon-fusion-closes-5-9m-seed-funding.html
shell-ventures,Shell Ventures,,cvc,NL,https://www.shell.com/business-customers/shell-ventures.html,,Shell,1,zap-energy,https://globalventuring.com/university/zap-energy-zips-to-160m-series-c/ https://legacy.zapenergy.com/news/zap-attracts-130m-as-demo-system-begins-operations
shine-capital,Shine Capital,,asset_manager,,,,,1,antares,https://antaresindustries.com/updates/antares-secures-30-million-series-a-to-accelerate-defense-space-and-industrial-focused-nuclear-energy https://finance.yahoo.com/energy/articles/antares-raises-470m-series-c-113000270.html https://www.ans.org/news/2025-12-04/article-7594/antares-raises-funds-for-microreactor-development/
shorewind-capital,Shorewind Capital,,vc,,,,,1,type-one-energy,https://techcrunch.com/2023/03/28/fusion-startup-type-one-fundraising/
shrug,Shrug,,vc,,,,,1,antares,https://antaresindustries.com/updates/antares-secures-30-million-series-a-to-accelerate-defense-space-and-industrial-focused-nuclear-energy
shyam-sankar,Shyam Sankar,,angel,US,,,,1,valar-atomics,https://x.com/isaiah_p_taylor/status/1987875523452956807
siemens-energy,Siemens Energy,,corporate,DE,https://www.siemens-energy.com/,,,1,marvel-fusion,https://www.marvelfusion.com/newsroom/marvel-fusion-extends-series-b-to-eur-113m-with-commitments-from-eqt-ventures-siemens-energy-and-european-innovation-council-eic-fund
silicon-valley-bank,Silicon Valley Bank,Silicon Valley Bank (First Citizens),bank,US,,,,1,realta-fusion,https://www.svb.com/news/client-news/realta-fusion-secures-$9.5-million-growth-capital-facility-from-silicon-valley-bank-a-division-of-first-citizens-bank/
siteground,SiteGround,,corporate,BG,,,,1,realta-fusion,https://www.esgtoday.com/nuclear-startup-realta-raises-36-million-to-commercialize-fusion-energy-tech/
sk-group,SK Inc. / SK Innovation,SK Inc. / SK Innovation (SK),corporate,KR,https://www.sk.co.kr/,,,1,terrapower,https://www.terrapower.com/fundraise https://www.terrapower.com/terrapower-announces-830-million-secured-in-2022
smart-capital,Smart Capital S.p.A.,,vc,IT,,,,1,newcleo,https://www.firstonline.info/en/clean-nuclear-newcleo-closes-a-round-of-135-million-euros-here-are-the-shareholders/
snowpoint-ventures,Snowpoint Ventures,,vc,,,,,1,valar-atomics,https://techcrunch.com/2026/08/03/sequoias-shaun-maguire-leads-1b-round-for-nuclear-startup-valar-atomics/ https://x.com/isaiah_p_taylor/status/1987875523452956807
snr,SNR,,vc,,,,,1,aalo-atomics,https://www.aalo.com/post/aalo-atomics-raises-27m-series-a
softbank-vision-fund-2,SoftBank Vision Fund 2,,cvc,JP,,,SoftBank,1,helion-energy,https://techcrunch.com/2026/06/04/helion-the-sam-altman-backed-fusion-startup-raises-465m-to-build-a-power-plant-for-microsoft/ https://www.helionenergy.com/newsroom/helion-announces-425m-series-f-investment-to-scale-commercialized-fusion-power
stanley-druckenmiller,Stanley Druckenmiller,,angel,US,,,,1,commonwealth-fusion-systems,https://cfs.energy/news-and-media/commonwealth-fusion-systems-raises-863-million-series-b2-round-to-accelerate-the-commercialization-of-fusion-energy/
star-ventures,STAR Ventures,,vc,,,,,1,newcleo,https://www.firstonline.info/en/clean-nuclear-newcleo-closes-a-round-of-135-million-euros-here-are-the-shareholders/
steel-atlas,Steel Atlas,,vc,,,,,1,valar-atomics,https://www.linkedin.com/feed/update/urn:li:activity:7298020412834172929
stifel-bank,Stifel Bank,,bank,US,,,,1,valar-atomics,https://www.linkedin.com/feed/update/urn:li:activity:7298020412834172929
sumitomo-corp-americas,Sumitomo Corporation of Americas,,corporate,US,https://www.sumitomocorp.com/,,,1,tae-technologies,https://www.cnbc.com/2022/07/19/google-chevron-invest-in-fusion-startup-tae-technologies.html
sv-angel,Ron Conway (SV Angel),,angel,US,https://www.svangel.com/,,,1,oklo,https://en.wikipedia.org/wiki/Oklo_Inc.
tamarack-global,Tamarack Global,,vc,,,,,1,blue-energy,https://finance.yahoo.com/news/blue-energy-secures-45m-funding-155114317.html https://techcrunch.com/2026/04/21/blue-energy-raises-380m-to-build-grid-scale-nuclear-reactors-in-shipyards/
tdk-ventures,TDK Ventures,,cvc,US,https://www.tdk-ventures.com/,,,1,type-one-energy,https://techcrunch.com/2023/03/28/fusion-startup-type-one-fundraising/ https://techcrunch.com/2024/07/30/bill-gates-backed-type-one-energy-lands-massive-seed-extension-to-commercialize-fusion-power/
tengelmann-ventures,Tengelmann Ventures,,family_office,DE,,,,1,marvel-fusion,https://www.b2venture.vc/stories/marvel-fusion-raises-more-than-eu60-million-seriess-b https://www.marvelfusion.com/newsroom/marvel-fusion-extends-series-b-to-eur-113m-with-commitments-from-eqt-ventures-siemens-energy-and-european-innovation-council-eic-fund
the-haskell-company,The Haskell Company,,corporate,US,,,,1,last-energy,https://entrepreneurloop.com/last-energy-funding-100m-series-c-nuclear-startup/
thistledown,Thistledown Capital,,family_office,CA,,,,1,general-fusion,https://en.wikipedia.org/wiki/General_Fusion https://generalfusion.com/post/a-new-day-general-fusion-closes-oversubscribed-us22-million-financing-welcomes-new-board-members/
threshold-ventures,Threshold Ventures,,vc,,,,,1,inertia-enterprises,https://www.esgtoday.com/fusion-startup-inertia-raises-450-million-to-deliver-clean-energy-with-worlds-most-powerful-laser/
thrive-capital,Thrive Capital,,vc,US,https://thrivecapital.com/,,,1,helion-energy,https://techcrunch.com/2026/06/04/helion-the-sam-altman-backed-fusion-startup-raises-465m-to-build-a-power-plant-for-microsoft/
tiger-global,Tiger Global Management,Tiger Global,asset_manager,US,https://www.tigerglobal.com/,,,1,commonwealth-fusion-systems,https://cfs.energy/news-and-media/commonwealth-fusion-systems-raises-863-million-series-b2-round-to-accelerate-the-commercialization-of-fusion-energy/ https://www.prnewswire.com/news-releases/commonwealth-fusion-systems-raises-1-8-billion-in-funding-to-commercialize-fusion-energy-301434560.html
timescale-ventures,Timescale Ventures,,vc,,,,,1,thea-energy,https://techcrunch.com/2026/05/27/with-a-new-100m-raise-princetons-thea-energy-is-now-a-top-funded-fusion-startup/
tishman-speyer,Tishman Speyer,,corporate,US,,,,1,aalo-atomics,https://techcrunch.com/2025/08/19/aalo-atomics-raises-100m-to-build-a-microreactor-and-data-center-together/
titletowntech,TitletownTech,,vc,,,,,1,realta-fusion,https://www.esgtoday.com/nuclear-startup-realta-raises-36-million-to-commercialize-fusion-energy-tech/
tmtg,Trump Media & Technology Group,,corporate,US,https://www.tmtgcorp.com/,,,1,tae-technologies,https://www.stocktitan.net/sec-filings/DJT/s-4-trump-media-technology-group-corp-business-combination-registrati-ca78e626beab.html
tom-preston-werner,Tom Preston-Werner,Tom Preston-Werner (as written: Preston Werner),angel,US,,,,1,aalo-atomics,https://www.aalo.com/post/aalo-atomics-raises-27m-series-a
tosto-group,Tosto Group (Walter Tosto),Walter Tosto,corporate,IT,,,,1,newcleo,https://born2invest.com/articles/newcleo-collects-87-million-euros/ https://www.firstonline.info/en/clean-nuclear-newcleo-closes-a-round-of-135-million-euros-here-are-the-shareholders/ https://www.nucnet.org/news/european-nuclear-company-newcleo-closes-latest-funding-round-of-usd85-million-2-3-2026
toyota-ventures,Toyota Ventures,,cvc,US,https://www.toyota.vc/,,,1,natura-resources,https://medium.com/toyota-ventures/advancing-next-generation-nuclear-energy-our-investment-in-natura-resources-5b8ce642b16f
triplepoint,Triplepoint,,vc,US,,,,1,valar-atomics,https://x.com/isaiah_p_taylor/status/1987875523452956807
trirec,TRIREC,,vc,CH,,,,1,type-one-energy,https://techcrunch.com/2023/03/28/fusion-startup-type-one-fundraising/
trousdale-ventures,Trousdale Ventures,,vc,,,,,1,pacific-fusion,https://www.energycentral.com/energy-biz/post/pacific-fusion-scores-900-million-series-funding-zxtaixkLJpbZeh1
uebermorgen,Uebermorgen Ventures,Übermorgen Ventures,vc,DE,https://uebermorgen.vc/,,,1,marathon-fusion,https://www.finsmes.com/2024/07/marathon-fusion-closes-5-9m-seed-funding.html
ultranative,Ultranative,,vc,,,,,1,last-energy,https://entrepreneurloop.com/last-energy-funding-100m-series-c-nuclear-startup/
uncommon-capital,Uncommon Capital,,vc,US,,,,1,antares,https://antaresindustries.com/updates/antares-secures-30-million-series-a-to-accelerate-defense-space-and-industrial-focused-nuclear-energy
union-square-ventures,Union Square Ventures,,vc,US,https://www.usv.com/,,,1,radiant,https://www.orrick.com/en/News/2025/12/Radiant-Closes-Over-300-Million-in-Series-D-Funding https://www.usv.com/writing/2022/03/radiant/
university-of-michigan,University of Michigan,,government,US,,,,1,x-energy,https://x-energy.com/media/news-releases/amazon-invests-in-x-energy-to-support-advanced-small-modular-nuclear-reactors-and-expand-carbon-free-power
us-innovative-technology-fund,U.S. Innovative Technology Fund (USIT),U.S. Innovative Technology Fund,asset_manager,US,,,,1,thea-energy,https://techcrunch.com/2026/05/27/with-a-new-100m-raise-princetons-thea-energy-is-now-a-top-funded-fusion-startup/
uvc-partners,UVC Partners,,vc,DE,,,,1,proxima-fusion,https://en.wikipedia.org/wiki/Proxima_Fusion https://tech.eu/2024/04/10/proxima-fusion-raises/ https://techstartups.com/2026/07/07/google-backs-proxima-fusion-in-468m-funding-round-to-build-europes-first-commercial-fusion-power-plant/ https://www.proximafusion.com/press-news/proxima-fusion-raises-eu130m-series-a-to-build-worlds-first-stellarator-based-fusion-power-plant-in-the-2030s
vahoca,VAHOCA,,vc,,,,,1,type-one-energy,https://techcrunch.com/2023/03/28/fusion-startup-type-one-fundraising/
vamosventures,VamosVentures,,vc,,,,,1,aalo-atomics,https://techcrunch.com/2025/08/19/aalo-atomics-raises-100m-to-build-a-microreactor-and-data-center-together/
venrock,Venrock,,vc,US,https://www.venrock.com/,https://www.venrock.com/companies/,,1,tae-technologies,https://techcrunch.com/2021/04/08/claiming-a-landmark-in-fusion-energy-tae-technologies-sees-commercialization-by-2030/
viaro-energy,Viaro Energy,,corporate,GB,,,,1,newcleo,https://born2invest.com/articles/newcleo-collects-87-million-euros/
visionaries-club,Visionaries Club,Visionaries Tomorrow,vc,DE,https://www.visionariesclub.com/,,,1,proxima-fusion,https://en.wikipedia.org/wiki/Proxima_Fusion https://tech.eu/2024/04/10/proxima-fusion-raises/ https://www.proximafusion.com/press-news/proxima-fusion-raises-eu130m-series-a-to-build-worlds-first-stellarator-based-fusion-power-plant-in-the-2030s
vulcan,Vulcan Capital,Vulcan,family_office,US,https://www.vulcan.com/,,,1,tae-technologies,https://techcrunch.com/2021/04/08/claiming-a-landmark-in-fusion-energy-tae-technologies-sees-commercialization-by-2030/
vxi-capital,VXI Capital,,vc,,,,,1,blue-energy,https://techcrunch.com/2026/04/21/blue-energy-raises-380m-to-build-grid-scale-nuclear-reactors-in-shipyards/
wave-function,Wave Function,,vc,US,,,,1,deep-fission,https://www.ans.org/news/2025-09-08/article-7351/deep-fission-raises-30m-in-financing/ https://www.deepfission.com/newsroom/press-releases/detail/87/deep-fission-nuclear-completes-30m-financing-in-a-go-public-transaction
wayfinder,Wayfinder,,vc,,,,,1,aalo-atomics,https://www.aalo.com/post/aalo-atomics-raises-27m-series-a
welara,Welara,,vc,,,,,1,standard-nuclear,https://valueaddvc.com/blog/standard-nuclear-s1-ipo-breakdown-valuation-microreactor https://www.businesswire.com/news/home/20260126420607/en/Standard-Nuclear-Begins-Production-of-Advanced-HALEU-Fuel-and-Raises-$140-Million-in-Series-A-Funding
wellcome-trust,Wellcome Trust,,family_office,GB,https://wellcome.org/,,,1,tae-technologies,https://techcrunch.com/2021/04/08/claiming-a-landmark-in-fusion-energy-tae-technologies-sees-commercialization-by-2030/
what-if-ventures,What If Ventures,,vc,,,,,1,thea-energy,https://techcrunch.com/2026/05/27/with-a-new-100m-raise-princetons-thea-energy-is-now-a-top-funded-fusion-startup/
wilbe,Wilbe,,vc,SE,,,,1,proxima-fusion,https://en.wikipedia.org/wiki/Proxima_Fusion https://tech.eu/2024/04/10/proxima-fusion-raises/ https://www.proximafusion.com/press-news/proxima-fusion-raises-eu130m-series-a-to-build-worlds-first-stellarator-based-fusion-power-plant-in-the-2030s
wisconsin-alumni-research-foundation,Wisconsin Alumni Research Foundation,,government,US,,,,1,realta-fusion,https://www.esgtoday.com/nuclear-startup-realta-raises-36-million-to-commercialize-fusion-energy-tech/
wolf-hill-partners,Wolf Hill Partners,"Wolf Hill Partners, LP",asset_manager,,,,,1,general-fusion,https://www.sec.gov/Archives/edgar/data/0002074850/000110465926106033/gfuz-20260630xf1.htm
xplor-ventures,Xplor Ventures,,vc,,,,,1,zap-energy,https://legacy.zapenergy.com/news/zap-attracts-130m-as-demo-system-begins-operations
