funder,country,program,instrument,years,envelope_usd_or_orig,awardees,per_award_amounts_available,committed_obligated_disbursed_visible,authoritative_url,machine_readable,notes
doe-fes,US,Milestone-Based Fusion Development Program,"milestone-based reimbursable agreements (USAspending type 11 'other reimbursable, contingent')",2023-,USD 46M initial commitment announced (first 18-month budget period of 5-yr programme); USAspending shows 8 awards totalling USD 173.28M (award_amount field) and USD 35.49M outlays (sha 24b1225f9b7c / universe_awards fc543d17e4f0),"CFS, Focused Energy, Realta, Thea, Tokamak Energy, Type One, Xcimer, Zap",yes (USAspending): CFS DESC0024885 48.09M; Xcimer DESC0024890 39.5M; Type One DESC0024888 26.73M; Zap DESC0024886 17.8M; Thea DESC0024881 13.7M; Realta DESC0024887 12.47M; Focused DESC0024883 7.5M; Tokamak Energy DESC0024889 7.5M,yes: award amount vs total outlays per award (e.g. CFS 48.09M / 9.7M outlaid),"https://api.usaspending.gov/api/v2/search/spending_by_award/ (type codes 09,11,-1); DOE announcement https://www.energy.gov/articles/us-department-energy-announces-selectees-107-million-fusion-innovation-research-engine",yes (USAspending API),"CORRECTS sibling probe usaspending.md which found no Milestone rows: they sit in award-type group 09/11/-1, not 02-05. Award_amount (173M) far exceeds the USD 46M DOE press figure; treat as ceiling/multi-year commitment until reconciled with DOE. Helion and TAE not in programme"
doe-fes,US,FIRE Collaboratives (Fusion Innovation Research Engine),cooperative agreements to lab/university-led teams,2025-,"USD 107M for 6 projects (of USD 180M anticipated, up to 4 yrs)","INL, U Tennessee-Knoxville, MIT, SRNL, target-injector team (labs/universities; company participation as partners)","no (press release lists projects, not per-award $)",announced only,https://www.energy.gov/articles/us-department-energy-announces-selectees-107-million-fusion-innovation-research-engine (sha 69b6dcec82c9),no (HTML),Lab/university money: no company recipient. Context only
doe-fes,US,"FES financial assistance, fusion-related (CFDA 81.049)",grants and cooperative agreements,FY2020-FY2026,"USD 1,460.3M obligated FY20-26 on 81.049 awards matching fusion keywords (USAspending, our query; keyword filter noisy)","General Atomics (DIII-D operator) 678.6M; universities 549.2M (MIT 82.3, U Wisconsin 82.6, UCLA 48.6); fusion developers 142.9M (all FY2024+, Milestone); other companies 88.2M (Tech-X, RadiaBeam, Maat)",yes per award (USAspending),obligations per FY and per award; outlays per award,https://api.usaspending.gov/api/v2/search/spending_by_category/recipient/ (per-FY shas in public-money.md),yes (API),"National lab money (PPPL, ORNL, LLNL...) is M&O contract money, not in this row: e.g. PPPL contract DEAC0209CH11466 USD 1.092B on account 089-0222 FY20-26 (sha 3f74f5163fac)"
doe-fes,US,INFUSE (Innovation Network for Fusion Energy),"in-kind lab-access vouchers, small cost-shared awards",2016-,"small; not totalled (e.g. FSU grant DESC0025436 'Type One Energy collaboration' USD 374,244)",private fusion companies + labs/universities,"partial (some via USAspending, portal JS-heavy)",n/a (in-kind),https://infuse.ornl.gov/ (sha 5b3fd345a954),"no (portal HTML, JS)","Not cash to companies; show as support, not funding"
doe-ne,US,GAIN vouchers (Gateway for Accelerated Innovation in Nuclear),in-kind vouchers (lab work paid by DOE; min 20% recipient cost share),2016-,dollar value not stated on pages checked,"e.g. Orano, TerraPower, Antares, NANO Nuclear (probe doe-programs)",no,n/a (in-kind),https://www.energy.gov/ne/articles/orano-and-terrapower-awarded-gain-vouchers-help-advance-nuclear-technologies (sha 9016bf37d12b),no (HTML/PDF),'GAIN voucher recipients do not receive direct financial awards'. Record as non_cash support
doe-ne,US,Advanced Reactor Demonstration Program (ARDP): demonstrations,cost-shared cooperative agreements (50/50),2020-2028,USD 3.2B over 7 yrs subject to appropriations; USD 2.47B from IIJA + ~USD 0.5B annual approps (press),"TerraPower (Natrium, recorded as US SFR OWNER LLC), X-energy (Xe-100)",yes (USAspending),"yes: US SFR OWNER DENE0009054 obligated 1,696.9M, outlaid 972.4M, cost share 2,016.8M; X-energy DENE0009040 obligated 921.7-934.0M, outlaid 581.4M, cost share 1,231.5M","https://www.energy.gov/ne/advanced-reactor-demonstration-program (sha a877cc91d17f); USAspending detail f1b652900cf6, 3df5bb439607",yes (API),Recipient SPV names differ from brand names; non_federal_funding only in award detail
doe-ne,US,ARDP: risk reduction for future demonstrations,"cost-shared agreements, type 11 (technology investment agreement)",2020-,USD 30M initial (FY20); Kairos Hermes DOE share USD 303M of 629M total (DOE page),"Kairos Power, Westinghouse (eVinci), BWXT (BANR), Holtec, Southern (MCRE), others",partial,"Kairos DENE0009325 USD 135.0M award amount, 126.9M outlaid (USAspending) vs DOE share 303M announced: reconcile",https://www.energy.gov/ne/articles/energy-departments-advanced-reactor-demonstration-program-awards-30-million-initial (sha 2c7fc612a074),yes (API) for obligations,"Sibling probe did not find Kairos ARDP row; it is type 11. Others: Holtec DENE0009055 104.1M, Southern DENE0009045 64.4M, GE Vernova DENE0009047 89.7M, ARC DENE0009223 20.2M, CFPP/UAMPS-NuScale DENE0008935 164.7M"
doe-ne,US,ARDP: Advanced Reactor Concepts 2020 (ARC-20),cost-shared awards,2020-,USD 20M announced,ARC and others (not itemised here),no,ARC DENE0009223 20.2M in USAspending,https://www.energy.gov/ne/advanced-reactor-demonstration-program,yes (API),
doe-ne,US,"DOE-NE financial assistance, all programmes (CFDA 81.121)","grants, cooperative agreements, type 11",FY2020-FY2026,"USD 4,558.2M obligated (our USAspending query, 7 FY shas)","developers/vendors 3,694.1M (81.0%): US SFR 1,696.9, X-energy 934.0, NuScale 263.8, CFPP 164.7; universities 377.6M; other companies 231.2M (Honeywell 187.5M, purpose not checked); utilities 176.8M; GA 59.4M; nonprofits 19.1M; labs 0",yes,obligations per FY; outlays per award,https://api.usaspending.gov/api/v2/search/spending_by_category/recipient/ with program_numbers [81.121],yes (API),"Labs receive NE money by M&O contract, invisible here: INL (BEA) contract DEAC0705ID14517 shows USD 2.147B on account 089-0319 in the last 4,000 funding lines (partial, sha 08843e6d35a7)"
doe-ne,US,HALEU enrichment/production IDIQ and task orders,"IDIQ contracts, task orders",2024-,USD 2.7B ceiling for all awardees; Jan-2026 task orders to expand LEU/HALEU capacity,"Centrus (American Centrifuge Operating), Urenco USA, Orano (Federal Services), General Matter",yes (USAspending),"General Matter 900.4M obligated, outlays 0.4M; ACO 1,376M (all awards); Orano Federal Services 909.7M",https://www.energy.gov/ne/haleu-enrichment-services; Centrus 10-K (SEC),yes (API) + SEC filings,"Contract-type obligations; includes legacy enrichment contracts for ACO/Orano, so not all HALEU"
doe-ne,US,HALEU allocation rounds and criticality benchmarking,in-kind material allocation; USD 17M benchmarking awards,2024-,allocations in material not dollars; benchmarking USD 17M to 16 projects,"round 2: Antares, Standard Nuclear, Abilene Christian/Natura; round 1 to five companies (names unverified here)",no,n/a (in-kind),https://www.energy.gov/articles/us-department-energy-distribute-next-round-haleu-us-nuclear-industry (sha 04760c24bff7),no (HTML),Never count as funding amount
doe-ne,US,Reactor Pilot Program,DOE authorisation pathway; no federal funds,2025-,no federal money (company bears all costs),"Aalo, Antares, Atomic Alchemy, Deep Fission, Last Energy, Oklo, Natura, Radiant, Terrestrial, Valar (11 projects named)",n/a,n/a,https://www.energy.gov/articles/department-energy-announces-initial-selections-new-reactor-pilot-program (sha d92aed237e3d),no (HTML),"Agreement/signal layer, not money"
doe-edf,US,DOE Loan Programs Office (now Office of Energy Dominance Financing): nuclear loans,direct loan / loan guarantee,2010-,"portfolio USD 132.0B issued, 35.7B conditional, 53.1B disbursed (all technologies, as of 2026-08-31)",Holtec Palisades; Georgia Power (Vogtle); Constellation (Crane restart),yes (USAspending loan awards),"Palisades DELP0000153 loan value 1,450.2M, subsidy cost 18.06M (2024-07-31); Constellation DELP0000204 loan value 3,000M (USAspending record, subsidy field 0.0 as recorded); Vogtle DELP0000206 22.4B (sibling probe)",https://www.energy.gov/lpo/portfolio (sha 8c98535ee587),"yes (API: Loan Value, Subsidy Cost) + HTML portfolio","Loan value is face amount, not subsidy cost: never add to grants"
arpa-e,US,"ARPA-E nuclear/fusion-relevant programmes (BETHE, GAMOW, CHADWICK, ONWARDS, GEMINA, MEITNER, ALPHA, OPEN)",cooperative agreements (CFDA 81.135),2014-,"USD 267.3M obligated FY20-26 on 81.135 awards matching nuclear/fusion keywords (noisy); all ARPA-E 81.135 USD 2,067.0M","universities 160.6M (60.1%); companies 99.3M (37.2%: GE 9.3, Marathon Fusion 4.1, SHINE 3.8, Xcimer 3.6...); GA 3.3M","yes (project DB 1,721 projects, 99% with award; USAspending)",selection amount (ARPA-E) vs obligation (USAspending) differ (CFS BETHE 2.39M vs 1.288M); cancelled projects stay listed (TerraPower ONWARDS 8.55M cancelled),"https://arpa-e.energy.gov/JSONAPI/custom/index/project (sha 4fd7e52aa36c, 35 pages)",yes (undocumented JSON:API) + USAspending,Keyword filter catches non-nuclear 'plasma/uranium' awards; use programme IDs for production
sbir-gov,US,"SBIR/STTR (DOE, DoD, NASA)",fixed-size grants/contracts Phase I/II,1982-,"1,127 DOE awards with fusion/nuclear/reactor/TRISO titles to 408 firms (probe sbir.md)","e.g. Radiant (DOE STTR 1.35M; AF SBIR 1.25M), Tech-X, RadiaBeam",yes,award amount per phase; USAspending joins,"https://www.sbir.gov/data-resources (CSV 91 MB, sha 0fda9088e19f)",yes (bulk CSV; API down),Supplier layer; drop PI contact columns
dod-sco,US,Project Pele (mobile microreactor),DoD contract/OTA,2020-,not verified in this recon (web-search budget exhausted),"BWXT (selected; per prior knowledge, unverified)",unknown,unknown,https://www.cto.mil,unknown,Not probed. Check USAspending DoD awards by recipient BWXT Advanced Technologies; DOE shows BWXT ADVANCED TECHNOLOGIES LLC 30.9M under ARPA-E/NE
dod-afrl,US,"Air Force / DIU microreactor and SBIR (Eielson, ANPI)","contracts, SBIR, OTA",2023-,not verified in this recon (web-search budget exhausted),"Radiant (AFRL SBIR 1,249,967 + 45,299 seen); others unverified",partial,Radiant FA864923P0464 USD 1.25M (USAspending),https://www.sbir.gov,"yes (USAspending, SBIR)",DoD lumps and OTAs likely incomplete in USAspending; not probed beyond Radiant
nasa,US,NASA / DOE fission surface power and space nuclear,contracts,not verified in this recon (web-search budget exhausted),not verified in this recon (web-search budget exhausted),unverified,unknown,unknown,https://www.nasa.gov,unknown,Not probed
texas-taneo,US-TX,Texas Advanced Nuclear Energy Office and advanced nuclear development fund (HB 14),reimbursement-based grants,2025-,no appropriation stated in enrolled bill text (a USD 350M figure is unverified),none found,no,no,https://capitol.texas.gov/tlodocs/89R/billtext/html/HB00014F.htm (sha c15f94dd4182),no (HTML),Revisit when grants are issued
utah-nlic,US-UT,Utah Operation Gigawatt / Nuclear Lifecycle Innovation Campus,state siting + incentives,2025-,USD 10B+ potential investment (state claim),none,no,no,https://nlic.utah.gov/ (sha 03f79bd4a00e),no,Not funding to companies yet
step-fusion,GB,STEP (Spherical Tokamak for Energy Production) / UK fusion strategy 2026,government capital to government-owned developer,2025-2030,GBP 2.5B+ over 5 yrs for fusion; GBP 1.3B to STEP; GBP 1.2B UKAEA; LIBRTI GBP 180M (gov.uk strategy; other source says GBP 200M),"UKIFS/STEP Fusion; UKAEA (public bodies, not private companies)",programme totals only,announced,https://www.gov.uk/government/publications/uk-fusion-strategy-2026/a-new-energy-revolution-the-uks-plan-for-delivering-fusion-energy-accessible-webpage,no (HTML/PDF),"STEP is a government-owned company: public money to public bodies; show as context, not company funding"
ukaea,GB,UKAEA Fusion Industry Programme (FIP) and LIBRTI,procurement contracts (small),2023-,FIP cycle1 phase2 GBP 9.6M to 6 orgs (2024-05-15); GBP 8.1M to 14 orgs (2026-02-02),"Tokamak Energy (CAST), First Light Fusion and others; per-org amounts not published",partial: contract range GBP 460k-1.9M,announced,"https://www.gov.uk/government/organisations/uk-atomic-energy-authority (sha 1ebb611e264a, 03ad42ed3c5d)","partial (Find a Tender OCDS, no working keyword search)",Per-company amounts need contract notices
innovate-uk,GB,Innovate UK / EPSRC / STFC grants (UKRI Gateway to Research),grants,2011-,"Tokamak Energy IUK leads GBP 25k-987,707; Astral partner STFC GBP 790,900","Tokamak Energy, First Light, Astral Systems, Terrestrial (partner)",yes,project value vs participant value trap,https://gtr.ukri.org/gtr/api/organisations?q=...&s=10 (sha 57a06960b194),"yes (REST API, s>=10)",Small amounts
gbe-n,GB,Great British Energy - Nuclear SMR programme (Wylfa),contract + state financing,2025-,GBP 2.6B allocated (2025 Spending Review) for Rolls-Royce SMR contract and programme; GBE-N GBP 300M Owner's Engineer contract (Litmus Nuclear) 2026-04-01; >GBP 350M supply-chain contracts,Rolls-Royce SMR (selected 2025-06; contract 2026-04-13),programme level,"allocated, not disbursed",https://www.world-nuclear-news.org/articles/contract-signed-for-delivery-of-uks-first-smrs (WebFetch); gov.uk sha bbe467088d7b,no,"Rolls-Royce SMR is a company; contract value not stated; counts as agreement + allocation, not equity"
nwf,GB,National Wealth Fund: Rolls-Royce SMR financing,debt/equity,2026-,up to GBP 599M (USD 805M),Rolls-Royce SMR,yes,commitment ('up to'),https://www.world-nuclear-news.org/articles/contract-signed-for-delivery-of-uks-first-smrs,no (press/WNN),Check NWF site for instrument; 'up to' is a ceiling
bbb,GB,Starmaker One fusion VC fund (UK government cornerstone),fund-of-funds / cornerstone LP,2025-,"GBP 20M cornerstone, targeting >GBP 100M",fund (not companies),n/a,commitment,https://www.gov.uk/government/publications/uk-fusion-strategy-2026/a-new-energy-revolution-the-uks-plan-for-delivering-fusion-energy-accessible-webpage,no,British Patient Capital appears as investor in R4 edges; Starmaker One attribution to BBB not verified
nws,GB,Advanced Nuclear Framework / Nuclear Waste Services,not verified in this recon (web-search budget exhausted),not verified in this recon (web-search budget exhausted),not verified in this recon (web-search budget exhausted),unverified,unknown,unknown,https://www.gov.uk,unknown,Not probed
ec-horizon,EU,Horizon Europe / Euratom grants (CORDIS),grants (EC contribution per participant),2021-2027,"per-company EUR 0.1-2.5M seen (newcleo 99,975+157,713; Thorizon 113,654; Novatron 1.499M)","newcleo, Thorizon, Novatron, Focused Energy (EUR 125k+252k), others",yes,EC contribution disclosed; disbursement not,https://cordis.europa.eu (open-data zip at data.europa.eu; /data/ path robots-disallowed for archive tool),yes (bulk CSV/JSON),Needs lead decision on robots for /data/
eic,EU,EIC Accelerator (grant + equity) and EIC Fund,grants EUR ~2.5M + equity,2024-,"EIC Fund EUR 1.4B+ signed, 300+ companies (all sectors)","Proxima (grant EUR 2.47M), Marvel (EUR 2.49M; EIC Fund in 2025 Series B ext.), Copenhagen Atomics (EUR 2.5M), Novatron (Pathfinder 1.499M)",grants yes (CORDIS); equity no,grant amount; EIC Fund share undisclosed,https://eic.ec.europa.eu/eic-fund_en (sha adeb50969040); Marvel release sha fa0cfb4fd50c,partial (CORDIS grants),Equity amounts only via company releases
eib,EU,EIB nuclear/fusion financing (Steady Energy convertible),convertible loan,2026-,up to EUR 40M (via 3North reverse listing),Steady Energy,yes,'up to',issuer doc sha 450ad2ad2db8,no,First EIB SMR financing; ITER/F4E and EIB fusion loans not probed
f4e,EU,Fusion for Energy / ITER procurement (TED),public contracts,2008-,newcleo EUR 2.26M IIT lot 5 (TED 419818-2025) is the only target hit,industrial suppliers (mostly),yes (TED),contract value,https://ted.europa.eu,yes (TED API),Relevant mainly for supplier layer
euratom-eurofusion,EU,EUROfusion consortium (Euratom R&T programme),consortium grant to national labs/universities,not verified in this recon (web-search budget exhausted),not verified in this recon (web-search budget exhausted),national labs and universities,no,unknown,https://euro-fusion.org,unknown,"Not probed in numbers; labs, not companies. Reference-only for coverage"
bmftr,DE,Fusion Action Plan and Fusion Hubs (Hightech Agenda),grants to consortia; planned milestone programme for companies,2025-2029,"> EUR 2B to 2029 (cabinet 2025-10-01, incl. EUR 755M infrastructure fund); hubs EUR ~125M first round from Aug 2026","VEGA hub (Marvel, Focused Energy), STRIDE hub (Proxima, Gauss, IPP), fuel-cycle/materials hub",no (per-company split undisclosed),announced,"press releases sha d8902313d633, 4d4f0eb08905",no (press),Foerderkatalog returns 403 (access manual)
sprind,DE,"SPRIND (challenge funding, equity in Proxima 2026 round)",grants + equity,2025-,undisclosed,"Proxima (participant in EUR 411M round 2026-07-07), Marvel (Series B 2024-09 participant per press)",no,no,https://www.sprind.org; Proxima release sha b1ff584f345d,no,Amounts undisclosed
bayern-stmwk,DE-BY,"Bavaria support for Proxima (MoU with RWE, IPP)",state contribution (potential),2026-,up to EUR 400M potential (company release),Proxima,no,potential only,Proxima release sha b1ff584f345d,no,"reported, not committed"
france-2030,FR,France 2030 'Reacteurs nucleaires innovants' AAP no.1 and 'Premiers reacteurs innovants' (Temps 2),subsidies + repayable advances (operator Bpifrance),2022-,EUR 129.8M for 11 laureates (phase caps 10/80/300M); Temps 2 (2026-03-11) with >EUR 180M 'mobilised',"Newcleo (LFR-30), Naarea (XAMR; liquidated 2026-01), Jimmy, Otrera, Renaissance Fusion, Calogena, Blue Capsule, Hexana, Stellaria, Thorizon, Taranis","no (tranche totals only: 24.9M, 77.2M, 27.8M); Thorizon EUR 10M company-stated",announced tranche totals,"DGE laureate page sha dd584c2ad4e0; press kits a748ad8f0968, 40ab2a0ac4b8",no (HTML/PDF),Per-company amounts officially undisclosed. EUR 27.8M quoted two ways: reconcile
bpifrance,FR,"Bpifrance (operator; innovation aid, equity)",operator of France 2030 aid; equity via funds,2022-,n/a,see France 2030,no,no,https://www.bpifrance.fr,no,Not probed
isde-sif,CA,Strategic Innovation Fund (SIF),conditionally repayable contributions,2019-,"agreement values: General Fusion CAD 74.275M (amend. 2026-03-26), Moltex CAD 47.5M, Terrestrial Energy CAD 18.923M (initial 20M)","General Fusion, Moltex, Terrestrial Energy",yes,authorised maximum only; disbursed not given; every amendment is a row,"CKAN datastore resource 1d15a62f-5656-49ad-8c88-f40ce689d831 (sha c638ee082e54, d14e22db1c82, 0c98ab98618c)","yes (API, exact-name filters)",Best-quality per-company public-money source outside US. Moltex ACOA CAD 3.0M + 2.67M
cib,CA,Canada Infrastructure Bank (SMR/Darlington financing),loan,not verified in this recon (web-search budget exhausted),not verified in this recon (web-search budget exhausted),unverified (OPG/Darlington),unknown,unknown,https://cib-bic.ca,unknown,Not probed; outside G&C dataset
cao-jp,JP,Moonshot Goal 10 and FAST fusion strategy,R&D grants,not verified in this recon (web-search budget exhausted),"Moonshot goal 10 JPY 20B/5 yrs (company slide, reported)","Kyoto Fusioneering, Helical Fusion (FAST)",no,no,company release sha c31ee478b9a4,no (Japanese PDFs),reported
mext-jp,JP,MEXT SBIR Phase 3 (fusion),contract/subsidy,2025-,JPY 6.5B across four awardees (reported),Helical Fusion JPY 2B (largest),partial,no,GRIPS slide; Business Wire 2025-10-27,no,reported; primary MEXT notice not fetched
nedo,JP,NEDO Deep-Tech Startups Support,grant,FY2024-2026,Kyoto Fusioneering JPY 499M,Kyoto Fusioneering,yes (English table),announced,sha 711fea036e91,no (HTML),
jic,JP,GX/Green Transformation Fund (GI Fund) and JIC,not verified in this recon (web-search budget exhausted),not verified in this recon (web-search budget exhausted),not verified in this recon (web-search budget exhausted),unverified,unknown,unknown,https://www.j-ic.co.jp,unknown,Not probed; no JIC/JBIC edge in R4 investor data
msit-kr,KR,"Korean fusion programmes (K-DEMO, KFE)",not verified in this recon (web-search budget exhausted),not verified in this recon (web-search budget exhausted),not verified in this recon (web-search budget exhausted),unverified,unknown,unknown,https://www.msit.go.kr,unknown,Not probed; KHNP appears as TerraPower investor (2026-01)
cfec,CN,"China Fusion Energy Co. (CNNC-led, Shanghai)",state-owned equity capitalisation,2025-07-22,CNY 15B registered capital; increase ~CNY 11.49B,"CNNC 50.35%, China Nuclear Power 6.65%, Kunlun Capital 20%, Shanghai Future Fusion + National Green Development Fund 15%, Zheneng 5%, Sichuan Heavy Industry Fusion 3%",n/a (shareholder table),"registered capital, not necessarily paid in","China Nuclear Power (601985) SSE announcement 2025-07-22 (not archived; press-derived, tier C)",no (Chinese filings),State capital to a state company; treat as public-owner equity
dae-india,IN,India DAE nuclear programmes,not verified in this recon (web-search budget exhausted),not verified in this recon (web-search budget exhausted),not verified in this recon (web-search budget exhausted),unverified,unknown,unknown,https://dae.gov.in,unknown,Not probed
au-gov,AU,Australia (ARENA/CSIRO/ANSTO),not verified in this recon (web-search budget exhausted),not verified in this recon (web-search budget exhausted),not verified in this recon (web-search budget exhausted),unverified,unknown,unknown,https://arena.gov.au,unknown,Not probed
temasek,SG,Sovereign equity in nuclear rounds: Temasek,equity,2019-,amounts undisclosed,"CFS (A2 2020-05 lead; B 2021-12), General Fusion (E 2019)",no,no,docs/survey/investor-edges.csv,partial (edges CSV),Source: R4 edges (press/company releases)
gic,SG,Sovereign equity in nuclear rounds: GIC,equity,2023-,amounts undisclosed,General Fusion Series F first close 2023 (Wikipedia-sourced edge),no,no,docs/survey/investor-edges.csv,partial,weak source (Wikipedia)
kia,KW,Sovereign equity: Kuwait Investment Authority,equity,2021-,amounts undisclosed,TAE Technologies (2021-04 tranche; press),no,no,docs/survey/investor-edges.csv,partial,press
khazanah,MY,Sovereign equity: Khazanah,equity,2015-,amounts undisclosed,General Fusion Series C (2015 lead; Wikipedia),no,no,docs/survey/investor-edges.csv,partial,weak source
kfw,DE,KfW Capital / development-bank equity,equity,2026-,undisclosed,Proxima (EUR 411M round 2026-07-07),no,no,Proxima release sha b1ff584f345d,no,
bdc-capital,CA,BDC Capital (state VC),equity,2011-,undisclosed,"General Fusion (Series B 2011, E 2021, F 2023)",no,no,docs/survey/investor-edges.csv,partial,Wikipedia-sourced
mubadala,AE,"Mubadala, PIF, CPP Investments, JIC, Bpifrance, JBIC, British Business Bank",equity/debt,,,"no nuclear-round participation found in R4 edges (investors.csv has 0 matches for Mubadala, PIF, CPP, JIC, Bpifrance, JBIC, NWF)",no,no,docs/survey/investors.csv,n/a,"Absence is within R4 coverage limits (30 seed companies, partial)"
