slug,name,aliases,website,hq_city,hq_country,founded,status,reactor_type,role,newsroom_url,cik,companies_house,siren,wikidata,lei,lifetime_funding_usd,funding_basis,funding_source_url,last_round_label,last_round_date,listed_in
aalo-atomics,Aalo Atomics,,https://www.aalo.com,Austin,US,2023,private,SFR|microreactor,developer,https://www.aalo.com/news,,,,,,,reported $133M thru Series B per aggregator; $500M Series C reported in progress Jul 2026 (unverified),https://www.datacenterdynamics.com/en/news/microreactor-firm-aalo-atomics-raises-100m-in-funding-aims-to-power-data-centers-at-scale/,Series B ($100M),2025-08,company-site|energystartups|press|smrintel
actinide,Actinide,Actinide Inc.,https://www.actinideinc.com,Dallas,US,2025,private,n/a,enrichment,https://www.actinideinc.com/press,,,,,,,undisclosed (seed amount not stated; led by Onto Ventures),https://www.actinideinc.com/press/actinide-becomes-first-startup-to-ever-enrich-natural-uranium-to-produce-haleu,Seed,2026-03,press
alpha-nur,Alpha Nur,,,,US,2021,private,n/a,back_end|fuel,,,,,,,,"undisclosed; DOE TCF CRADA, DOE recycling award 2026-02",https://www.ans.org/news/2026-02-06/article-7740/doe-awards-19m-to-advance-snf-recycling/,Grant,2026-02,press
alpha-tech-research,Alpha Tech Research Corp,ATRC; MSR design,https://www.alphatechresearchcorp.com,Salt Lake City,US,2016,private,MSR,developer,,,,,,,,undisclosed,,,,company-site|press
alva-energy,Alva Energy,,,Cambridge,US,2025,private,Large LWR,developer,,,,,,,33000000,LOWER-BOUND reported,https://www.finsmes.com/2026/02/alva-energy-raises-33m-in-funding.html,Series A (Playground Global lead),2026-02,energystartups|press|vcbacked
american-centrifuge-operating,"American Centrifuge Operating, LLC",ACO|Centrus subsidiary,https://www.centrusenergy.com,Bethesda,US,,subsidiary,n/a,enrichment,https://www.centrusenergy.com/news/,,,,,,,undisclosed; DOE $900M task order is a contract not equity,https://www.energy.gov/articles/us-department-energy-awards-27-billion-restore-american-uranium-enrichment,DOE task order,2026-01,press
ampera,Ampera,,,Palm Beach Gardens,US,,private,other,developer,,,,,,,,undisclosed (aggregator-only ~$20M),,Funding round,2026-02,vcbacked
anchor-nuclear-solutions,Anchor Nuclear Solutions,,,Virginia Beach,US,,private,n/a,services,,,,,,,,undisclosed,,,,vcbacked
antares-nuclear,Antares Nuclear,Antares Industries,https://antares.com,Torrance,US,2024,private,microreactor|heat pipe,developer,,,,,,,,undisclosed lifetime total; Series C $470M ($370M equity + $100M debt),https://www.ctvc.co/micro-reactor-funding-goes-macro-309/,Series C,2026-07-27,energystartups|press|smrintel
apollo-atomics,Apollo Atomics,,,,US,,private,LWR SMR,developer,,,,,,,31000000,LOWER-BOUND reported,https://pulse2.com/apollo-atomics-raises-31-million-seed-as-nuclear-reactor-pipeline-tops-20-gw-of-signed-lois/,Seed (FCVC lead),2026,energystartups|press|vcbacked
applied-atomics,"Applied Atomics, Inc.",,https://www.applied-atomics.com,Anchorage,US,,private,LWR SMR,developer,,,,,,,8300000,LOWER-BOUND disclosed,https://www.appliedatomics.com/newsroom/applied-atomics-raises-8m,Seed,2026-03,energystartups|press|vcbacked
arc-clean-technology,ARC Clean Technology Inc.,ARC Nuclear|ARC-100,https://www.arcenergy.co,Fredericton,CA,2006,private,SFR,developer,https://www.arc-cleantech.com/in-the-news,,,,,,,undisclosed (aggregator-only figure ~$66M not citable),https://www.arc-cleantech.com/in-the-news,Series B (unverified),2025-12,energystartups|iaea-aris|press|smrintel|wikipedia-smr|wna-smr
asp-isotopes,ASP Isotopes,NASDAQ:ASPI|QLE/Quantum Leap Energy,https://www.aspisotopes.com,Washington DC,US,2021,public,n/a,isotopes|enrichment,https://www.aspisotopes.com/news,1921865,,,,,,public company,https://ir.aspisotopes.com/news-events/press-releases,Public equity,2026-07,company-site|press
atkinsrealis-candu,AtkinsRéalis / Candu Energy,AtkinsRéalis|SNC-Lavalin|TSX:ATRL,https://www.atkinsrealis.com,Montreal,CA,1911,public(TSX:ATRL),PHWR,developer|services,https://www.atkinsrealis.com/en/media,,,,,,,n/a listed engineering group; owns Candu Energy,https://www.atkinsrealis.com,,,press|wikipedia-smr
atomic-alchemy,Atomic Alchemy,acquired by Oklo 2025|Oklo subsidiary,https://www.atomicalchemy.com,Idaho Falls,US,2018,acquired,n/a,isotopes,https://www.oklo.com/newsroom,,,,,,,undisclosed,https://en.wikipedia.org/wiki/Oklo_Inc.,,,company-site|press
atomic-canyon,Atomic Canyon,,https://www.atomic-canyon.com,San Francisco,US,2023,private,n/a,services,https://www.atomic-canyon.com/news,,,,,,,"undisclosed; aggregator-only ~$8.8M seed, not used",https://tracxn.com/d/companies/atomic-canyon/__yD7FmhK2T7QJU36VnTLJ_HkjaDNVHWByVyOz3VH0lOE,Seed,2026-03,company-site|energystartups|press|vcbacked
bhel,Bharat Heavy Electricals,NSE:BHEL|majority state-owned but listed,https://www.bhel.com,New Delhi,IN,,public(NSE:BHEL),n/a,components,,,,,,,,n/a (listed; no discrete raise captured),,,,press
bhi-co,BHI Co,"KOSDAQ:083650|ticker from memory, unverified",,Seoul,KR,,public(KOSDAQ:083650),n/a,components,,,,,,,,n/a (listed; no discrete raise captured),,,,press
blossom-energy,Blossom Energy,,,Tokyo,JP,2022,private,HTGR,developer,,,,,,,,undisclosed (amount reported only by a commercial DB; not used),,"Series A (JPY 350M, Incubate Fund, Animal Spirits, Tsuneishi CP, ReGACY, G-STARTUP; reported via vendor profile only)",2024-02,press
blsk-energy,BLSK Energy,Argonne pyroprocessing CRADA May 2026,,,US,,private,n/a,back_end,,,,,,,,undisclosed,,,,press
blue-capsule,Blue Capsule Technology,Blue Capsule,https://www.blue-capsule.com,Aix-en-Provence,FR,2022,spun-out,HTGR,developer,,,921792404,"reported EUR2M first round (Exergon, Eren, Audacia, CEA Investissement); later EUR10M round per legal press (unverified)",,,,https://gomet.net/nucleaire-blue-capsule-aix-leve-2-millions/,First round EUR2M,,press,energystartups|press|wikipedia-smr
blue-energy,Blue Energy,,https://www.blueenergynuclear.com,,US,2023,private,LWR SMR,developer,,,,,,,,undisclosed lifetime; $380M round Apr 2026,https://www.bloomberg.com/news/articles/2026-04-21/blue-energy-raises-380-million-to-build-nukes-for-data-centers,Equity round ($380M; VXI Capital lead; Constellation strategic),2026-04-21,energystartups|press|vcbacked
bluecore-energy,Bluecore Energy,,,,US,2026,private,LWR SMR|naval/space,developer,,,,,,,50000000,LOWER-BOUND reported; seed incl. $10M pre-seed,https://www.esgtoday.com/bluecore-energy-raises-50-million-to-build-floating-nuclear-power-plants/,Seed ($50M),2026,energystartups|press|vcbacked
blykalla,Blykalla,Blykalla AB|LeadCold,https://www.blykalla.com,Stockholm,SE,2022,private,LFR,developer,https://www.blykalla.com/news,,,,,,,"undisclosed lifetime; last round ~$50M co-led by Oklo, Norrsken Launcher, Armada (Bloomberg/NucNet); SEK384M share issue Nov 2025",https://www.nucnet.org/news/swedish-nuclear-startup-blykalla-raises-usd50-million-to-accelerate-work-on-smr-12-4-2025,Series A2 ~$50M,2025-12,energystartups|press|wikipedia-smr
bwx-technologies,"BWX Technologies, Inc.",NYSE:BWXT|BANR,https://www.bwxt.com,Lynchburg,US,2015,public(NYSE:BWXT),naval/space|microreactor,components,https://www.bwxt.com/news,1486957,,,,,,n/a diversified; fuel arm note only (see nuclear-fuel-services). Doubtful: leave to us-dev/components,,,,company-site|press|smrintel
calogena,Calogena,Calogena SAS|Gaia Energy,https://www.calogena.com,Paris,FR,,private,LWR SMR,developer,https://www.calogena.com/en/press-release-page/,,,,,,,announced ~EUR100M funding incl capital increase + France 2030 (not converted),https://www.nucnet.org/news/calogena-and-jimmy-receive-french-funding-in-boost-to-smr-plans-3-3-2026,"Capital increase (Snef, Banque des Territoires, Bpifrance Deep Tech 2030)",2026-04,energystartups|press|wikipedia-smr
centrus-energy,Centrus Energy Corp.,NYSE American:LEU|USEC|American Centrifuge,https://www.centrusenergy.com,Bethesda,US,,public(NYSE American:LEU),n/a,enrichment,https://www.centrusenergy.com/news/,0001065059,,,,,,"undisclosed (listed; many equity/convert raises, not summed)",https://www.sec.gov/Archives/edgar/data/1065059/000162828026007117/leu-20251231.htm,DOE task order (HALEU/LEU enrichment),2026-01,company-site|press
cgn-power,CGN Power,HKEX:1816|SZSE:003816|listed subsidiary of CGN; included as distinct listed vehicle,https://www.cgnp.com.cn,Shenzhen,CN,,public(HKEX:1816|SZSE:003816),Large LWR|LWR SMR,developer,,,,,,,,n/a (listed; no discrete raise captured),,,,press
china-national-nuclear-power,China National Nuclear Power,SSE:601985|CNNP|listed CNNC subsidiary,,Beijing,CN,,public(SSE:601985),Large LWR,developer,,,,,,,,n/a (listed; no discrete raise captured),,,,press
china-nuclear-engineering,China Nuclear Engineering Corporation,SSE:601611|CNECC|listed CNNC subsidiary,,Beijing,CN,,public(SSE:601611),n/a,services,,,,,,,,n/a (listed; no discrete raise captured),,,,press
clean-core-thorium-energy,Clean Core Thorium Energy,CCTE|ANEEL,https://cleancorethorium.com,Chicago,US,2017,private,PHWR|Large LWR,fuel,,,,,,,15500000,LOWER-BOUND disclosed; Series Seed only (equity); later rounds not verified,https://www.globenewswire.com/news-release/2025/02/06/3022187/0/en/Clean-Core-Thorium-Energy-Raises-15-5M-in-Series-Seed.html,Series Seed,2025-02-06,energystartups|press
copenhagen-atomics,Copenhagen Atomics,Copenhagen Atomics ApS,https://www.copenhagenatomics.com,Copenhagen,DK,2014,private,MSR,developer,https://www.copenhagenatomics.com/news,,,,,,,undisclosed; EIC Accelerator EUR2.5M grant + up to EUR15M equity option (reported),https://www.copenhagenatomics.com/news/copenhagen-atomics-awarded-funding-by-eic-accelerator/,EIC Accelerator,2025,energystartups|press|vcbacked|wikipedia-smr
coqui-radio-pharmaceuticals,Coquí Radio Pharmaceuticals,Coqui RadioPharmaceuticals,https://www.coquiradio.com,Miami,US,2018,private,n/a,isotopes,,,,,,,,undisclosed,,,,company-site|press
core-power,CORE POWER,Core Power (UK) Ltd,https://www.corepower.energy,London,GB,2018,private,naval/space|MSR,developer,https://www.corepower.energy/news-resources,,,,,,,reported $374M total per aggregator (unverified),https://www.seatrade-maritime.com/shipping-finance/core-power-hits-100m-funding-milestone-for-experimental-reactor,Later-stage VC ($200M),2026-08-25,company-site|energystartups|press|smrintel
curio,Curio,Curio Solutions|NuCycle,https://www.curio.energy,Las Vegas,US,2018,private,n/a,back_end,https://www.curio.energy/news,,,,,,,undisclosed (ARPA-E grants $5M 2023 + $2.5M Aug 2026 announced),https://www.businesswire.com/news/home/20260813100460/en/Curio-Receives-$2.5M-in-Additional-Funding-from-U.S.-Department-of-Energy-ARPA-E-to-Scale-Its-NuCycle-Recycling-Technology,Grant,2026-08,company-site|press|vcbacked
curium,Curium,Curium Pharma; CapVest-owned,https://www.curiumpharma.com,Paris,FR,2017,private,n/a,isotopes,,,,,,,,undisclosed,,,,company-site
deep-fission,"Deep Fission, Inc.",NASDAQ:FISN,https://www.deepfission.com,Berkeley,US,2020,public(NASDAQ:FISN),LWR SMR,developer,https://www.deepfission.com/investors/news-events,1918102,,,,,30000000,LOWER-BOUND disclosed; Sept 2025 $30M private placement only (excludes prior/IPO),https://www.gurufocus.com/news/8922229/deep-fission-fisn-prices-ipo-at-16-raising-40-million,"IPO ($40M gross, $16/share)",2026-06-18,company-site|energystartups|press|vcbacked
deep-isolation,Deep Isolation,"Deep Isolation Nuclear, Inc.",https://www.deepisolation.com,Berkeley,US,2016,private,n/a,back_end,https://www.deepisolation.com/news-events/,,,,,,33000000,LOWER-BOUND disclosed; $33M oversubscribed private placement (go-public transaction); excludes grants,https://www.deepisolation.com/press/global-nuclear-waste-disposal-innovator-deep-isolation-announces-go-public-transaction-and-oversubscribed-33-million-financing/,Private placement,,company-site|press|vcbacked
digilab-solutions,digiLab Solutions,AI/UQ for nuclear digital twins (partly nuclear; doubtful),,Exeter,GB,,private,n/a,services,,,,,,,,undisclosed,,,,vcbacked
dl-enc,DL E&C,KRX:375500|X-energy investor (USD20M reported),,Seoul,KR,,public(KRX:375500),HTGR,services,,,,,,,,n/a (listed; no discrete raise captured),,,,press
dongfang-electric,Dongfang Electric,SSE:600875|HKEX:1072,,Chengdu,CN,,public(SSE:600875|HKEX:1072),Large LWR,components,,,,,,,,n/a (listed; no discrete raise captured),,,,press
doosan-enerbility,Doosan Enerbility,KRX:034020|NuScale|X-energy supplier,https://www.doosanenerbility.com,Changwon,KR,1962,public(KRX:034020),LWR SMR|Large LWR,components,,,,,,,,n/a (listed; no discrete raise captured),,,,company-site|press
dual-fluid-energy,Dual Fluid Energy,Dual Fluid Energy Inc.,https://dual-fluid.com,,CA,2021,private,MSR|LFR,developer,,,,,,,,"reported >C$6M seed 2021 (Wikipedia: Canadian company, six German inventors); HQ city unverified",https://en.wikipedia.org/wiki/Dual_fluid_reactor,Seed,2021-06,press
eden-radioisotopes,Eden Radioisotopes,,https://edenradioisotopes.com,Albuquerque,US,2019,private,n/a,isotopes,,,,,,,,undisclosed,,,,company-site|press
elementl-power,Elementl Power,,https://www.elementlpower.com,Boston,US,2022,private,Large LWR|LWR SMR,developer,,,,,,,,,,,,press
elysium-industries,Elysium Industries,,,Boston,US,2013,private,MSR,developer,,,,,,,,undisclosed; DOE cost-share award; possibly out of business,https://pitchbook.com/profiles/company/164229-13,Grant,2018,energystartups|iaea-aris|press
energysolutions,EnergySolutions,Rhône Capital-owned (taken private 2013; Rhone sale 2026?),https://www.energysolutions.com,Salt Lake City,US,2006,private,n/a,back_end,,,,,,,,undisclosed,,,,company-site
entra1-energy,ENTRA1 Energy,NuScale-TVA 6 GW vehicle,https://entra1.com,,US,2025,private,LWR SMR,developer,,,,,,,,,,,,press
everstar,Everstar,Gordian,https://www.everstar.ai,New York,US,2024,private,n/a,services,,,,,,,4000000,LOWER-BOUND disclosed; pre-seed,https://www.prnewswire.com/news-releases/everstar-secures-4m-in-pre-seed-funding-to-revolutionize-nuclear-compliance-with-ai-302379015.html,Pre-seed,2025-02,company-site|press
exodys-energy,"Exodys Energy, Inc.",KLOROS|UP-CYCLE,https://www.exodysenergy.com,Torrance,US,2024,private,MSR,developer,,,,,,,,undisclosed; selected by DOE 2026-06 for Surplus Plutonium Utilization negotiations,https://www.businesswire.com/news/home/20260603134233/en/U.S.-Department-of-Energy-Selects-Exodys-Energy-for-Advanced-Negotiations-Under-Surplus-Plutonium-Utilization-Program,DOE selection,2026-06,company-site|press
fermi-america,Fermi Inc.,Fermi America|NASDAQ:FRMI|LSE:FRMI|Project Matador,https://www.fermiamerica.com,Amarillo,US,2025,public(NASDAQ:FRMI),Large LWR,developer,,2071778,,,,,682500000,LOWER-BOUND reported; IPO gross,https://www.datacenterdynamics.com/en/news/fermi-makes-stock-market-debut-valued-at-almost-15bn/,IPO,2025-10-01,press
fermi-energia,Fermi Energia,Fermi Energia AS,https://fermi.ee,Tallinn,EE,2019,private,LWR SMR,developer,https://fermi.ee/en/news,,,,,,,reported EUR1.7M raise 2023 plus EUR2.5M Series A earlier; Vattenfall ~6% stake; crowdfunding (Funderbeam),https://fermi.ee/en/fermi-energia-has-raised-e1-7-million-and-appointed-a-new-board/,Equity raise,2023-03,press
first-american-nuclear,First American Nuclear Co.,FANCO,,Indianapolis,US,,private,LFR,developer,,,,,,,,undisclosed (aggregator-only ~$2.5M),,,,energystartups|press
flibe-energy,"Flibe Energy, Inc.",LFTR,https://flibe-energy.com,Huntsville,US,2011,private,MSR,developer,,,,,,,,undisclosed; DOE awards only,https://cen.acs.org/energy/nuclear-power/Flibe-Energy-DOE-funding-nuclear/96/i29,Grant,,iaea-aris|press|wna-smr
general-matter,General Matter,,https://www.generalmatter.com,San Francisco,US,2024,private,n/a,enrichment,,,,,,,50000000,"LOWER-BOUND reported; Series A only, equity",https://en.wikipedia.org/wiki/General_Matter,Series A,2025-04,press|vcbacked
global-first-power,Global First Power,GFP,,Toronto,CA,,defunct,HTGR|microreactor,developer,,,,,,,,undisclosed; Ontario MMR at Chalk River (Ultra Safe/OPG); status unverified,,,,press
global-laser-enrichment,Global Laser Enrichment LLC,GLE,https://www.gle-us.com,Wilmington,US,2007,subsidiary,n/a,enrichment,https://www.gle-us.com/news/,,,,,,,undisclosed; owners Silex 51% / Cameco 49%; $28.5M DOE funding Jan 2026; $98.9M Paducah incentives package reported,https://www.sec.gov/Archives/edgar/data/1009001/000119312526139308/d711806dex991.pdf,Grant,2026-01,press
hadron-energy,"Hadron Energy, Inc.",NASDAQ:HDRN|GigCapital7,https://www.hadronenergy.com,San Francisco,US,2023,public(NASDAQ:HDRN),microreactor|LWR SMR,developer,https://www.hadronenergy.com/investor-relations,2023730,,,,,,,https://www.morningstar.com/news/business-wire/20260526715216/hadron-energy-completes-business-combination-with-gigcapital7-corp-receiving-approximately-31-million-begins-trading-on-nasdaq-under-ticker-hdrn-as-the-first-publicly-traded-light-water-micro-modular-nuclear-reactor-company,SPAC (GigCapital7; ~$31M received),2026-05-22,company-site|press|vcbacked
haleu-energy-fuel,HALEU Energy Fuel Inc.,NANO Nuclear Energy subsidiary|NASDAQ:NNE parent CIK 0001923891,https://nanonuclearenergy.com,,US,,subsidiary,n/a,fuel,https://nanonuclearenergy.com,,,,,,,n/a subsidiary; NANO agreed 2026-10-01 to buy Radnostix DUF6 deconversion assets ($9.5M cash + $4.0M stock),https://energynewsbeat.co/nuclear/nano-nuclear-energy-advances-vertical-integration-strategy-by-signing-definitive-agreement-to-acquire-strategic-nrc-licensed-u-s-nuclear-fuel-processing-assetnano-nuclear-energy-advances-vertical-int/,Acquisition,2026-10-01,press
harbin-electric,Harbin Electric,HKEX:1133,,Harbin,CN,,public(HKEX:1133),Large LWR,components,,,,,,,,n/a (listed; no discrete raise captured),,,,press
hexana,Hexana,,https://www.hexana.fr,Aix-en-Provence,FR,2023,spun-out,SFR,developer,,,,,,,28300000,"reported EUR25M (EUR15M equity + EUR10M grant), converted at ~1.13 (Apr 2025); single announced package, earlier rounds undisclosed",https://www.nucnet.org/news/french-startup-hexana-raises-eur25m-to-advance-generation-iv-nuclear-plant-1-4-2025,Seed/Series A + grant,2025-04,energystartups|press|wikipedia-smr
hexium,Hexium,,https://www.hexium.com,,US,,private,n/a,enrichment|isotopes,,,,,,,,"disclosed $12M at launch (seed $8M MaC Venture/Refactor + $4M non-dilutive); a further $13M round (2025-07) seen only in aggregator, unverified; lifetime left blank",https://www.power-technology.com/news/hexium-enriched-lithium-production/,Seed,2025-04,press
holosgen,HolosGen LLC,,https://www.holosgen.com,"Washington, DC",US,2007,private,HTGR|microreactor,developer,,,,,,,,,,,,company-site|iaea-aris
holtec-international,Holtec International / Holtec Nuclear Corp,NASDAQ:HNUC (proposed)|Palisades|SMR-300,https://holtecinternational.com,Camden,US,1986,private,Large LWR|LWR SMR,developer,https://holtecinternational.com/news/,,,,,,,undisclosed; IPO launched 2026-09-08 (HNUC) then paused Sept 2026 per Wikipedia,https://en.wikipedia.org/wiki/Holtec_International,"IPO planned, paused",2026-09-08,company-site|nea-smr-dashboard|press|smrintel|wna-smr
hyundai-enc,Hyundai Engineering & Construction,KRX:000720,,Seoul,KR,,public(KRX:000720),Large LWR|LWR SMR,services,,,,,,,,n/a (listed; no discrete raise captured),,,,press
ihi,IHI Corporation,TSE:7013|NuScale investor|X-energy supply MOU 2026-03,https://www.ihi.co.jp,Tokyo,JP,,public(TSE:7013),n/a,components,,,,,,,,n/a (listed; no discrete raise captured),,,,press
interim-storage-partners,Interim Storage Partners,Orano/WCS JV ISP,https://www.nrc.gov/info-finder/decommissioning/interim-storage/interim-storage-partners,Andrews,US,2018,private,n/a,back_end,,,,,,,,undisclosed,,,,press
japan-steel-works,Japan Steel Works,TSE:5631,https://www.jsw.co.jp,Tokyo,JP,,public(TSE:5631),n/a,components,,,,,,,,n/a (listed; no discrete raise captured),,,,press
jgc-holdings,JGC Holdings,TSE:1963|NuScale investor,https://www.jgc.com,Yokohama,JP,,public(TSE:1963),n/a,services,,,,,,,,n/a (listed; no discrete raise captured),,,,press
jiangsu-shentong-valve,Jiangsu Shentong Valve,"SZSE:002438|ticker from memory, unverified",,Jiangsu,CN,,public(SZSE:002438),n/a,components,,,,,,,,n/a (listed; no discrete raise captured),,,,press
jimmy-energy,Jimmy Energy,Jimmy,https://www.jimmy-energy.com,Aix-en-Provence,FR,2020,private,HTGR,developer,,,,,,,,"undisclosed lifetime; last round ~$92M / EUR80M (Bloomberg, reported)",https://www.bloomberg.com/news/articles/2026-03-10/french-nuclear-plant-startup-raises-92-million-to-finish-design,Equity round (~EUR80M),2026-03,energystartups|press|vcbacked|wikipedia-smr
kairos-power,Kairos Power LLC,,https://kairospower.com,Alameda,US,2016,private,FHR,developer,https://kairospower.com/news/,,,,,,,undisclosed (no verified total),https://en.wikipedia.org/wiki/Kairos_Power,,,company-site|energystartups|nea-smr-dashboard|press|smrintel|wikipedia-smr|wna-smr
karnfull-next,Kärnfull Next,Kärnfull Next AB,https://karnfullnext.se,Stockholm,SE,2021,acquired,LWR SMR,developer,,,,,,,,reported acquisition by Studsvik for EUR6.5M (2026-01),https://www.nucnet.org/news/sweden-s-studsvik-acquires-small-modular-reactor-startup-kaernfull-next-3-1-2026,Acquisition,2026-01,company-site|press|vcbacked
kepco-enc,KEPCO Engineering & Construction,KRX:052690|BANDI-60|KEPCO subsidiary,,Gimcheon,KR,,public(KRX:052690),LWR SMR,services,,,,,,,,n/a (listed; no discrete raise captured),,,,press|smrintel|wikipedia-smr
kepco-kps,KEPCO KPS,KRX:051600|KEPCO subsidiary,,Naju,KR,,public(KRX:051600),n/a,services,,,,,,,,n/a (listed; no discrete raise captured),,,,press
larsen-toubro,Larsen & Toubro,NSE:LT|BSMR-300 SPV talks reported 2026-09,https://www.larsentoubro.com,Mumbai,IN,,public(NSE:LT),n/a,components,,,,,,,,n/a (listed; no discrete raise captured),,,,press
last-energy,Last Energy,,https://www.lastenergy.com,"Washington, DC",US,2019,private,LWR SMR|microreactor,developer,https://www.lastenergy.com/news,,,,,,314000000,reported; per company Series C release,https://www.builtinaustin.com/articles/last-energy-raises-100m-series-c-20251218,Series C ($100M),2025-12,company-site|energystartups|press|smrintel
lightbridge,Lightbridge Corporation,NASDAQ:LTBR|Thorium Power,https://www.ltbridge.com,Reston,US,1992,public(NASDAQ:LTBR),n/a,fuel,https://www.ltbridge.com/news-media/press-releases,0001084554,,,,,,undisclosed lifetime; ATM raised $18.6M in Q1 2026,https://finance.yahoo.com/energy/articles/lightbridge-corp-ltbr-q2-2026-030130735.html,ATM equity,2026-03,company-site|press|smrintel
lis-technologies,LIS Technologies Inc.,LIST|Laser Isotope Separation Technologies,,Oak Ridge,US,,private,n/a,enrichment,,,,,,,64000000,"disclosed; four rounds, company release; NANO invested $2M",https://www.newsfilecorp.com/release/280187/LIS-Technologies-Inc.-Announces-Fourth-Consecutive-Oversubscribed-Funding-Round-of-17-Million-Totaling-64-Million-to-Revitalize-the-Only-U.S.Origin-Patented-Laser-Uranium-Enrichment-Technology-to-Support-the-Domestic-Nuclear-Fuel-Cycle,Private round (4th),2026-01-13,press
louisiana-energy-services,Louisiana Energy Services LLC,Urenco USA|LES,https://urencousa.com,Eunice,US,,subsidiary,n/a,enrichment,,,,,,,,n/a subsidiary of Urenco; 2.1M SWU expansion announced 2026-06,https://www.ans.org/news/2026-06-02/article-8085/urenco-to-add-21-million-swu-of-enrichment-capacity-at-its-new-mexico-plant/,,,press
magics-technologies,Magics Technologies,robotics for nuclear/hazardous,,Geel,BE,,private,n/a,services,,,,,,,,"undisclosed; vcbacked (reference only) lists ~$11.1M; unverified, fission scope unverified",,,,press|vcbacked
meitner-energy,Meitner Energy,Meitner-INVAP consortium|Ansari Group|Black River Technology,,,US,,private,LWR SMR,developer,,,,,,,,"undisclosed; FLAG: US-registered, INVAP-linked; planned USD1.2bn project, not raised; merge with US agent",https://world-nuclear-news.org/articles/argentina-announces-privately-financed-smr-plan,"Announced USD1.2bn planned private investment (ACR-300, Atucha); not a raised round",2026-07,press
mirion-technologies,Mirion Technologies,NYSE:MIR|radiation detection,https://www.mirion.com,Atlanta,US,1999,public,n/a,components,https://www.mirion.com/investors,1809987,,,,,,public company,,,,company-site
moltex-energy,Moltex Energy,Moltex Energy Canada|Moltex Energy Ltd,https://www.moltexenergy.com,Saint John,CA,2006,defunct,MSR,developer|fuel,,,,,,,,reported public funding ~CAD50.5M federal + CAD5M NB (Moltex site/CBC); insolvency 2025-03; assets offered to Nuclea Energy for CAD11.5M,https://www.cbc.ca/news/canada/new-brunswick/moltex-energy-canada-sale-9.7183180,Grant (federal),,press|wikipedia-smr
moltexflex,MoltexFLEX Ltd,Moltex FLEX,,Warrington,GB,,private,MSR,developer,,,,,,,,"undisclosed; vcbacked (reference only) lists ~$1.7M, not citable",,,,press|vcbacked|wikipedia-smr
naarea,Naarea,XANTHO|Naarea SAS,https://www.naarea.fr,Nanterre,FR,2019,acquired,MSR,developer,,,,882949506,,,97200000,"reported ~EUR90M successive fundraisings incl EUR10M France 2030, converted at ~1.08; judicial proceedings 2025-26; status: Nanterre court ordered cession to Eneris 2026-01-15 despite buyer withdrawal (Usine Nouvelle via search snippet; page itself 403)",https://www.generation-nt.com/actualites/naarea-eneris-nucleaire-smr-liquidation-france2030-2069091,Court-approved takeover (Eneris),2026-01,press|wikipedia-smr
nano-nuclear-energy,NANO Nuclear Energy Inc.,NASDAQ:NNE,https://nanonuclearenergy.com,New York,US,2022,public(NASDAQ:NNE),microreactor|heat pipe,developer,https://nanonuclearenergy.com/news,1923891,,,,,,public company,https://nanonuclearenergy.com/nano-nuclear-reports-q2-fy-2026-financial-results-and-provides-business-update/,"Private placement ($400M gross, Oct 2025)",2025-10,company-site|press|smrintel|vcbacked|wikipedia-smr|wna-smr
natura-resources,Natura Resources LLC,,https://www.natura-resources.com,Abilene,US,2020,private,MSR,developer,,,,,,,240000000,LOWER-BOUND reported; >$120M private + $120M Texas commitment,https://www.asme.org/topics-resources/content/what-nuclear-energy-technologies-are-actually-advancing-in-2026,Grant (Texas $120M commitment),2025,iaea-aris|press|vcbacked
newcleo,newcleo,newcleo plc|newcleo SA|NASDAQ:NWCL|plc registered in England|NewHold Investment Corp III,https://www.newcleo.com,Paris,FR,2021,public(NASDAQ:NWCL),LFR,developer|fuel,https://www.newcleo.com/news,2131813,,,,,873600000,"reported; >EUR780M raised as of May 2026 (Wikipedia, pre-SPAC) at ~1.12 USD/EUR; excludes ~$247M SPAC gross",https://en.wikipedia.org/wiki/Newcleo,SPAC business combination (NewHold III) + PIPE ~$247M gross,2026-09,energystartups|press|smrintel|vcbacked|wikipedia-smr|wna-smr
niowave,Niowave,Niowave Inc.,https://niowaveinc.com,Lansing,US,2005,private,n/a,isotopes,https://niowaveinc.com/news/,,,,,,,undisclosed (~$75M plant announced),https://www.biospace.com/business/niowave-fresh-from-novartis-deal-starts-building-75m-radioisotope-plant,,,company-site|press
norsk-kjernekraft,Norsk Kjernekraft,Norsk Kjernekraft AS,https://norskkjernekraft.com,Oslo,NO,2022,private,LWR SMR,developer,,,,,,,,undisclosed; funding/listing status not verified in this pass,https://norskkjernekraft.com/,,,press
northstar-medical-radioisotopes,NorthStar Medical Radioisotopes,,https://www.northstarnm.com,Beloit,US,2009,private,n/a,isotopes,https://www.northstarnm.com/news,,,,,,,undisclosed,,,,company-site|press
nuclear-fuel-services,"Nuclear Fuel Services, Inc.",NFS|BWXT subsidiary,,Erwin,US,,subsidiary,n/a,fuel,,,,,,,,n/a subsidiary of BWXT,,,,company-site
nuclear-promise-x,Nuclear Promise X,NPX|digital operator tools,https://www.nuclearpromisex.com,New York,US,2022,private,n/a,services,,,,,,,,undisclosed,,,,company-site
nuclear-turbines,Nuclear Turbines,,,,GB,,private,n/a,components,,,,,,,,"undisclosed; energystartups (reference only) lists ~GBP15M; unverified, nuclear/fission scope unverified",,,,energystartups|press
nuclearn,Nuclearn,nuclear AI software,https://nuclearn.ai,San Diego,US,2020,private,n/a,services,,,,,,,,undisclosed (aggregator-only ~$13M),,,,company-site|energystartups|press|vcbacked
nucube-energy,NuCube Energy,Idealab Studio spinout,https://www.nucube.energy,Idaho Falls,US,2023,private,microreactor,developer,,,,,,,13000000,LOWER-BOUND reported; $13M (BusinessWire release per sub-agent; aggregator ~$16M),https://www.businesswire.com/news/home/20260219752917/en/NuCube-Energy-Idealab-Studio-Founded-Microreactor-Startup-Raises-$13-Million-Amid-Rising-Industrial-and-Data-Driven-Power-Demand,Round (lead Arizona Nuclear Ventures),2026-02,energystartups|press|vcbacked
nusano,Nusano,,https://nusano.com,Salt Lake City,US,2018,private,n/a,isotopes,https://nusano.com/news/,,,,,,115000000,LOWER-BOUND disclosed; Series C commitments >$115M only,https://nusano.com/series-c/,Series C,,company-site|press|vcbacked
nuscale-power,NuScale Power Corp,NYSE:SMR|Fluor-controlled,https://www.nuscalepower.com,Portland,US,2007,public(NYSE:SMR),LWR SMR,developer,https://www.nuscalepower.com/en/news,1822966,,,,,,public company,,,,company-site|energystartups|iaea-aris|nea-smr-dashboard|press|smrintel|wikipedia-smr|wna-smr
nuward-sas,Nuward,NUWARD SAS|EDF SMR,https://www.edf.fr,Paris,FR,,subsidiary,LWR SMR,developer,,,,,,,,undisclosed; EDF subsidiary with Framatome/TA/Naval Group/Tractebel partners; Fr state France 2030 funding,,,,press
oklo,Oklo Inc.,NYSE:OKLO,https://oklo.com,Santa Clara,US,2013,public(NYSE:OKLO),SFR,developer,https://oklo.com/newsroom,1849056,,,,,,public company; see SEC filings,https://www.sec.gov/Archives/edgar/data/0001849056/000162828026054571/oklo-20260630.htm,Public equity,,company-site|energystartups|press|smrintel|vcbacked|wikipedia-smr
one-nuclear-energy,ONE Nuclear Energy Inc.,NASDAQ:ONEN|Hennessy Capital Investment Corp. VII,,,US,,public(NASDAQ:ONEN),LWR SMR,developer,,1846416,,,,,,,https://www.morningstar.com/news/business-wire/20260923848561/one-nuclear-energy-llc-and-hennessy-capital-investment-corp-vii-announce-closing-of-business-combination,SPAC (HCVII),2026-09-23,press
orlen-synthos-green-energy,Orlen Synthos Green Energy,OSGE,https://osge.com,Warsaw,PL,2021,private,LWR SMR,developer,https://osge.com/en/,,,,,,,"undisclosed; JV of Orlen and Synthos (50/50, reported); applied for CfD June 2026 for 14 BWRX-300",https://www.world-nuclear-news.org/articles/polish-developer-applies-for-state-funding-for-three-smr-plants,CfD application,2026-06,press
otrera-nuclear-energy,Otrera Nuclear Energy,Otrera New Energy,https://www.otrera.fr,Aix-en-Provence,FR,,spun-out,SFR,developer,,,,,,,,reported EUR2.5M first round 2024-12; EUR17M round announced 2026-02 (not converted),https://smr.nucnet.org/news/french-nuclear-startup-otrera-completes-eur17-million-funding-round-for-generation-iv-reactor-6-2-2026,Round EUR17M,2026-02,energystartups|press|vcbacked
prodigy-clean-energy,Prodigy Clean Energy,Prodigy,https://www.prodigy.energy,Montreal,CA,,private,LWR SMR|naval/space,developer,https://www.prodigy.energy/news,,,,,,,reported CAD2.75M government R&D funding (NRCan); no private round found,https://www.world-nuclear-news.org/articles/prodigy-completes-rd-project-for-transportable-nuclear-power-plants,Grant,2026-01,energystartups|press
project-omega,Project Omega,Sr-90 betavoltaic batteries; spent-fuel separation,,Providence,US,,private,n/a,back_end|isotopes,,,,,,,,undisclosed (vcbacked lists $12M seed Feb 2026; reference only),https://cen.acs.org/energy/nuclear-power/Project-Omega-comes-stealth-nuclear/104/web/2026/02,Seed,2026-02,press|vcbacked
quantum-leap-energy,Quantum Leap Energy LLC,QLE|ASPI subsidiary,,,US,,subsidiary,n/a,enrichment|fuel,https://ir.aspisotopes.com/news-events/press-releases,,,,,,,"undisclosed; IPO/spin-out S-1 pending as of 2026-08, not confirmed completed; $22.0M conditional loan reported",https://www.stocktitan.net/sec-filings/ASPI/10-k-asp-isotopes-inc-files-annual-report-70bbd9b086fc.html,Convertible notes,2026-07,press
radiant-nuclear,Radiant Industries,Radiant Nuclear,https://www.radiantnuclear.com,El Segundo,US,2020,private,microreactor|HTGR,developer,https://www.radiantnuclear.com/news,,,,,,518000000,LOWER-BOUND reported; Series A-D sum,https://siliconangle.com/2025/12/18/radiant-raises-300m-make-mass-produced-nuclear-reactors-reality/,Series D (>$300M),2025-12-17,company-site|energystartups|press|smrintel
radnostix,"Radnostix, Inc.",International Isotopes Inc.|INIS,,,US,,public,n/a,fuel,,,,,,,,undisclosed; ticker/CIK not verified; seller of DUF6 deconversion license to NANO,https://energynewsbeat.co/nuclear/nano-nuclear-energy-advances-vertical-integration-strategy-by-signing-definitive-agreement-to-acquire-strategic-nrc-licensed-u-s-nuclear-fuel-processing-assetnano-nuclear-energy-advances-vertical-int/,,,press
raven-flint-nuclear,Raven-Flint Nuclear,,,,,,private,n/a,fuel,,,,,,,,undisclosed; unverified (seen on energystartups listing only),,,,energystartups|vcbacked
rolls-royce-smr,Rolls-Royce SMR Ltd,Rolls-Royce SMR|RR SMR,https://www.rolls-royce-smr.com,Derby,GB,2021,subsidiary,LWR SMR,developer,https://www.rolls-royce-smr.com/press,,,,,,,"undisclosed; shareholders Rolls-Royce plc, CEZ (~20%), BNF Resources, QIA; National Wealth Fund up to GBP599M (2026, reported)",https://www.newcivilengineer.com/latest/rolls-royce-smr-secures-wylfa-contract-and-599m-government-loan-13-04-2026/,Government loan (NWF) up to GBP599M,2026-04,press|vcbacked|wikipedia-smr
sainuc,SAINUC,,,,SG,,private,other,developer,,,,,,,,undisclosed; unverified (seen on vcbacked only),,,,vcbacked
salem-robotics,Salem Robotics,radiological survey autonomy,,Austin,US,,private,n/a,components,,,,,,,,undisclosed,,,2026-09,vcbacked
saltfoss-energy,Saltfoss Energy,Seaborg Technologies|Seaborg,https://saltfoss.com,Copenhagen,DK,2014,private,MSR,developer,https://saltfoss.com,,,,,,,undisclosed,https://en.wikipedia.org/wiki/Saltfoss_Energy,,,energystartups|press|vcbacked|wikipedia-smr
samsung-ct,Samsung C&T,KRX:028260|NuScale partner,https://www.samsungcnt.com,Seoul,KR,,public(KRX:028260),n/a,services,,,,,,,,n/a (listed; no discrete raise captured),,,,press
shanghai-electric,Shanghai Electric Group,SSE:601727|HKEX:2727|nuclear island equipment,,Shanghai,CN,,public(SSE:601727|HKEX:2727),n/a,components,,,,,,,,n/a (listed; no discrete raise captured),,,,press
shine-technologies,SHINE Technologies,SHINE Medical Technologies|SHINE Fusion,https://www.shinetechnologies.com,Janesville,US,2010,private,n/a,isotopes|back_end,https://www.shinefusion.com/blog,,,,,,,"reported; >$1B lifetime per press, not summed",https://www.prnewswire.com/news-releases/shine-completes-240-million-in-recent-funding-led-by-dr-patrick-soon-shiong-founder-of-nantworks-who-joins-board-of-directors-302697694.html,Equity (Series E per press),2026-02,company-site|press
silex-systems,Silex Systems,ASX:SLX,https://www.silex.com.au,Sydney,AU,1988,public(ASX:SLX),n/a,enrichment,https://www.silex.com.au,,,,,,,undisclosed,https://smallcaps.com.au/article/silex-systems-ord-secures-28m-us-doe-funding-for-laser-enrichment-tech-eyes-10-us-reactor-supply,,,company-site|press
sotera-nordion,Nordion (Sotera Health),Sotera Health NASDAQ:SHC,https://www.nordion.com,Ottawa,CA,1991,subsidiary,n/a,isotopes,,1822479,,,,,,subsidiary of public company,,,,company-site
standard-nuclear,"Standard Nuclear, Inc.",NYSE:STDN,https://standardnuclear.com,Oak Ridge,US,2024,public(NYSE:STDN),n/a,fuel,https://standardnuclear.com/news,0002086716,,,,,,"Series A $140M disclosed 2026-01 (investors Decisive Point, a16z, Chevron Tech Ventures, StepStone); IPO $150M gross 2026-07; earlier rounds undisclosed so lifetime total left blank",https://www.businesswire.com/news/home/20260126420607/en/Standard-Nuclear-Begins-Production-of-Advanced-HALEU-Fuel-and-Raises-$140-Million-in-Series-A-Funding,IPO,2026-07-16,company-site|press|vcbacked
star-energy-sa,STAR Energy SA,STAR,,,CH,,private,LWR SMR,developer,,,,,,,,undisclosed; unverified (Wikipedia SMR list),,,,wikipedia-smr|vcbacked
starcore-nuclear,StarCore Nuclear,Starcore,https://www.starcorenuclear.com,Montreal,CA,2008,private,HTGR,developer,,,,,,,,undisclosed; seed round Feb 2026 per aggregator only (unverified),,Seed (unverified),2026-02,press
steady-energy,Steady Energy,Steady Energy Oy,https://www.steadyenergy.com,Espoo,FI,2023,private,LWR SMR,developer,https://www.steadyenergy.com/news,,,,,,,undisclosed lifetime; EUR2M seed 2024; EIB up to EUR40M convertible loan 2026 within larger round; Business Finland EUR10.5M,https://world-nuclear-news.org/articles/first-smr-investment-by-european-investment-bank,EIB convertible loan up to EUR40M,2026,press
stellaria,Stellaria,Stellaria SAS (France; not the UAE geospatial company),https://www.stellaria-energy.com,Paris,FR,2023,spun-out,MSR,developer,,,,,,,,"reported EUR23M round (At One Ventures, Supernova Invest, CEA Investissements, Schneider, Exergon, Technip Energies); not converted",https://oilprice.com/Company-News/Stellaria-Secures-23-Million-to-Accelerate-Molten-Salt-Nuclear-Reactor-Tech.html,Round (co-led At One/Supernova),,energystartups|press|wikipedia-smr
stl-nuclear,STL Nuclear,Advanced Micro Reactor,,,ZA,,private,HTGR|microreactor,developer,,,,,,,,undisclosed,,,,wikipedia-smr
stratek-global,Stratek Global,Stratek Holdings|HTMR-100,https://stratek.co.za,Johannesburg,ZA,,private,HTGR,developer,,,,,,,,"undisclosed (ZAR9bn FOAK project cost, not raised capital)",https://www.world-nuclear-news.org/articles/partnership-aims-to-drive-forward%C2%A0htmr-100-smr-in,"Financing partnership (Koya Capital; planned ZAR9bn FOAK, not raised)",2024-04,company-site|press
studsvik,Studsvik AB,Nasdaq Stockholm:SVIK,https://www.studsvik.com,Nyköping,SE,1947,public(Nasdaq Stockholm:SVIK),n/a,services,https://www.studsvik.com/news,,,,,,,n/a (listed company; ticker unverified),https://www.nucnet.org/news/sweden-s-studsvik-acquires-small-modular-reactor-startup-kaernfull-next-3-1-2026,,,press
sung-kwang-bend,Sung Kwang Bend,"KOSDAQ:014620|ticker from memory, unverified",,Ansan,KR,,public(KOSDAQ:014620),n/a,components,,,,,,,,n/a (listed; no discrete raise captured),,,,press
taewoong,Taewoong,"KOSDAQ:044490|ticker from memory, unverified",,Busan,KR,,public(KOSDAQ:044490),n/a,components,,,,,,,,n/a (listed; no discrete raise captured),,,,press
terra-innovatum,Terra Innovatum Global N.V.,NASDAQ:NKLR|GSR III Acquisition,https://www.terrainnovatum.com,Rome,IT,2022,public(NASDAQ:NKLR),microreactor|HTGR,developer,https://investors.terrainnovatum.com/news-releases,2067627,,,,,130000000,LOWER-BOUND disclosed; SPAC proceeds at close,https://www.nasdaq.com/press-release/terra-innovatum-announces-closing-business-combination-gsr-iii-acquisition-corp-and,SPAC (GSR III),2025-10-09,company-site|press
terrapower,TerraPower LLC,,https://www.terrapower.com,Bellevue,US,2008,private,SFR|MSR,developer,https://www.terrapower.com/news,,,,,,1400000000,"LOWER-BOUND reported; private financing >$1.4B incl. $650M June 2025 round, excl. ~$2B DOE support",https://www.world-nuclear-news.org/articles/terrapower-welcomes-new-investors-in-fundraise-to-support-smr-plans,"Equity round ($650M; NVentures, HD Hyundai)",2025-06,company-site|energystartups|iaea-aris|nea-smr-dashboard|press|smrintel|wikipedia-smr|wna-smr
terrestrial-energy,Terrestrial Energy,Terrestrial Energy Inc.|HCM II Acquisition Corp|NASDAQ:IMSR,https://www.terrestrialenergy.com,Charlotte,US,2013,public(NASDAQ:IMSR),MSR,developer,https://ir.terrestrialenergy.com,2019804,,,,,,"undisclosed lifetime; SPAC proceeds ~$292M gross reported (note: HQ US/Canada ops, doubtful for segment; Canadian origin Oakville ON)",https://www.investing.com/news/sec-filings/terrestrial-energy-completes-business-combination-and-begins-trading-on-nasdaq-93CH-4328843,SPAC + PIPE,2025-10,company-site|energystartups|nea-smr-dashboard|press|smrintel|vcbacked|wikipedia-smr|wna-smr
the-nuclear-company,The Nuclear Company,TNC,https://www.thenuclearcompany.com,"Washington, DC",US,2023,private,Large LWR,developer,,,,,,,,"undisclosed; aggregator reports ~$51-70M, unverified",https://pitchbook.com/profiles/company/615361-15,Series A,2025,energystartups|press
thor-energy,Thor Energy AS,Thor Energy AS,http://thorenergy.no,Oslo,NO,,private,n/a,fuel,,,,,,,,undisclosed; grants from Norwegian Research Council and consortium NOK 80M irradiation budget; status current unverified,https://www.powermag.com/thorium-fuel-test-begins-at-research-reactor-in-norway-2/,Grant,,press
thorcon-international,ThorCon International,ThorCon Power|ThorCon Intl Pte Ltd|Fleet Nuclear? (thorconpower.com redirects to fleetnuclear.com; relation unconfirmed),https://thorconpower.com,Singapore,SG,2014,private,MSR,developer,,,,,,,,undisclosed,https://www.petromindo.com/news/article/thorcon-plans-4-gw-of-nuclear-power-by-2035-in-indonesia,,,press
thorium-tech-solution,Thorium Tech Solution Inc.,TTS,https://ttsinc.co.jp,Tokyo,JP,2011,private,MSR,developer,,,,,,,,undisclosed (capital JPY 19.43M; METI subsidies 2019-21 + JAEA commissioned research; no outside equity disclosed),https://ttsinc.co.jp/company/,Grant (METI subsidy),2021,company-site|press|wikipedia-smr
thorizon,Thorizon,Thorizon B.V.,https://thorizon.com,Amsterdam,NL,2020,private,MSR,developer,https://thorizon.com/news,,,,,,45900000,reported total EUR42.5M converted at ~1.08 USD/EUR (equity rounds 2022 + 2025),https://www.world-nuclear-news.org/articles/new-funding-to-advance-thorizon-molten-salt-reactor-development,Series A,2025-03,energystartups|press
transatomic-power,Transatomic Power,,,Cambridge,US,2011,defunct,MSR,developer,,,,,,,,undisclosed (aggregator-only ~$5.5M),,,2018,energystartups
transmutex,Transmutex,Transmutex SA,https://transmutex.com,Geneva,CH,2019,private,other,developer|back_end,,,,,,,,reported ~$43.5M total incl $23M Series A (aggregator; unverified),https://thenextweb.com/news/swiss-startup-nuclear-energy-thorium,Series A $23M,,company-site|energystartups|press|vcbacked
triso-x,TRISO-X,X-energy subsidiary,https://x-energy.com,Oak Ridge,US,,subsidiary,HTGR,fuel,https://x-energy.com/news,,,,,,,"reported; $11M Tennessee grant 2026-07 (not lifetime); parent X-energy IPO Nasdaq:XE 2026-04 (CIK 0002088896, developer segment)",https://www.globenewswire.com/news-release/2026/07/15/3327610/0/en/TRISO-X-Awarded-Tennessee-Grant-to-Support-Expansion-of-Nuclear-Fuel-Campus.html,Grant,2026-07-15,press
u-battery,U-Battery,U-Battery Ltd,,London,GB,,defunct,HTGR|microreactor,developer,,,,,,,,"undisclosed; consortium Urenco/Amec; status defunct per task brief, unverified",,,,press
ubaryon,Ubaryon,isotope separation; overlap with enrichment segment,,Lismore,AU,,private,n/a,isotopes|enrichment,,,,,,,,undisclosed,,,,vcbacked
ulc-energy,ULC-Energy,ULC Energy,,Warsaw,PL,,private,LWR SMR,developer,,,,,,,,undisclosed; not verified in this pass,,,,press
ultra-safe-nuclear,Ultra Safe Nuclear Corporation,USNC,https://www.usnc.com,Seattle,US,2011,defunct,microreactor|HTGR,fuel|developer,,,,,,,,"undisclosed; Chapter 11, fuel assets sold to Standard Nuclear for $28M, MMR/Pylon IP to NANO for $8.5M",https://elevenflo.com/blog/ultra-safe-nuclear-chapter-11-28m-sale,363 sale,2024,company-site|press|smrintel|vcbacked|wikipedia-smr
urenco,Urenco Group,Urenco Ltd,https://www.urenco.com,Marlow,GB,1970,private,n/a,enrichment,https://www.urenco.com/news,,,,,,,"n/a; owned by UK govt, Dutch govt, E.ON, RWE (from memory); bond issuer",https://www.urenco.com,,,press
valar-atomics,Valar Atomics,,https://www.valaratomics.com,El Segundo,US,2023,private,HTGR|microreactor,developer,https://www.valaratomics.com/news,,,,,,,undisclosed lifetime total; Series B $1B equity+debt plus $200M credit facility,https://siliconangle.com/2026/08/03/raising-1b-funding-valar-atomics-plans-mass-produce-small-nuclear-reactors-ai-industry/,Series B ($1B; Sequoia lead),2026-08-03,company-site|energystartups|press|smrintel|vcbacked
videberg-kraft,Videberg Kraft AB,Vattenfall SMR vehicle,https://group.vattenfall.com,Stockholm,SE,,subsidiary,LWR SMR,developer,https://group.vattenfall.com/press-and-media/newsroom,,,,,,,"undisclosed; Vattenfall sub, Industrikraft to take 20% (reported); applied for Swedish state aid Dec 2025",https://government.se/press-releases/2025/12/videberg-kraft-ab-applies-for-state-aid-to-build-nuclear-power/,State aid application,2025-12,press
walchandnagar-industries,Walchandnagar Industries,"NSE:WALCHANNAG|ticker from memory, unverified",,Pune,IN,,public(NSE:WALCHANNAG),n/a,components,,,,,,,,n/a (listed; no discrete raise captured),,,,press
waste-control-specialists,Waste Control Specialists,J.F. Lehman & Co owned,https://www.wcstexas.com,Andrews,US,1995,subsidiary,n/a,back_end,,,,,,,,undisclosed,,,,company-site
westinghouse-electric,Westinghouse Electric Company LLC,eVinci|AP300|AP1000|Brookfield-Cameco,https://www.westinghousenuclear.com,Cranberry Township,US,1886,private,Large LWR|LWR SMR|microreactor|heat pipe,developer,https://info.westinghousenuclear.com/news,,,,,,,,,,,company-site|iaea-aris|nea-smr-dashboard|smrintel|wikipedia-smr|wna-smr
woojin,Woojin,"KRX:105840|ticker from memory, unverified",,Seoul,KR,,public(KRX:105840),n/a,components,,,,,,,,n/a (listed; no discrete raise captured),,,,press
x-energy,X-energy,NASDAQ:XE|X-Energy Inc.,https://x-energy.com,Rockville,US,2009,public(NASDAQ:XE),HTGR,developer,https://x-energy.com/news,2088896,,,,,,,https://techcrunch.com/2026/04/24/nuclear-startup-x-energy-raises-1b-in-data-center-driven-ipo/,"IPO ($1B, $23/share)",2026-04-24,company-site|energystartups|iaea-aris|nea-smr-dashboard|press|smrintel|vcbacked|wikipedia-smr|wna-smr
zeno-power,Zeno Power,radioisotope power systems,https://www.zenopower.com,Washington,US,2018,private,naval/space,isotopes|components,https://www.zenopower.com/news,,,,,,50000000,LOWER-BOUND reported; Series B only ($50M+); ~$130M incl. contracts per press,https://www.forbes.com/sites/zoyahasan/2025/05/23/this-under-30-startup-raised-50-million-to-power-us-in-the-space-race/,Series B,2025-05,company-site|energystartups|press|smrintel|vcbacked
