slug,name,aliases,website,hq_city,hq_country,founded,status,approach,fuel,role,newsroom_url,cik,companies_house,siren,wikidata,lei,lifetime_funding_usd,funding_basis,funding_source_url,last_round_label,last_round_date,listed_in
absolut-system,Absolut System,,,,FR,,active,other:enabling-tech,unknown,enabling,,,,,,,,,,,,fusion_energy_base
acceleron-fusion,Acceleron Fusion,"NK Labs; Acceleron Fusion, Inc.",,,US,,active,other:muon-catalyzed fusion,D-T,developer,,0002038116,,,,,24000000,reported,,Series A,2024-12-03,fia_members;fia_report;wikipedia;fusion_energy_base
advanced-conductor-technologies,Advanced Conductor Technologies LLC,ACT;Advanced Conductor Technologies,https://www.advancedconductor.com,Boulder,US,,active,HTS-cable (CORC),n/a,enabling,,,,,,,,,,ARPA-E grant,2021-03,fusion_energy_base;company_site
agni-fusion-energy,AGNI Energy Inc.,Agni Fusion Energy;AGNI Energy;AGNI,https://agnifusion.org/,Olympia,US,2017,active,other:magnetic confinement plus beam-to-target inertial fusion,unknown,developer,,,,,,,,,,,,fusion_energy_base;company_site
american-fusion,"American Fusion, Inc.","Renewal Fuels, Inc.;Kepler Fusion Technologies;RNWF",https://americanfusionenergy.com/,Southlake,US,,public,other:Texatron aneutronic fusion (unspecified),unknown,developer,https://www.globenewswire.com/search/organization/Renewal%20Fuels%20Inc,0000096664,,,,,,,,Reverse merger (Kepler Fusion into Renewal Fuels),2026-03-02,wikipedia;company_site
anubal-fusion,Anubal Fusion,,,Hyderabad,IN,2024,active,laser-ICF,p-B11,developer,,,,,,,,,,,,fia_members;fia_report;wikipedia;fusion_energy_base
aspl-fusion,ASPL Fusion,Agnira Sanlayan Pvt Ltd,,Gandhinagar,IN,2025,active,other:accelerator-driven / tandem mirror,unknown,developer,,,,,,,,,,,,fia_report;wikipedia
astral-systems,Astral Systems,,,Bristol,GB,2021,active,other:unspecified,unknown,developer,,,,,,,,,,,,fia_report;fusion_energy_base
avalanche-energy,Avalanche Energy,"Avalanche Energy Designs, Inc.",https://avalanche.energy,Tukwila,US,,active,other:electrostatic confinement (Orbitron),D-T,developer,,0001867964,,,,,,,,Venture round,2026-02-03,fia_members;fia_report;wikipedia;fusion_energy_base;company_site
blue-laser-fusion,Blue Laser Fusion,"Blue Laser Fusion, Inc.; Unite Acquisition 2 Corp.; Blue Laser Fusion Acquisition Co.",https://www.bluelaserfusion.com,Goleta,US,,active,laser-ICF,p-B11,developer,,0001938570,,,,,62852415,disclosed,https://www.sec.gov/Archives/edgar/data/1938570/000119312526385826/d162976d8k.htm,Reverse merger + PIPE,2026-09-04,fia_members;fia_report;wikipedia;fusion_energy_base;company_site
bridge12-technologies,"Bridge12 Technologies, Inc.",Bridge 12 Technologies,https://www.bridge12.com,Natick,US,2009,active,gyrotron,n/a,enabling,,,,,,,,,,,,fusion_energy_base;company_site
cambridge-heavy-industries,Cambridge Heavy Industries,Cambridge Heavy,https://cambridgeheavy.xyz/,,US,,active,laser-ICF,unknown,developer,,,,,,,,,,Accelerator (The Engine),,fusion_energy_base;company_site
canyon-magnet-energy,Canyon Magnet Energy,Canyon Magnet Energy Inc,,East Setauket,US,,active,HTS-magnets,n/a,enabling,,,,,,,,,,DOE SBIR Phase I,2025-02,fusion_energy_base
china-fusion-energy-co,China Fusion Energy Co.,中国聚变能源有限公司,,Shanghai,CN,2025,active,tokamak,D-T,developer,,,,,,,,,,,,wikipedia;fusion_energy_base
commonwealth-fusion-systems,Commonwealth Fusion Systems,CFS; Commonwealth Fusion Systems LLC,https://cfs.energy,Devens,US,2018,active,tokamak,D-T,developer,https://cfs.energy/news-and-media,0001744079,,,Q55316454,,4000000000,disclosed,https://cfs.energy/news-and-media,"Strategic equity (Hyundai), amount undisclosed",2026-09-10,fia_members;fia_report;wikipedia;fusion_energy_base;fusion_report;techcrunch;company_site
cortex-fusion-systems,"Cortex Fusion Systems, Inc.",Cortex Fusion Systems;Cortex Fusion,https://cortexfusion.systems/,New York,US,2021,active,other:ultrafast-laser coherent control (hybrid fusion-fission),unknown,developer,,0001909264,,,,,2599998,disclosed,https://www.sec.gov/Archives/edgar/data/1909264/000190926424000001/0001909264-24-000001-index.htm,Seed (Reg D),2024-06-18,wikipedia;company_site
crossfield-fusion,Crossfield Fusion,,,London,GB,2019,active,other:closed-orbit velocity-resonant,unknown,developer,,,,,,,,,,,,fia_report;wikipedia;fusion_energy_base
ctfusion,CTFusion,CTFusion Inc,,,US,2015,active,other:spheromak with imposed-dynamo current drive,D-T,developer,,,,,,,,,,,,wikipedia;fusion_energy_base
daedal-systems,Daedal Systems,,,Toronto,CA,,active,other:enabling-tech,unknown,enabling,,,,,,,,,,,,fusion_energy_base
dante-fusion,Dante Fusion,,,Lyngby,DK,2025,active,spherical-tokamak,D-T,developer,,,,,,,,,,,,wikipedia
deutelio,Deutelio AG,,,Grono,CH,2022,active,levitated-dipole,D-D,developer,,,,,,,,,,,,fia_report;wikipedia;fusion_energy_base
eastern-superconducting-technology,Eastern Superconducting Technology,Suzhou Eastern Superconducting;东部超导,,Suzhou,CN,,active,HTS-tape,unknown,enabling,,,,,,,,,,,,fusion_energy_base
electric-fusion-systems,"Electric Fusion Systems, Inc.",EFS,https://electricfusionsystems.com/,,US,,defunct,"other:light-element electric fusion (Li-p, electric arc)",other,developer,,,,,,,,,,,,wikipedia;fusion_energy_base;company_site
enablefusion,EnableFusion,,,Seoul,KR,,active,other:software,unknown,enabling,,,,,,,,,,,,fia_members;fusion_energy_base
energy-matter-conversion-corporation,Energy/Matter Conversion Corporation (EMC2),EMC2;EMC2 Fusion Development Corp;Energy Matter Conversion Corporation,,Santa Fe,US,,active,other:polywell IEC (magnetic cusp),p-B11,developer,,,,,,,12000000,reported,https://www.nbcnews.com/science/science-news/low-cost-fusion-project-steps-out-shadows-looks-money-n130661,US Navy contract (government),2014,fia_report;wikipedia;fusion_energy_base
energy-singularity,Energy Singularity,Nengliang Qidian;能量奇点,https://www.energysingularity.cn/en,Shanghai,CN,2021,active,tokamak,D-T,developer,https://www.energysingularity.cn/en/news,,,,,,,,,,,fia_report;wikipedia;fusion_energy_base;company_site
enn-energy-research-institute,ENN Energy Research Institute,ENN Fusion;ENN Group fusion unit;新奥,https://www.enn.cn/,Langfang,CN,2018,active,spherical-tokamak,p-B11,developer,,,,,,,,,,,,fia_report;wikipedia;fusion_energy_base;company_site
eos-atomics,Eos Atomics,"AeroFuse;AeroFuse, Inc.",https://www.eosatomics.com/,San Francisco,US,,active,other:neutral beam injection (enabling),unknown,enabling,https://www.prnewswire.com/news/eos-atomics/,,,,,,,,,,,fusion_energy_base;company_site
ex-fusion,EX-Fusion,,https://ex-fusion.com/,Kyoto,JP,2021,active,laser-ICF,D-T,developer,,,,,,,,,,Series A extension,2025-10,fia_members;fia_report;wikipedia;fusion_energy_base;company_site
exofusion,ExoFusion,,,Bellevue,US,,active,other:enabling-tech,n/a,enabling,,,,,,,,,,,,fusion_energy_base
faraday-factory-japan,Faraday Factory Japan,,,Tokyo,JP,,active,HTS-tape,unknown,enabling,,,,,,,,,,,,fusion_energy_base
firefly-fusion,Firefly Fusion,,,Aix-en-Provence,FR,2024,active,tokamak,D-T,developer,,,,,,,,,,,,fia_members;fia_report;wikipedia;fusion_energy_base
first-light-fusion,First Light Fusion,First Light Fusion Ltd,https://firstlightfusion.com,Kidlington,GB,2011,active,other:projectile-driven inertial fusion; amplifier tech,D-T,developer,,,,,,,,,,,,fia_members;fia_report;wikipedia;fusion_energy_base;techcrunch;company_site
focused-energy,Focused Energy,Focused Energy GmbH,https://www.focused-energy.co,Darmstadt,DE,2021,active,laser-ICF,D-T,developer,https://www.focused-energy.co/news-release,,,,,,500000000,reported,https://techcrunch.com/2026/06/02/focused-energy-raises-whopping-240m-series-a-for-laser-powered-fusion-tech/,Series A,2026-05-27,fia_members;fia_report;wikipedia;fusion_energy_base;fusion_report;techcrunch;company_site
fuse-energy-technologies,Fuse Energy Technologies,Fuse; Fuse Energy Technologies Corporation; Fuse Corporation,https://www.f.energy,Albuquerque,US,,active,pulsed-power-zpinch,D-T,developer,https://www.f.energy/library,,,,Q134286385,,,,,,,fia_members;fia_report;wikipedia;fusion_energy_base;company_site
fusion-fuel-cycles,Fusion Fuel Cycles,Fusion Fuel Cycles Inc.; FFC,https://www.fusionfuelcycles.com,,CA,,active,other:tritium fuel-cycle,D-T,enabling,,,,,,,,,,,,fusion_energy_base;company_site
fusion-power-corporation,Fusion Power Corporation,FPC,https://www.fusionpowercorporation.com/,,US,,defunct,other:heavy-ion fusion (RF accelerator driver),unknown,developer,,,,,,,,,,,,wikipedia;company_site
fusionality,Fusionality,,,Lausanne,CH,,active,other:enabling-tech,unknown,enabling,,,,,,,,,,,,fusion_energy_base
gauss-fusion,Gauss Fusion GmbH,Gauss Fusion,https://www.gauss-fusion.com,Garching,DE,2022,active,tokamak,D-T,developer,,,,,,,,,https://www.bruker.com/en/news-and-events/news/2023/european-gauss-fusion-initiative-seeks-to-use-magnetic-fusion.html,Grant,2024-04,fia_members;fia_report;wikipedia;fusion_energy_base;company_site
general-fusion,General Fusion,General Fusion Inc.; General Fusion Group Ltd.; Spring Valley Acquisition Corp. III,https://generalfusion.com,Richmond,CA,2002,public,magnetized-target,D-T,developer,https://generalfusion.com/news/,0002074850,,,Q5531916,,442000000,reported,https://techcrunch.com/2026/08/15/every-fusion-startup-that-has-raised-over-100m/,IPO/SPAC,2026-07-10,fia_members;fia_report;wikipedia;fusion_energy_base;fusion_report;techcrunch;company_site
genf-systems,GenF Systems,GenF,https://genf-systems.com,Bordeaux,FR,2025,active,laser-ICF,D-T,developer,https://genf-systems.com,,,,,,19400000,disclosed,https://genf-systems.com/investing-in-the-energy-of-tomorrow/,Grant/corporate funding,2025-03,fia_members;fia_report;fusion_energy_base;company_site
hb11-energy,HB11 Energy,HB11 Energy Holdings,https://hb11.energy,Sydney,AU,,active,laser-ICF,p-B11,developer,,,,,,,,,,,,wikipedia;fusion_energy_base;company_site
helical-fusion,Helical Fusion,,https://global.helicalfusion.com/,Tokyo,JP,2021,active,stellarator,D-T,developer,https://global.helicalfusion.com/news/,,,,,,,,,,,fia_members;fia_report;wikipedia;fusion_energy_base;company_site
helicity-space,Helicity Space,Helicity Space Corp.,https://www.helicityspace.com,,US,,active,other:fusion propulsion (helicity-injected),D-D,developer,https://www.helicityspace.com/news,,,,,,5000000,reported,,Seed,2023-12-11,fia_members;fia_report;wikipedia;fusion_energy_base;company_site
helion-energy,Helion Energy,"Helion Energy, Inc.",https://www.helionenergy.com,Everett,US,2013,active,FRC,D-He3,developer,https://www.helionenergy.com/articles/,0001615940,,,Q18125525,,3200000000,reported,https://techcrunch.com/2026/08/15/every-fusion-startup-that-has-raised-over-100m/,Series G,2026-06,fia_members;fia_report;wikipedia;fusion_energy_base;fusion_report;techcrunch;company_site
hexium,Hexium,Hexium Inc.,https://www.hexium.com,,US,,active,other:laser atomic vapor isotope separation (lithium-6),D-T,enabling,,0002030196,,,,,12000000,reported,,Seed/Venture,2025-04-15,fusion_energy_base;company_site
hhmax-energy,HHMAX-Energy,,,,CN,,active,other:unspecified,unknown,developer,,,,,,,,,,,,fusion_energy_base
high-e-photonics,high-E Photonics,,,Canberra,AU,,active,other:enabling-tech,unknown,enabling,,,,,,,,,,,,fusion_energy_base
high-temperature-superconductors-inc,"High Temperature Superconductors, Inc.",HTSI;HIT Superconductors;High Temperature Superconductors Inc,https://www.hitsuperconductors.com,Santa Barbara,US,2019,active,HTS-tape,n/a,enabling,,,,,,,,,https://www.hitsuperconductors.com/arpa-e-doe-funding-hts-tape/,ARPA-E award,2023-10,fusion_energy_base;company_site
horne-technologies,Horne Technologies,"Horne Technologies, Inc.",https://www.hornetechnologies.com,Longmont,US,2019,active,other:hybrid IEC electrostatic + magnetic confinement,D-D,developer,,0001916162,,,,,,,,Form D offering,2026-08-25,fia_members;fia_report;wikipedia;fusion_energy_base;company_site
hylenr,Hylenr,,,,IN,,active,other:lattice confinement,unknown,developer,,,,,,,,,,,,wikipedia
hyperjet-fusion,HyperJet Fusion Corporation,Hyper Jet Fusion Corporation;HyperJet Fusion Corp,,,,,active,magnetized-target,D-T,developer,,,,,,,,,,ARPA-E award (BETHE),2020-03,wikipedia;fusion_energy_base
inertia-enterprises,Inertia Enterprises,Inertia,https://www.inertia.com,Livermore,US,,active,laser-ICF,D-T,developer,https://www.inertia.com/news,,,,,,450000000,reported,https://techcrunch.com/2026/08/15/every-fusion-startup-that-has-raised-over-100m/,Series A,2026-02-11,fia_members;fia_report;wikipedia;fusion_energy_base;fusion_report;techcrunch;company_site
infroton-fusion,Infroton Fusion Inc.,Infroton,https://infrotonfusion.com/,Darien,US,2024,active,other:laser-driven whispering-gallery-mode magneto-inertial fusion,D-D,developer,,,,,,,,,,,,fia_report;company_site
jupiter-volta,Jupiter Volta,,https://www.jupitervolta.com,Berkeley,US,,active,other:RF plasma control with regenerative pulse drive (Plasma Forge),unknown,developer,,,,,,,,,,,,fusion_energy_base;company_site
kft-kernfusionstechnologie-konzepte,KFT Kernfusionstechnologie Konzepte GmbH,,,Garching bei Muenchen,DE,,active,other:unspecified,unknown,developer,,,,,,,,,,,,fusion_energy_base
kyoto-fusioneering,Kyoto Fusioneering,KF,https://kyotofusioneering.com/en/,Tokyo,JP,2019,active,"other:fusion plant enabling systems (blankets, gyrotrons, fuel cycle)",D-T,enabling,https://kyotofusioneering.com/en/news/,,,,,,264000000,disclosed,https://kyotofusioneering.com/en/news/2026/08/24/4350,Series D,2026-08-24,fia_members;fia_report;wikipedia;fusion_energy_base;techcrunch;company_site
laserfusionx,LaserFusionX,LaserFusionX Inc,https://laserfusionx.net/,,US,,active,laser-ICF,D-T,developer,,,,,,,,,,Investment (AE Blue Capital),,fia_members;fia_report;wikipedia;fusion_energy_base;company_site
liberty-fusion,Liberty Fusion,,https://www.libertyfusion.com,Santa Fe,US,,active,magnetized-target,unknown,developer,,,,,,,,,,,,fia_members;fia_report;fusion_energy_base;company_site
linea-innovations,LINEA Innovations,株式会社LINEAイノベーション,https://www.linea-innovations.com/,Tokyo,JP,2025,active,FRC,p-B11,developer,,,,,,,,,,,,fusion_energy_base;company_site
longview-fusion-energy-systems,Longview Fusion Energy Systems,Longview Fusion,https://longviewfusion.com,Livermore,US,,active,laser-ICF,D-T,developer,,,,,,,,,,,,fia_members;fia_report;wikipedia;fusion_energy_base;company_site
lpp-fusion,LPP Fusion,Lawrenceville Plasma Physics Inc;LPPFusion,https://www.lppfusion.com,Middlesex,US,2003,active,other:dense-plasma-focus,p-B11,developer,https://www.lppfusion.com/news/,0001453982,,,,,9000000,disclosed,https://www.lppfusion.com/investing-in-lppfusion/,Wefunder equity crowdfunding,,fia_members;fia_report;wikipedia;fusion_energy_base;company_site
magneto-inertial-fusion-technologies,"Magneto-Inertial Fusion Technologies, Inc. (MIFTI)",MIFTI;Magneto-Inertial Fusion Technologies Inc,https://www.miftec.com,Tustin,US,2008,active,pulsed-power-zpinch,D-T,developer,,,,,,,12000000,reported,https://www.ocbj.com/technology/tustins-mifti-seeks-fusion-energy-lead/,,,fia_members;fia_report;wikipedia;fusion_energy_base;company_site
marathon-fusion,Marathon Fusion,"Marathon Fusion, Inc.",https://www.marathonfusion.com,,US,,active,"other:fuel-cycle (tritium isotope separation, plasma-based)",D-T,enabling,,0002010694,,,Q138685341,,,,,,,fusion_energy_base;company_site
maritime-fusion,Maritime Fusion,,https://www.maritimefusion.com,San Francisco,US,,active,tokamak,D-T,developer,,,,,,,4500000,reported,,Seed,2025-11-24,fia_members;fia_report;fusion_energy_base;company_site
marvel-fusion,Marvel Fusion,Marvel Fusion GmbH,https://www.marvelfusion.com,Munich,DE,2019,active,laser-ICF,p-B11,developer,https://www.marvelfusion.com/newsroom,,,,,,416000000,disclosed,https://marvelfusion.com/series-b/,Series B extension (EUR 50M; round total EUR 113M),2025-03-27,fia_members;fia_report;wikipedia;fusion_energy_base;fusion_report;techcrunch;company_site
metox,"MetOx International, Inc.","MetOx Technologies, Inc.;MetOx Technologies;MetOx",https://www.metoxtech.com,Houston,US,,active,HTS-tape,n/a,enabling,https://www.metoxtech.com/metox-livewire,0001997543,,,,,,,,Series B extension,2024-11-19,fusion_energy_base;company_site
miresso,MiRESSO,,,Misawa,JP,,active,HTS-tape,unknown,enabling,,,,,,,,,,,,fusion_energy_base
molten-salt-solutions,Molten Salt Solutions,,,Santa Fe,US,,active,other:enabling-tech,n/a,enabling,,,,,,,,,,,,fusion_energy_base
nearstar-fusion,NearStar Fusion,NearStar Fusion Inc,https://www.nearstarfusion.com,Chantilly,US,2021,active,magnetized-target,D-D,developer,https://www.nearstarfusion.com/news,,,,,,,,,"Venture round (Virginia Venture Partners, Ecosphere Ventures, Malcolm Handley)",2025-02,fia_members;fia_report;wikipedia;fusion_energy_base;company_site
neo-fusion,Neo Fusion,聚变新能(合肥),,Hefei,CN,2025,active,tokamak,D-T,developer,,,,,,,,,,,,fusion_energy_base
next-step-fusion,Next Step Fusion,,,,LU,,active,other:enabling-tech,unknown,enabling,,,,,,,,,,,,fusion_energy_base
norront-fusion-energy,Norront Fusion Energy,Norront Fusion; Norrønt Fusion Energy,,,NO,2018,active,other:muon-catalyzed,D-T,developer,,,,,,,,,,,,wikipedia
novafusionx,NovaFusionX,NovaFusion Energy Technology,,Shanghai,CN,2025,active,FRC,D-T,developer,,,,,,,,,,,,wikipedia;fusion_energy_base
novatron-fusion-group,Novatron Fusion Group,Novatron Fusion Group AB,https://www.novatronfusion.com,Stockholm,SE,2019,active,mirror,D-T,developer,https://www.novatronfusion.com/news,,,,,,,,,,,fia_members;fia_report;wikipedia;fusion_energy_base;company_site
nt-tao,NT-Tao,,,Hod HaSharon,IL,2019,active,other:compact magnetic confinement,D-T,developer,,,,,,,,,,,,fia_members;fia_report;wikipedia;fusion_energy_base
openstar-technologies,OpenStar Technologies,,https://www.openstar.tech,,NZ,,active,levitated-dipole,D-D,developer,https://www.openstar.tech/news,,,,,,,,,,,fia_members;fia_report;wikipedia;fusion_energy_base;company_site
oxford-sigma,Oxford Sigma,,,,GB,,active,other:enabling-tech,unknown,enabling,,,,,,,,,,,,fusion_energy_base
pacific-fusion,Pacific Fusion,Pacific Fusion Corp.,https://www.pacificfusion.com,Fremont,US,2023,active,pulsed-power-zpinch,D-T,developer,,,,,,,900000000,reported,https://en.wikipedia.org/wiki/Pacific_Fusion,Series A,2024-10,fia_members;fia_report;wikipedia;fusion_energy_base;techcrunch;company_site
pranos-fusion,Pranos Fusion,,http://pranosfusion.energy/,Bengaluru,IN,2024,active,spherical-tokamak,D-T,developer,,,,,,,,,,,,fia_members;fia_report;wikipedia;fusion_energy_base;company_site
princeton-fusion-systems,Princeton Fusion Systems,PFS;Princeton Satellite Systems (parent),https://www.princetonfusionsystems.com,Plainsboro,US,,active,FRC,D-He3,developer,,,,,,,,,,,,fia_report;wikipedia;fusion_energy_base;company_site
proton-scientific-technologies,"Proton Scientific Technologies, Inc.",Proton Scientific,https://protonscientific.com,Oak Ridge,US,2012,defunct,other:pulsed-power electron-beam driven fusion,unknown,developer,,,,,,,,,,DOE INFUSE award,2019-10,fusion_energy_base;company_site
proxima-fusion,Proxima Fusion,Proxima Fusion GmbH,https://www.proximafusion.com,Munich,DE,2023,active,stellarator,D-T,developer,https://www.proximafusion.com/press-news,,,,,,740000000,disclosed,https://www.businesswire.com/news/home/20260707899566/en/Proxima-Fusion-Raises-%E2%82%AC411-Million-at-a-%E2%82%AC2.4B-Valuation-to-Build-Europes-Commercial-Fusion-Champion,"Financing round (EUR 411M, EUR 2.4B valuation)",2026-07-07,fia_members;fia_report;wikipedia;fusion_energy_base;fusion_report;techcrunch;company_site
pulsar-fusion,Pulsar Fusion,,https://www.pulsarfusion.com,Bletchley,GB,2011,active,other:fusion propulsion (Direct Fusion Drive),unknown,developer,,,,,,,,,,,,fia_report;fusion_energy_base;company_site
realta-fusion,Realta Fusion,Realta Fusion Inc.,https://realtafusion.com,Madison,US,,active,mirror,D-T,developer,,0001978452,,,Q130286917,,,,,Series A,2025-05-13,fia_members;fia_report;wikipedia;fusion_energy_base;company_site
renaissance-fusion,Renaissance Fusion,,https://renaissancefusion.com,Grenoble,FR,2020,active,stellarator,D-T,developer,,,,,,,62000000,reported,https://www.lejournaldesentreprises.com/article/renaissance-fusion-leve-32-millions-deuros-2114998,Series A1,2025-03,fia_members;fia_report;wikipedia;fusion_energy_base;company_site
shanghai-creative-superconductor,Shanghai Creative Superconductor Technologies,,,Shanghai,CN,,active,HTS-tape,unknown,enabling,,,,,,,,,,,,fusion_energy_base
shanghai-superconductor-technology,Shanghai Superconductor Technology,上海超导,https://www.shsctec.com/,Shanghai,CN,,active,HTS-tape,unknown,enabling,,,,,,,,,,,,fusion_energy_base;company_site
shine-technologies,SHINE Technologies,"SHINE Medical Technologies; SHINE Technologies, LLC",https://www.shinefusion.com,Janesville,US,2010,active,other:accelerator-driven fusion (neutron source),D-T,developer,,,,,,,1000000000,reported,https://techcrunch.com/2026/08/15/every-fusion-startup-that-has-raised-over-100m/,Equity round,2026-02-26,fia_members;fia_report;wikipedia;fusion_energy_base;fusion_report;techcrunch;company_site
starlight-engine,Starlight Engine,,,Tokyo,JP,,active,tokamak,D-T,developer,,,,,,,,,,,,fia_members;fia_report;fusion_energy_base
startorus-fusion,Startorus Fusion,Xingneng Xuanguang;星能玄光,https://www.startorus.com/,Xi'an,CN,2021,active,spherical-tokamak,D-T,developer,https://www.startorus.com/news,,,,,,,,,Financing round (880M CNY),2026-08-08,fia_report;wikipedia;fusion_energy_base;company_site
stellarex,Stellarex,Stellarex Energy,https://stellarex.energy,Ottawa,CA,,active,stellarator,D-T,developer,https://stellarex.energy/news/,,,,,,,,,,,fia_members;fia_report;wikipedia;fusion_energy_base;company_site
sunam,SuNAM,"SuNAM Co., Ltd.",,,KR,,active,HTS-tape,unknown,enabling,,,,,,,,,,,,fusion_energy_base
sunup-fusion,SunUp Fusion,,,Shanghai,CN,,active,other:unspecified,unknown,developer,,,,,,,,,,,,fusion_energy_base
superox,SuperOx,SuperOx Japan,,Moscow,RU,,active,HTS-tape,unknown,enabling,,,,,,,,,,,,fusion_energy_base
tae-technologies,TAE Technologies,"TAE Technologies, Inc.; Tri Alpha Energy",https://tae.com,Foothill Ranch,US,1998,active,FRC,p-B11,developer,https://tae.com/news/,,,,Q17117397,,1650000000,reported,https://techcrunch.com/2026/08/15/every-fusion-startup-that-has-raised-over-100m/,Strategic (TMTG cash at merger signing),2025-12,fia_members;fia_report;wikipedia;fusion_energy_base;fusion_report;techcrunch;company_site
terra-fusion-energy,Terra Fusion Energy Corporation,Terra Fusion Energy Corp;Terra Fusion,,College Park,US,2023,active,mirror,D-T,developer,,,,,,,,,,Seed,2026-05,fia_members;fia_report;wikipedia;fusion_energy_base
thea-energy,Thea Energy,"Princeton Stellarators; Princeton Stellarators, Inc.; PSI",https://thea.energy,Kearny,US,2022,active,stellarator,D-T,developer,,,,,Q123951903,,130000000,reported,https://techcrunch.com/2026/05/27/with-a-new-100m-raise-princetons-thea-energy-is-now-a-top-funded-fusion-startup/,Series B extension,2026-08-18,fia_members;fia_report;wikipedia;fusion_energy_base;fusion_report;techcrunch;company_site
theva,THEVA Dunnschichttechnik GmbH,THEVA,,,DE,,active,HTS-tape,unknown,enabling,,,,,,,,,,,,fusion_energy_base
tibbar-plasma-technologies,"Tibbar Plasma Technologies, Inc.",TPTI;Tibbar Plasma Technologies,https://www.tibbartech.com,Los Alamos,US,,active,other:colliding oscillating plasma rings (harmonic well),p-B11,developer,,,,,,,1220492,disclosed,https://www.sbir.gov/portfolio/1156813,NSF SBIR Phase II,2021-12,fia_members;fia_report;wikipedia;company_site
tokamak-energy,Tokamak Energy,Tokamak Energy Ltd; TE Magnetics (subsidiary/division),https://tokamakenergy.com,Oxford,GB,2009,active,spherical-tokamak,D-T,developer,,,,,,,335000000,reported,https://en.wikipedia.org/wiki/Tokamak_Energy,Series C,2024-11,fia_members;fia_report;wikipedia;fusion_energy_base;techcrunch;company_site
type-one-energy,Type One Energy,Type One Energy Group,https://typeoneenergy.com,Knoxville,US,,active,stellarator,D-T,developer,,,,,Q138460676,,174500000,reported,https://techcrunch.com/2026/08/15/every-fusion-startup-that-has-raised-over-100m/,Series B (first close),2026-01,fia_members;fia_report;wikipedia;fusion_energy_base;techcrunch;company_site
ultrafast-innovations,UltraFast Innovations GmbH,,,,DE,,active,other:enabling-tech,unknown,enabling,,,,,,,,,,,,
xcimer-energy,Xcimer Energy,"Xcimer Energy, Inc.",https://www.xcimer.com,Denver,US,2022,active,laser-ICF,D-T,developer,,0001916136,,,,,101000000,reported,https://techcrunch.com/2026/08/15/every-fusion-startup-that-has-raised-over-100m/,"Strategic investment (RTX), amount undisclosed",2026-09-10,fia_members;fia_report;wikipedia;fusion_energy_base;techcrunch;company_site
xeonova,Xeonova,,,Hefei,CN,,active,other:unspecified,unknown,developer,,,,,,,,,,,,fusion_energy_base
yan-fusion,YAN Fusion Technology,,,Shanghai,CN,2025,active,other:unspecified,unknown,developer,,,,,,,,,,,,fia_report;fusion_energy_base
zap-energy,Zap Energy,"Zap Energy, Inc.",https://www.zapenergy.com,Everett,US,2017,active,sheared-flow-zpinch,D-T,developer,,0001714402,,,Q112228527,,325000000,reported,https://techcrunch.com/2026/08/15/every-fusion-startup-that-has-raised-over-100m/,Series D,2024-10,fia_members;fia_report;wikipedia;fusion_energy_base;techcrunch;company_site
zhongke-qingneng,Zhongke Qingneng,,,Zhengzhou,CN,,active,other:unspecified,unknown,enabling,,,,,,,,,,,,fusion_energy_base
