siren,company,dateparution,notice_id,family,detail
882949506,NAAREA,2026-01-27,A202600176140,Procédures collectives,Jugement arrêtant un plan de cession 2026-01-15
882949506,NAAREA,2026-01-27,A202600176135,Procédures collectives,Jugement de conversion en liquidation judiciaire 2026-01-15
882949506,NAAREA,2025-09-12,A202501753378,Procédures collectives,Jugement d'ouverture d'une procédure de redressement judiciaire 2025-09-03
882949506,NAAREA,2024-08-20,B202401601835,Modifications diverses,Modification survenue sur le capital.
882949506,NAAREA,2024-07-21,B202401402694,Modifications diverses,Modification survenue sur le capital.
882949506,NAAREA,2024-02-20,B202400352766,Modifications diverses,Modification survenue sur le capital.
882949506,NAAREA,2023-10-24,B202302053203,Modifications diverses,Modification survenue sur le capital.
882949506,NAAREA,2023-06-27,B202301222470,Modifications diverses,"Modification survenue sur l'administration, le capital."
882949506,NAAREA,2023-02-05,B202300254207,Modifications diverses,Modification survenue sur le capital.
882949506,NAAREA,2022-11-25,B202202292022,Modifications diverses,Modification survenue sur le capital.
882949506,NAAREA,2022-09-07,B202201732161,Modifications diverses,Modification survenue sur le capital.
882949506,NAAREA,2022-06-07,B202201102917,Modifications diverses,Modification survenue sur le capital.
882949506,NAAREA,2022-03-02,B202200432588,Modifications diverses,"Modification survenue sur l'activité, le capital."
952843282,STELLARIA DESIGN,2025-09-02,B202501671719,Modifications diverses,Modification du capital.
952843282,STELLARIA DESIGN,2023-12-17,B202302431360,Modifications diverses,Modification du capital.
912522240,NEWCLEO OPERATIONS,2024-02-01,B202400223732,Modifications diverses,Modification du capital.
912522240,NEWCLEO OPERATIONS,2022-09-22,B202201844104,Modifications diverses,Modification du capital.
929009140,NEWCLEO,2024-12-26,B202402491234,Modifications diverses,modification survenue sur la dénomination et le capital (augmentation)
929009140,NEWCLEO,2024-11-12,B202402192502,Modifications diverses,modification survenue sur le capital (augmentation)
