company,country,PIC(organisationID),vat,sme,projectID,acronym,role,ecContribution_EUR,totalCost_project_EUR,start,end,topic,fundingScheme
THORIZON HOLDING BV,NL,889511632,NL858593154B01,true,101061142,MIMOSA,participant,113653.75,6893445,2022-06-01,2026-05-31,HORIZON-EURATOM-2021-NRT-01-03,EURATOM-RIA
NEXTHORIZON,FR,898877079,FR32848537221,true,101157663,REFEST,participant,238525,"5064937,5",2024-05-01,2027-04-30,HORIZON-MISS-2023-OCEAN-01-05,HORIZON-IA
NAAREA,FR,880866216,FR78882949506,true,101165896,ENDURANCE,associatedPartner,,"5166285,02",2024-10-01,2028-09-30,HORIZON-EURATOM-2023-NRT-01-03,EURATOM-RIA
THORIZON HOLDING BV,NL,889511632,NL858593154B01,true,101165896,ENDURANCE,associatedPartner,,"5166285,02",2024-10-01,2028-09-30,HORIZON-EURATOM-2023-NRT-01-03,EURATOM-RIA
STELLARIA DESIGN,FR,880177516,FR95952843282,true,101165896,ENDURANCE,associatedPartner,,"5166285,02",2024-10-01,2028-09-30,HORIZON-EURATOM-2023-NRT-01-03,EURATOM-RIA
NEWCLEO SPA,IT,880414390,IT12517780016,false,101165375,CONNECT-NM,thirdParty,157712.5,"36363813,36",2024-10-01,2029-09-30,HORIZON-EURATOM-2023-NRT-01-04,EURATOM-COFUND
NEWCLEO SPA,IT,880414390,IT12517780016,false,101166337,LESTO,participant,99975,"4734755,5",2024-11-01,2028-10-31,HORIZON-EURATOM-2023-NRT-01-03,EURATOM-RIA
NOVATRON FUSION GROUP AB,SE,887579101,SE559221221001,true,101186012,TauEB,participant,1499000,2944905,2024-11-01,2027-10-31,HORIZON-EIC-2024-PATHFINDEROPEN-01-01,HORIZON-EIC
MARVEL FUSION GMBH,DE,881811287,DE325385329,true,101189082,CFE-NANO,coordinator,2489221.49,0,2024-10-01,2027-03-31,HORIZON-EIC-2024-ACCELERATOROPEN-01,HORIZON-EIC-ACC
PROXIMA FUSION GMBH,DE,882895650,DE360992138,true,101188580,CSFPP,coordinator,2471437.5,0,2024-08-01,2026-07-31,HORIZON-EIC-2024-ACCELERATOROPEN-01,HORIZON-EIC-ACC
Novatron Fusion Group AB,SE,880863306,SE559221221001,false,101227691,ElectronsMatter,associatedPartner,,0,2026-01-01,2029-12-31,HORIZON-MSCA-2024-DN-01-01,HORIZON-TMA-MSCA-DN
COPENHAGEN ATOMICS AS,DK,892985687,DK36719230,true,101248098,Th-MSR,coordinator,2499999,0,2026-01-01,2027-12-31,HORIZON-EIC-2025-ACCELERATOR-02-OPEN-01,HORIZON-EIC-ACC
Focused Energy GmbH,DE,873145113,DE344922074,true,101257418,EUROPA,participant,125000,"3717324,99",2026-04-01,2030-03-31,HORIZON-EIC-2025-PATHFINDEROPEN,HORIZON-EIC
Focused Energy GmbH,DE,873145113,DE344922074,true,101290656,4U-PI,participant,252117.5,"10091411,25",2026-09-01,2030-08-31,HORIZON-INFRA-2025-01-TECH-02,HORIZON-RIA
