company,gtr_org_uuid_prefix,funder,rcuk_ref,company_role,fund_gbp,start,end,title
Tokamak Energy,1FF55152,Innovate UK,700050,lead,25000,2011-11-01,2012-03-30,Investigating the market for a small tokamak
Tokamak Energy,1FF55152,Innovate UK,710038,lead,100000,2011-09-30,2012-06-29,A Tokamak Neutron Source for Medical and other Applications
Tokamak Energy,1FF55152,Innovate UK,720161,lead,250000,2012-07-31,2014-03-30,Development of a small tokamak with HTS magnets for sale as a fusion research instrument
Tokamak Energy,1FF55152,Innovate UK,104651,lead,987707,2018-09-30,2021-12-31,High Temperature Superconducting Magnets for Compact Modular Fusion
Tokamak Energy,partner,Innovate UK,10073463,partner (lead DE1B11E5),356515,2023-08-31,2025-02-28,Quantum Optical Neural Networks for Quench Prevention (project total)
Tokamak Energy,partner,Innovate UK,10074354,partner (lead 00E073D4),314434,2023-12-01,2025-11-30,Inside Fusion (project total)
First Light Fusion,8E5110D8,Innovate UK,752762,lead,5000,2015-07-31,2016-01-31,IP 4 First Light
First Light Fusion,partner,EPSRC,EP/X025373/1,partner (lead 4B046188),6141929,2023-06-30,2028-06-29,Inertial Fusion Energy: Optimising High Energy Density Physics (project total)
Moltex Energy,partner,Innovate UK,103908,lead id 9F585C5A (not confirmed as Moltex),66518,2017-11-01,2018-04-29,ICON: Intelligent Control (project total)
Terrestrial Energy,partner,EPSRC,EP/V027239/1,partner (lead 42C112BF),1284484,2021-06-30,2024-09-29,Draft zero-power reactor experiment for MSR (project total)
Astral Systems,partner,STFC,ST/W002221/1,partner (lead 22A6EDA1),790900,2021-12-01,2024-08-29,MicroNOVA compact particle generator (project total)
